district,chiefdom,phu,facility_type,community,population_2023,dp_name,dp_type
Bo District,Badjia Chiefdom,Ngelehun (Badjia) CHC,CHC,Bangiema,85,Ngelehun CHC,Fixed
Bo District,Badjia Chiefdom,Ngelehun (Badjia) CHC,CHC,Bumpewo,200,Ngelehun CHC,Fixed
Bo District,Badjia Chiefdom,Ngelehun (Badjia) CHC,CHC,Damballa,60,Ngelehun CHC,Fixed
Bo District,Badjia Chiefdom,Ngelehun (Badjia) CHC,CHC,Griema,120,Nomiama Court Barray,Outreach
Bo District,Badjia Chiefdom,Ngelehun (Badjia) CHC,CHC,Jawa,195,Ngelehun CHC,Fixed
Bo District,Badjia Chiefdom,Ngelehun (Badjia) CHC,CHC,Jellu 1,80,Kpetema Court Barry,Outreach
Bo District,Badjia Chiefdom,Ngelehun (Badjia) CHC,CHC,Jellu 2,95,Kpetema Court Barry,Outreach
Bo District,Badjia Chiefdom,Ngelehun (Badjia) CHC,CHC,Kebawana,150,Njagbahun MCHP,Outreach
Bo District,Badjia Chiefdom,Ngelehun (Badjia) CHC,CHC,Koindu,115,Nomiama Court Barray,Outreach
Bo District,Badjia Chiefdom,Ngelehun (Badjia) CHC,CHC,Korjehun,165,Nomiama Court Barray,Outreach
Bo District,Badjia Chiefdom,Ngelehun (Badjia) CHC,CHC,Kpetema,465,Kpetema Court Barry,Outreach
Bo District,Badjia Chiefdom,Ngelehun (Badjia) CHC,CHC,Kpuwabu,110,Njagbahun MCHP,Outreach
Bo District,Badjia Chiefdom,Ngelehun (Badjia) CHC,CHC,Madina,110,Nomiama Court Barray,Outreach
Bo District,Badjia Chiefdom,Ngelehun (Badjia) CHC,CHC,Ngalahun,155,Ngelehun CHC,Fixed
Bo District,Badjia Chiefdom,Ngelehun (Badjia) CHC,CHC,Ngelehun Town,1600,Ngelehun CHC,Fixed
Bo District,Badjia Chiefdom,Ngelehun (Badjia) CHC,CHC,Ngiehun,200,Ngelehun CHC,Fixed
Bo District,Badjia Chiefdom,Ngelehun (Badjia) CHC,CHC,Njagbahun,571,Njagbahun MCHP,Outreach
Bo District,Badjia Chiefdom,Ngelehun (Badjia) CHC,CHC,Nomiama,450,Nomiama Court Barray,Outreach
Bo District,Badjia Chiefdom,Ngelehun (Badjia) CHC,CHC,Pelewahun,130,Ngelehun CHC,Fixed
Bo District,Badjia Chiefdom,Ngelehun (Badjia) CHC,CHC,Pendebu,180,Ngelehun CHC,Fixed
Bo District,Badjia Chiefdom,Ngelehun (Badjia) CHC,CHC,Peyeilla,72,Ngelehun CHC,Fixed
Bo District,Badjia Chiefdom,Ngelehun (Badjia) CHC,CHC,Saahn,99,Nomiama Court Barray,Outreach
Bo District,Badjia Chiefdom,Ngelehun (Badjia) CHC,CHC,Sasso,50,Ngelehun CHC,Fixed
Bo District,Badjia Chiefdom,Ngelehun (Badjia) CHC,CHC,Sembehun,145,Nomiama Court Barray,Outreach
Bo District,Badjia Chiefdom,Ngelehun (Badjia) CHC,CHC,Solima,100,Ngelehun CHC,Fixed
Bo District,Badjia Chiefdom,Ngelehun (Badjia) CHC,CHC,Yorvuhun,100,Kpetema Court Barry,Outreach
Bo District,Badjia Chiefdom,Njagbahun (Badjia) MCHP,MCHP,,,,
Bo District,Badjia Chiefdom,Njandama MCHP,MCHP,Faala,379,Jorkibua Court Barry,Outreach
Bo District,Badjia Chiefdom,Njandama MCHP,MCHP,Gumahun,745,Njandama MCHP,Fixed
Bo District,Badjia Chiefdom,Njandama MCHP,MCHP,Jorkibu,835,Jorkibua Court Barry,Outreach
Bo District,Badjia Chiefdom,Njandama MCHP,MCHP,Kpakru,296,Jorkibua Court Barry,Outreach
Bo District,Badjia Chiefdom,Njandama MCHP,MCHP,Kugbahun,292,Njandama MCHP,Fixed
Bo District,Badjia Chiefdom,Njandama MCHP,MCHP,Ngiehun,857,Njandama MCHP,Fixed
Bo District,Badjia Chiefdom,Njandama MCHP,MCHP,Njandama Town,625,Njandama MCHP,Fixed
Bo District,Bagbwe Chiefdom,Barlie MCHP,MCHP,Bambara,350,Njala Kendema Court Barray,Outreach
Bo District,Bagbwe Chiefdom,Barlie MCHP,MCHP,Bangabu,168,Njala Kendema Court Barray,Outreach
Bo District,Bagbwe Chiefdom,Barlie MCHP,MCHP,Barlie,1549,Barlie MCHP,Fixed
Bo District,Bagbwe Chiefdom,Barlie MCHP,MCHP,Gbojeima,1171,Gbojeima Courtbarray,Outreach
Bo District,Bagbwe Chiefdom,Barlie MCHP,MCHP,Kandu,180,Njala Kendema Court Barray,Outreach
Bo District,Bagbwe Chiefdom,Barlie MCHP,MCHP,Ngeihun,230,Njala Kendema Court Barray,Outreach
Bo District,Bagbwe Chiefdom,Barlie MCHP,MCHP,Njala Kendema,1685,Njala Kendema Court Barray,Outreach
Bo District,Bagbwe Chiefdom,Benduma (Bagbwe) MCHP,MCHP,Benduma,1562,Benduma MCHP,Fixed
Bo District,Bagbwe Chiefdom,Benduma (Bagbwe) MCHP,MCHP,Kpetema,600,Kpetema MCHP,Outreach
Bo District,Bagbwe Chiefdom,Benduma (Bagbwe) MCHP,MCHP,Langulama,210,Langulama Court Barray,Outreach
Bo District,Bagbwe Chiefdom,Benduma (Bagbwe) MCHP,MCHP,Lowoma,500,Lowoma Court Barray,Outreach
Bo District,Bagbwe Chiefdom,Benduma (Bagbwe) MCHP,MCHP,Niahun,267,Kpetema MCHP,Outreach
Bo District,Bagbwe Chiefdom,Benduma (Bagbwe) MCHP,MCHP,Pelewahun,720,Pelewahun Court Barray,Outreach
Bo District,Bagbwe Chiefdom,Benduma (Bagbwe) MCHP,MCHP,Yangabu,650,Benduma MCHP,Fixed
Bo District,Bagbwe Chiefdom,Benduma (Bagbwe) MCHP,MCHP,Yengema,420,Benduma MCHP,Fixed
Bo District,Bagbwe Chiefdom,Kondiama MCHP,MCHP,Bandaju,467,Kodiama MCHP,Fixed
Bo District,Bagbwe Chiefdom,Kondiama MCHP,MCHP,Faabu,91,Kodiama MCHP,Fixed
Bo District,Bagbwe Chiefdom,Kondiama MCHP,MCHP,Gbaama,883,Gbaama Court Barray,Outreach
Bo District,Bagbwe Chiefdom,Kondiama MCHP,MCHP,Kodiama,886,Kodiama MCHP,Fixed
Bo District,Bagbwe Chiefdom,Kondiama MCHP,MCHP,Mokpende,393,Gbaama Court Barray,Outreach
Bo District,Bagbwe Chiefdom,Kondiama MCHP,MCHP,Venima,131,Gbaama Court Barray,Outreach
Bo District,Bagbwe Chiefdom,Kpetema (Bagbwe) MCHP,MCHP,,,,
Bo District,Bagbwe Chiefdom,Mendewa MCHP,MCHP,Baama,586,Kpakuma Court Barry,Outreach
Bo District,Bagbwe Chiefdom,Mendewa MCHP,MCHP,Kojo Ngeihun,389,Palima Courtbarray,Outreach
Bo District,Bagbwe Chiefdom,Mendewa MCHP,MCHP,Kpakuma,337,Kpakuma Court Barry,Outreach
Bo District,Bagbwe Chiefdom,Mendewa MCHP,MCHP,Kpetema,426,Palima Courtbarray,Outreach
Bo District,Bagbwe Chiefdom,Mendewa MCHP,MCHP,Mendewa,696,Mendewa MCHP,Fixed
Bo District,Bagbwe Chiefdom,Mendewa MCHP,MCHP,Palima,496,Palima Courtbarray,Outreach
Bo District,Bagbwe Chiefdom,Mendewa MCHP,MCHP,Vengema,398,Kpakuma Court Barry,Outreach
Bo District,Bagbwe Chiefdom,Ngalu CHC,CHC,Blama1,350,Kowama Courtbarray,Outreach
Bo District,Bagbwe Chiefdom,Ngalu CHC,CHC,Foinda,150,Ngalu CHC,Fixed
Bo District,Bagbwe Chiefdom,Ngalu CHC,CHC,Gbaama Tabima,320,Kowama Courtbarray,Outreach
Bo District,Bagbwe Chiefdom,Ngalu CHC,CHC,Gibima,500,Kowama Courtbarray,Outreach
Bo District,Bagbwe Chiefdom,Ngalu CHC,CHC,Kebawana,190,Kowama Courtbarray,Outreach
Bo District,Bagbwe Chiefdom,Ngalu CHC,CHC,Konjordoma,435,Ngalu CHC,Fixed
Bo District,Bagbwe Chiefdom,Ngalu CHC,CHC,Kowama,450,Kowama Courtbarray,Outreach
Bo District,Bagbwe Chiefdom,Ngalu CHC,CHC,Kpatou,325,Kowama Courtbarray,Outreach
Bo District,Bagbwe Chiefdom,Ngalu CHC,CHC,Kpetewoma,210,Kowama Courtbarray,Outreach
Bo District,Bagbwe Chiefdom,Ngalu CHC,CHC,Kpuawala,105,Ngalu CHC,Fixed
Bo District,Bagbwe Chiefdom,Ngalu CHC,CHC,Manopendorbu,961,Manopendorbu Courtbarray,Outreach
Bo District,Bagbwe Chiefdom,Ngalu CHC,CHC,Ngalu,1635,Ngalu CHC,Fixed
Bo District,Bagbwe Chiefdom,Ngalu CHC,CHC,Niagorehun,100,Ngalu CHC,Fixed
Bo District,Bagbwe Chiefdom,Ngalu CHC,CHC,Wallihun,106,Kowama Courtbarray,Outreach
Bo District,Bagbwe Chiefdom,Ngalu CHC,CHC,Yaweh,110,Kowama Courtbarray,Outreach
Bo District,Bagbwe Chiefdom,Samie Buma MCHP,MCHP,Bijia,480,Kpawula,Outreach
Bo District,Bagbwe Chiefdom,Samie Buma MCHP,MCHP,Buma,857,Sami-Buma MCHP,Fixed
Bo District,Bagbwe Chiefdom,Samie Buma MCHP,MCHP,Kpawula,620,Kpawula,Outreach
Bo District,Bagbwe Chiefdom,Samie Buma MCHP,MCHP,Samie,890,Sami-Buma MCHP,Fixed
Bo District,Baoma Chiefdom,Baoma Station CHP,CHP,Bangema,42,Baoma Old Town,Outreach
Bo District,Baoma Chiefdom,Baoma Station CHP,CHP,Baoma Old Town,1682,Baoma Old Town,Outreach
Bo District,Baoma Chiefdom,Baoma Station CHP,CHP,Baoma Station,1932,Baoma Station CHP,Fixed
Bo District,Baoma Chiefdom,Baoma Station CHP,CHP,Gbandi,625,Baoma Station CHP,Fixed
Bo District,Baoma Chiefdom,Baoma Station CHP,CHP,Niagorehun,74,Baoma Old Town,Outreach
Bo District,Baoma Chiefdom,Baoma Station CHP,CHP,Waima,570,Baoma Station CHP,Fixed
Bo District,Baoma Chiefdom,Blamawo MCHP,MCHP,Blamawo,490,Blamawo MCHP,Fixed
Bo District,Baoma Chiefdom,Blamawo MCHP,MCHP,Fallah,318,Kanjalu Court Barray,Outreach
Bo District,Baoma Chiefdom,Blamawo MCHP,MCHP,Kanjalu,565,Kanjalu Court Barray,Outreach
Bo District,Baoma Chiefdom,Blamawo MCHP,MCHP,Kenemawo,156,Kanjalu Court Barray,Outreach
Bo District,Baoma Chiefdom,Blamawo MCHP,MCHP,Kpauma,103,Blamawo MCHP,Fixed
Bo District,Baoma Chiefdom,Blamawo MCHP,MCHP,Kwalema,322,Blamawo MCHP,Fixed
Bo District,Baoma Chiefdom,Blamawo MCHP,MCHP,Mogbuama,317,Kanjalu Court Barray,Outreach
Bo District,Baoma Chiefdom,Blamawo MCHP,MCHP,Taninahun,271,Blamawo MCHP,Fixed
Bo District,Baoma Chiefdom,Faabu CHP,CHP,Faabu,653,Faabu CHP,Fixed
Bo District,Baoma Chiefdom,Faabu CHP,CHP,Fayama,783,Faabu CHP,Fixed
Bo District,Baoma Chiefdom,Faabu CHP,CHP,Gangama,212,Gangama Courtbarry,Outreach
Bo District,Baoma Chiefdom,Faabu CHP,CHP,Gualla,703,Gangama Courtbarry,Outreach
Bo District,Baoma Chiefdom,Faabu CHP,CHP,Kortumahun,383,Faabu CHP,Fixed
Bo District,Baoma Chiefdom,Foindu (Baoma) MCHP,MCHP,Foindu,1312,Foindu MCHP,Fixed
Bo District,Baoma Chiefdom,Foindu (Baoma) MCHP,MCHP,Gbuyama,738,Foindu MCHP,Fixed
Bo District,Baoma Chiefdom,Foindu (Baoma) MCHP,MCHP,Ndema,779,Foindu MCHP,Fixed
Bo District,Baoma Chiefdom,Gbahama (Baoma) CHP,CHP,Gbahama,786,Gbahama CHP,Fixed
Bo District,Baoma Chiefdom,Gbahama (Baoma) CHP,CHP,Gbahun,419,Gbahama CHP,Fixed
Bo District,Baoma Chiefdom,Gbahama (Baoma) CHP,CHP,Hagbahun,238,Kpatema Court Barry,Outreach
Bo District,Baoma Chiefdom,Gbahama (Baoma) CHP,CHP,Jorbohun,471,Gbahama CHP,Fixed
Bo District,Baoma Chiefdom,Gbahama (Baoma) CHP,CHP,Komende,538,Kpatema Court Barry,Outreach
Bo District,Baoma Chiefdom,Gbahama (Baoma) CHP,CHP,Kpatema,629,Kpatema Court Barry,Outreach
Bo District,Baoma Chiefdom,Gbahama (Baoma) CHP,CHP,Kponima,398,Gbahama CHP,Fixed
Bo District,Baoma Chiefdom,Gerehun CHC,CHC,Bagorma,127,Kwellu Court Barry,Outreach
Bo District,Baoma Chiefdom,Gerehun CHC,CHC,Gbaiima,290,Gerehun CHC,Fixed
Bo District,Baoma Chiefdom,Gerehun CHC,CHC,Gerehun CHC,2715,Gerehun CHC,Fixed
Bo District,Baoma Chiefdom,Gerehun CHC,CHC,Gogoima,48,Gerehun CHC,Fixed
Bo District,Baoma Chiefdom,Gerehun CHC,CHC,Gondoma,520,Gerehun CHC,Fixed
Bo District,Baoma Chiefdom,Gerehun CHC,CHC,Kplorya,183,Gerehun CHC,Fixed
Bo District,Baoma Chiefdom,Gerehun CHC,CHC,Kwellu,664,Kwellu Court Barry,Outreach
Bo District,Baoma Chiefdom,Gerehun CHC,CHC,Lowumi,37,Gerehun CHC,Fixed
Bo District,Baoma Chiefdom,Gerehun CHC,CHC,Matama,268,Gerehun CHC,Fixed
Bo District,Baoma Chiefdom,Gerehun CHC,CHC,Ngeyawami,253,Gerehun CHC,Fixed
Bo District,Baoma Chiefdom,Gerehun CHC,CHC,Ngiehun,100,Kwellu Court Barry,Outreach
Bo District,Baoma Chiefdom,Gerehun CHC,CHC,Njama,60,Kwellu Court Barry,Outreach
Bo District,Baoma Chiefdom,Gerehun CHC,CHC,Paliama 1,164,Gerehun CHC,Fixed
Bo District,Baoma Chiefdom,Gerehun CHC,CHC,Potolu,230,Gerehun CHC,Fixed
Bo District,Baoma Chiefdom,Gerehun CHC,CHC,Pujehun,75,Kwellu Court Barry,Outreach
Bo District,Baoma Chiefdom,Gerehun CHC,CHC,Tobada,418,Gerehun CHC,Fixed
Bo District,Baoma Chiefdom,Golu MCHP,MCHP,Golela,219,Golela Court Barry,Outreach
Bo District,Baoma Chiefdom,Golu MCHP,MCHP,Gollu,659,Gollu MCHP,Fixed
Bo District,Baoma Chiefdom,Golu MCHP,MCHP,Konnia,880,Gollu MCHP,Fixed
Bo District,Baoma Chiefdom,Golu MCHP,MCHP,Lungi,162,Golela Court Barry,Outreach
Bo District,Baoma Chiefdom,Golu MCHP,MCHP,Nongoba,288,Golela Court Barry,Outreach
Bo District,Baoma Chiefdom,Golu MCHP,MCHP,Palima 2,204,Gollu MCHP,Fixed
Bo District,Baoma Chiefdom,Jembe CHC,CHC,Gendema,930,Gendema Court Barry,Outreach
Bo District,Baoma Chiefdom,Jembe CHC,CHC,Jembe,3316,Jembe CHC,Fixed
Bo District,Baoma Chiefdom,Jembe CHC,CHC,Kenyema,441,Jembe CHC,Fixed
Bo District,Baoma Chiefdom,Jembe CHC,CHC,Komolu,317,Jembe CHC,Fixed
Bo District,Baoma Chiefdom,Jembe CHC,CHC,Massao,162,Jembe CHC,Fixed
Bo District,Baoma Chiefdom,Jembe CHC,CHC,Mossamai,33,Gendema Court Barry,Outreach
Bo District,Baoma Chiefdom,Jembe CHC,CHC,Ngelahun,408,Gendema Court Barry,Outreach
Bo District,Baoma Chiefdom,Jembe CHC,CHC,Niama,1032,Gendema Court Barry,Outreach
Bo District,Baoma Chiefdom,Jormu (Baoma) MCHP,MCHP,Feiba,265,Ngualu Court Barry,Outreach
Bo District,Baoma Chiefdom,Jormu (Baoma) MCHP,MCHP,Jormu,930,Jormu MCHP,Fixed
Bo District,Baoma Chiefdom,Jormu (Baoma) MCHP,MCHP,Maina,511,Ngualu Court Barry,Outreach
Bo District,Baoma Chiefdom,Jormu (Baoma) MCHP,MCHP,Ngualu,473,Ngualu Court Barry,Outreach
Bo District,Baoma Chiefdom,Jormu (Baoma) MCHP,MCHP,Tongie,546,Jormu MCHP,Fixed
Bo District,Baoma Chiefdom,Kigbai MCHP,MCHP,Kanga,514,Kigbai MCHP,Fixed
Bo District,Baoma Chiefdom,Kigbai MCHP,MCHP,Kigbai,1028,Kigbai MCHP,Fixed
Bo District,Baoma Chiefdom,Kigbai MCHP,MCHP,Koyama,744,Kigbai MCHP,Fixed
Bo District,Baoma Chiefdom,Kigbai MCHP,MCHP,Sawulla,1117,Sawulla Court Barry,Outreach
Bo District,Baoma Chiefdom,Kpunbu MCHP,MCHP,,,,
Bo District,Baoma Chiefdom,Mbundorbu MCHP,MCHP,Buma,925,Komende Sewa Court Barry,Outreach
Bo District,Baoma Chiefdom,Mbundorbu MCHP,MCHP,Komende Junction,495,Mbundorbu MCHP,Fixed
Bo District,Baoma Chiefdom,Mbundorbu MCHP,MCHP,Komende Sewa,598,Komende Sewa Court Barry,Outreach
Bo District,Baoma Chiefdom,Mbundorbu MCHP,MCHP,Kpakru,675,Mbundorbu MCHP,Fixed
Bo District,Baoma Chiefdom,Mbundorbu MCHP,MCHP,Mbundorbu,1050,Mbundorbu MCHP,Fixed
Bo District,Baoma Chiefdom,Pelewahun (Baoma) MCHP,MCHP,Gbinima,278,Taninahun Court Barry,Outreach
Bo District,Baoma Chiefdom,Pelewahun (Baoma) MCHP,MCHP,Pelewahun,1331,Pelewahun MCHP,Fixed
Bo District,Baoma Chiefdom,Pelewahun (Baoma) MCHP,MCHP,Taninahun,1025,Taninahun Court Barry,Outreach
Bo District,Baoma Chiefdom,Pelewahun (Baoma) MCHP,MCHP,Tongiama,509,Pelewahun MCHP,Fixed
Bo District,Baoma Chiefdom,Tugbebu CHP,CHP,Feikundor,207,Tungbebu CHP,Fixed
Bo District,Baoma Chiefdom,Tugbebu CHP,CHP,Gboyeiya,545,Niama Court Barray,Outreach
Bo District,Baoma Chiefdom,Tugbebu CHP,CHP,Kpatobu,544,Tungbebu CHP,Fixed
Bo District,Baoma Chiefdom,Tugbebu CHP,CHP,Niama,592,Niama Court Barray,Outreach
Bo District,Baoma Chiefdom,Tugbebu CHP,CHP,Sandia,380,Tungbebu CHP,Fixed
Bo District,Baoma Chiefdom,Tugbebu CHP,CHP,Semibu,214,Niama Court Barray,Outreach
Bo District,Baoma Chiefdom,Tugbebu CHP,CHP,Tungbebu,667,Tungbebu CHP,Fixed
Bo District,Baoma Chiefdom,Yakaji MCHP,MCHP,Gbangba,492,Matema Court Barray,Outreach
Bo District,Baoma Chiefdom,Yakaji MCHP,MCHP,Juhun,1718,Yakaji MCHP,Fixed
Bo District,Baoma Chiefdom,Yakaji MCHP,MCHP,Matema,727,Matema Court Barray,Outreach
Bo District,Baoma Chiefdom,Yakaji MCHP,MCHP,Pelewahun,641,Yakaji MCHP,Fixed
Bo District,Baoma Chiefdom,Yakaji MCHP,MCHP,Yakaji,1598,Yakaji MCHP,Fixed
Bo District,Baoma Chiefdom,Yamandu CHC,CHC,Kortumahun,410,Kortumahun Court Barray,Outreach
Bo District,Baoma Chiefdom,Yamandu CHC,CHC,Kpumbu,588,Kpumbu MCHP,Outreach
Bo District,Baoma Chiefdom,Yamandu CHC,CHC,Manowa,299,Kpumbu MCHP,Outreach
Bo District,Baoma Chiefdom,Yamandu CHC,CHC,Ndogbogoma,513,Ndogbogoma Court Barray,Outreach
Bo District,Baoma Chiefdom,Yamandu CHC,CHC,Njaluahun,220,Kortumahun Court Barray,Outreach
Bo District,Baoma Chiefdom,Yamandu CHC,CHC,Sengama,65,Ndogbogoma Court Barray,Outreach
Bo District,Baoma Chiefdom,Yamandu CHC,CHC,Vaahun,239,Kpumbu MCHP,Outreach
Bo District,Baoma Chiefdom,Yamandu CHC,CHC,Yamandu 1,1705,Yamandu CHC,Fixed
Bo District,Baoma Chiefdom,Yamandu CHC,CHC,Yamandu 2,1130,Yamandu CHC,Fixed
Bo District,Baoma Chiefdom,Yamandu CHC,CHC,Yamandu 3,1795,Yamandu CHC,Fixed
Bo District,Baoma Chiefdom,Yamandu CHC,CHC,Yamandu 4,1577,Ndogbogoma Court Barray,Outreach
Bo District,Bargbo Chiefdom,Bum Kaku MCHP,MCHP,Barleh,200,Barleh Courtbarray,Outreach
Bo District,Bargbo Chiefdom,Bum Kaku MCHP,MCHP,Bum-Kaku,550,Bum-Kaku MCHP,Fixed
Bo District,Bargbo Chiefdom,Bum Kaku MCHP,MCHP,Fakaba,100,Barleh Courtbarray,Outreach
Bo District,Bargbo Chiefdom,Bum Kaku MCHP,MCHP,Gballeh,430,Bum-Kaku MCHP,Fixed
Bo District,Bargbo Chiefdom,Bum Kaku MCHP,MCHP,Gbatorma,320,Gbatorma Court Barray,Outreach
Bo District,Bargbo Chiefdom,Bum Kaku MCHP,MCHP,Kenema,62,Bum-Kaku MCHP,Fixed
Bo District,Bargbo Chiefdom,Bum Kaku MCHP,MCHP,Kponima,100,Gbatorma Court Barray,Outreach
Bo District,Bargbo Chiefdom,Bum Kaku MCHP,MCHP,Mandu,230,Barleh Courtbarray,Outreach
Bo District,Bargbo Chiefdom,Bum Kaku MCHP,MCHP,Mosondo,100,Barleh Courtbarray,Outreach
Bo District,Bargbo Chiefdom,Bum Kaku MCHP,MCHP,Torkpumbu2,98,Bum-Kaku MCHP,Fixed
Bo District,Bargbo Chiefdom,Gbangbalia MCHP,MCHP,Baoma,433,Kpangbalia MCHP,Fixed
Bo District,Bargbo Chiefdom,Gbangbalia MCHP,MCHP,Fabaina,152,Kpangbalia MCHP,Fixed
Bo District,Bargbo Chiefdom,Gbangbalia MCHP,MCHP,Kpangbalia Village,756,Kpangbalia MCHP,Fixed
Bo District,Bargbo Chiefdom,Gbangbalia MCHP,MCHP,Morgbain,186,Kpangbalia MCHP,Fixed
Bo District,Bargbo Chiefdom,Gbangbalia MCHP,MCHP,Mowonde,199,Kpangbalia MCHP,Fixed
Bo District,Bargbo Chiefdom,Gbangbalia MCHP,MCHP,Nyandehun,530,Kpangbalia MCHP,Fixed
Bo District,Bargbo Chiefdom,Gbangbalia MCHP,MCHP,Senehun Somba,510,Kpangbalia MCHP,Fixed
Bo District,Bargbo Chiefdom,Jimmi CHC,CHC,Jimmi Town,2397,Jimmi CHC,Fixed
Bo District,Bargbo Chiefdom,Jimmi CHC,CHC,Mattru Village,653,Mattru Court Barray,Outreach
Bo District,Bargbo Chiefdom,Jimmi CHC,CHC,Waiima Village,102,Jimmi CHC,Fixed
Bo District,Bargbo Chiefdom,Kakama MCHP,MCHP,Gibina,400,Kakama MCHP,Fixed
Bo District,Bargbo Chiefdom,Kakama MCHP,MCHP,Gordie,300,Kpawama Court Barray,Outreach
Bo District,Bargbo Chiefdom,Kakama MCHP,MCHP,Kakama,1433,Kakama MCHP,Fixed
Bo District,Bargbo Chiefdom,Kakama MCHP,MCHP,Kpawama,1500,Kpawama Court Barray,Outreach
Bo District,Bargbo Chiefdom,Kasse MCHP,MCHP,Bumpewo,290,Kassemchp,Outreach
Bo District,Bargbo Chiefdom,Kasse MCHP,MCHP,Deima,298,Ngolapon Courtbarray,Outreach
Bo District,Bargbo Chiefdom,Kasse MCHP,MCHP,Gbenya,294,Lagawo Courtbarray,Outreach
Bo District,Bargbo Chiefdom,Kasse MCHP,MCHP,Kasse,396,Kassemchp,Outreach
Bo District,Bargbo Chiefdom,Kasse MCHP,MCHP,Lagowa,296,Lagawo Courtbarray,Outreach
Bo District,Bargbo Chiefdom,Kasse MCHP,MCHP,Lagowo,296,Lagawo Courtbarray,Outreach
Bo District,Bargbo Chiefdom,Kasse MCHP,MCHP,Mogbom,298,Kassemchp,Outreach
Bo District,Bargbo Chiefdom,Kasse MCHP,MCHP,Mohapewa,285,Ngolapon Courtbarray,Outreach
Bo District,Bargbo Chiefdom,Kasse MCHP,MCHP,Mokoba,297,Kassemchp,Outreach
Bo District,Bargbo Chiefdom,Kasse MCHP,MCHP,Ngolapon,250,Ngolapon Courtbarray,Outreach
Bo District,Bargbo Chiefdom,Kasse MCHP,MCHP,Njala,50,Ngolapon Courtbarray,Outreach
Bo District,Bargbo Chiefdom,Kasse MCHP,MCHP,Panguma,17,Lagawo Courtbarray,Outreach
Bo District,Bargbo Chiefdom,Kasse MCHP,MCHP,Yeashan,298,Kassemchp,Outreach
Bo District,Bargbo Chiefdom,Limba CHP,CHP,,,,
Bo District,Bargbo Chiefdom,Mano Yorgbo MCHP,MCHP,Dandabu,516,Dandabu Courtbarray,Outreach
Bo District,Bargbo Chiefdom,Mano Yorgbo MCHP,MCHP,Mano Old,508,Mano- Yorgbo MCHP,Fixed
Bo District,Bargbo Chiefdom,Mano Yorgbo MCHP,MCHP,Mano- Yorgbo,1094,Mano- Yorgbo MCHP,Fixed
Bo District,Bargbo Chiefdom,Mano Yorgbo MCHP,MCHP,Mondorkor,820,Mano- Yorgbo MCHP,Fixed
Bo District,Bargbo Chiefdom,Mano Yorgbo MCHP,MCHP,Njagbema,128,Dandabu Courtbarray,Outreach
Bo District,Bargbo Chiefdom,Mano Yorgbo MCHP,MCHP,Semabu,185,Dandabu Courtbarray,Outreach
Bo District,Bargbo Chiefdom,Mano Yorgbo MCHP,MCHP,Torkpumbu,125,Mano- Yorgbo MCHP,Fixed
Bo District,Bargbo Chiefdom,Momajo CHP,CHP,Fola,203,Ngolawoma Court Barray,Outreach
Bo District,Bargbo Chiefdom,Momajo CHP,CHP,Jujuhun,325,Yengelleh Courtbarray,Outreach
Bo District,Bargbo Chiefdom,Momajo CHP,CHP,Kortulablama,504,Momado,Outreach
Bo District,Bargbo Chiefdom,Momajo CHP,CHP,Mailiewa,432,Momajo CHP,Fixed
Bo District,Bargbo Chiefdom,Momajo CHP,CHP,Manibo,201,Momajo CHP,Fixed
Bo District,Bargbo Chiefdom,Momajo CHP,CHP,Modambie,296,Ngolawoma Court Barray,Outreach
Bo District,Bargbo Chiefdom,Momajo CHP,CHP,Mojeima,432,Momajo CHP,Fixed
Bo District,Bargbo Chiefdom,Momajo CHP,CHP,Mokabay1,109,Yengelleh Courtbarray,Outreach
Bo District,Bargbo Chiefdom,Momajo CHP,CHP,Mokabay2,254,Yengelleh Courtbarray,Outreach
Bo District,Bargbo Chiefdom,Momajo CHP,CHP,Momado,200,Momado,Outreach
Bo District,Bargbo Chiefdom,Momajo CHP,CHP,Momajo,459,Momajo CHP,Fixed
Bo District,Bargbo Chiefdom,Momajo CHP,CHP,Mosagbahun,321,Ngolawoma Court Barray,Outreach
Bo District,Bargbo Chiefdom,Momajo CHP,CHP,Moway,309,Ngolawoma Court Barray,Outreach
Bo District,Bargbo Chiefdom,Momajo CHP,CHP,Ngeiyahun,191,Yengelleh Courtbarray,Outreach
Bo District,Bargbo Chiefdom,Momajo CHP,CHP,Ngolawoma,543,Ngolawoma Court Barray,Outreach
Bo District,Bargbo Chiefdom,Momajo CHP,CHP,Niagorehun,114,Ngolawoma Court Barray,Outreach
Bo District,Bargbo Chiefdom,Momajo CHP,CHP,Sembehun,215,Ngolawoma Court Barray,Outreach
Bo District,Bargbo Chiefdom,Momajo CHP,CHP,Tamuma,508,Ngolawoma Court Barray,Outreach
Bo District,Bargbo Chiefdom,Momajo CHP,CHP,Tengbeleh,410,Momado,Outreach
Bo District,Bargbo Chiefdom,Momajo CHP,CHP,Tissana Junction,128,Momajo CHP,Fixed
Bo District,Bargbo Chiefdom,Momajo CHP,CHP,Tissana Old Town,457,Momajo CHP,Fixed
Bo District,Bargbo Chiefdom,Momajo CHP,CHP,Yengelleh,321,Yengelleh Courtbarray,Outreach
Bo District,Bargbo Chiefdom,Niagorehun (Bargbo) CHP,CHP,Bandajuma,340,Limba CHP,Outreach
Bo District,Bargbo Chiefdom,Niagorehun (Bargbo) CHP,CHP,Kpetewoma,500,Niagorehun CHP,Fixed
Bo District,Bargbo Chiefdom,Niagorehun (Bargbo) CHP,CHP,Levuma,100,Niagorehun CHP,Fixed
Bo District,Bargbo Chiefdom,Niagorehun (Bargbo) CHP,CHP,Limba,800,Limba CHP,Outreach
Bo District,Bargbo Chiefdom,Niagorehun (Bargbo) CHP,CHP,Mandehun,500,Niagorehun CHP,Fixed
Bo District,Bargbo Chiefdom,Niagorehun (Bargbo) CHP,CHP,Mandu1,315,Limba CHP,Outreach
Bo District,Bargbo Chiefdom,Niagorehun (Bargbo) CHP,CHP,Niagorehun CHP,2607,Niagorehun CHP,Fixed
Bo District,Bargbo Chiefdom,Senehun Ngolan MCHP,MCHP,Daballa,438,Yeinkein Court Barray,Outreach
Bo District,Bargbo Chiefdom,Senehun Ngolan MCHP,MCHP,Faabu,422,Gbangoya Courtbarray,Outreach
Bo District,Bargbo Chiefdom,Senehun Ngolan MCHP,MCHP,Gbangaya,562,Gbangoya Courtbarray,Outreach
Bo District,Bargbo Chiefdom,Senehun Ngolan MCHP,MCHP,Kanga,542,Senehun Ngolan MCHP,Fixed
Bo District,Bargbo Chiefdom,Senehun Ngolan MCHP,MCHP,Senehun Ngola,438,Senehun Ngolan MCHP,Fixed
Bo District,Bargbo Chiefdom,Senehun Ngolan MCHP,MCHP,Yeinkein,724,Yeinkein Court Barray,Outreach
Bo District,Bo City,Aethel CHP,CHP,,,,
Bo District,Bo City,Agape Way CHP,CHP,Bagbo Hill,1178,Bagbo Hill Section,Outreach
Bo District,Bo City,Agape Way CHP,CHP,Johnny Layout,3002,Sammie 2 Community Barry,Outreach
Bo District,Bo City,Agape Way CHP,CHP,Johnny Street,1342,Nafaya MCHP,Fixed
Bo District,Bo City,Agape Way CHP,CHP,Kenediye Section,4500,Agape CHP,Fixed
Bo District,Bo City,Agape Way CHP,CHP,Manjama,2072,Nafaya MCHP,Fixed
Bo District,Bo City,Agape Way CHP,CHP,Part Of Abu Street,953,Nafaya MCHP,Fixed
Bo District,Bo City,Agape Way CHP,CHP,Part Of Kallon Street,646,Sammie 2 Community Barry,Outreach
Bo District,Bo City,Agape Way CHP,CHP,Part Of Sewa Road,2000,Bagbo Hill Section,Outreach
Bo District,Bo City,Agape Way CHP,CHP,Sammie 2,905,Sammie 2 Community Barry,Outreach
Bo District,Bo City,Agape Way CHP,CHP,Shelmingo Junction,936,Nafaya MCHP,Fixed
Bo District,Bo City,Batiama Layout MCHP,MCHP,Amadu St,84,Fabaina Court Barry,Outreach
Bo District,Bo City,Batiama Layout MCHP,MCHP,Amie Street,205,Fabaina Court Barry,Outreach
Bo District,Bo City,Batiama Layout MCHP,MCHP,Batiama Section,848,Batiama Layout MCHP,Fixed
Bo District,Bo City,Batiama Layout MCHP,MCHP,Borbonkorboh Section,196,Fabaina Court Barry,Outreach
Bo District,Bo City,Batiama Layout MCHP,MCHP,C-Line,187,Fabaina Court Barry,Outreach
Bo District,Bo City,Batiama Layout MCHP,MCHP,Fabaina,102,Fabaina Court Barry,Outreach
Bo District,Bo City,Batiama Layout MCHP,MCHP,Gangama,136,Fabaina Court Barry,Outreach
Bo District,Bo City,Batiama Layout MCHP,MCHP,Gogoima,394,Batiama Layout MCHP,Fixed
Bo District,Bo City,Batiama Layout MCHP,MCHP,Gondama Rd & Gondama,551,Batiama Layout MCHP,Fixed
Bo District,Bo City,Batiama Layout MCHP,MCHP,Kallon St,193,Fabaina Court Barry,Outreach
Bo District,Bo City,Batiama Layout MCHP,MCHP,Katimu St,221,Fabaina Court Barry,Outreach
Bo District,Bo City,Batiama Layout MCHP,MCHP,Kpakuya,238,Batiama Layout MCHP,Fixed
Bo District,Bo City,Batiama Layout MCHP,MCHP,Mattu St,103,Fabaina Court Barry,Outreach
Bo District,Bo City,Batiama Layout MCHP,MCHP,Moibawo Farm,240,Batiama Layout MCHP,Fixed
Bo District,Bo City,Batiama Layout MCHP,MCHP,Ngalu Road,214,Fabaina Court Barry,Outreach
Bo District,Bo City,Batiama Layout MCHP,MCHP,Ngegboiya,274,Fabaina Court Barry,Outreach
Bo District,Bo City,Batiama Layout MCHP,MCHP,Swarray Drive,106,Fabaina Court Barry,Outreach
Bo District,Bo City,Batiama Layout MCHP,MCHP,Teibo,220,Fabaina Court Barry,Outreach
Bo District,Bo City,Batiama Layout MCHP,MCHP,Tenneh St,167,Fabaina Court Barry,Outreach
Bo District,Bo City,Batiama Layout MCHP,MCHP,Yokie Drive,167,Fabaina Court Barry,Outreach
Bo District,Bo City,Bo School Bay CHP,CHP,,,,
Bo District,Bo City,Breakthrough MCHP,MCHP,,,,
Bo District,Bo City,Brima Town CHP,CHP,Brima Town,1500,Brima Town CHP,Fixed
Bo District,Bo City,Brima Town CHP,CHP,Edc Unit Community,640,Edc Unit CHP,Fixed
Bo District,Bo City,Brima Town CHP,CHP,Gbaiima Road,560,Brima Town CHP,Fixed
Bo District,Bo City,Brima Town CHP,CHP,Gbaiima Road,1230,Edc Unit CHP,Fixed
Bo District,Bo City,Brima Town CHP,CHP,Jagboima -Quarter,2953,Old Police Barrack,Outreach
Bo District,Bo City,Brima Town CHP,CHP,Part Of New York,1000,New York,Outreach
Bo District,Bo City,Brima Town CHP,CHP,Part Of Nikibu,1905,Old Police Barrack,Outreach
Bo District,Bo City,Brima Town CHP,CHP,Reservation,1000,New York,Outreach
Bo District,Bo City,EDC Unit CHP,CHP,,,,
Bo District,Bo City,Favour MCHP,MCHP,,,,
Bo District,Bo City,Gbanja Town MCHP,MCHP,,,,
Bo District,Bo City,Gbotima CHP,CHP,Bandajuma,996,Bo No 2 Extension,Outreach
Bo District,Bo City,Gbotima CHP,CHP,Bandajuma Extension,1460,Upper Samamie Section,Outreach
Bo District,Bo City,Gbotima CHP,CHP,Baoma,500,Bo No 2 Extension,Outreach
Bo District,Bo City,Gbotima CHP,CHP,Bo No 2 Extension,2000,Bo No 2 Extension,Outreach
Bo District,Bo City,Gbotima CHP,CHP,Boborkumbo,600,Upper Samamie Section,Outreach
Bo District,Bo City,Gbotima CHP,CHP,Gbitima,869,Gbitima Court Barry,Outreach
Bo District,Bo City,Gbotima CHP,CHP,Gbotima CHP,2310,Gbotima CHC,Fixed
Bo District,Bo City,Gbotima CHP,CHP,Nduivuibu,923,Nduivuibu MCHP,Fixed
Bo District,Bo City,Gbotima CHP,CHP,Ngegbayama,500,Upper Samamie Section,Outreach
Bo District,Bo City,Gbotima CHP,CHP,Ngegbayama Layout,800,Upper Samamie Section,Outreach
Bo District,Bo City,Gbotima CHP,CHP,Sembehun Tibuima,1846,Gbitima Court Barry,Outreach
Bo District,Bo City,Gbotima CHP,CHP,Tongiema,652,Gbitima Court Barry,Outreach
Bo District,Bo City,Gbotima CHP,CHP,Upper Samamie Section,2500,Upper Samamie Section,Outreach
Bo District,Bo City,Gbotima CHP,CHP,Victor Town,525,Nduivuibu MCHP,Fixed
Bo District,Bo City,Genda CHP,CHP,,,,
Bo District,Bo City,Genda MCHP,MCHP,,,,
Bo District,Bo City,Haikel CHP,CHP,Ahmediyya Section,2704,Kendeyeilla MCHP,Outreach
Bo District,Bo City,Haikel CHP,CHP,Gbangema,650,Sammie 1 Coury Barry,Outreach
Bo District,Bo City,Haikel CHP,CHP,Gborbu,802,Haikel CHP,Fixed
Bo District,Bo City,Haikel CHP,CHP,Gogoima,680,Sammie 1 Coury Barry,Outreach
Bo District,Bo City,Haikel CHP,CHP,Haikel Community,1970,Haikel CHP,Fixed
Bo District,Bo City,Haikel CHP,CHP,Hill Station,1180,Kendeyeilla MCHP,Outreach
Bo District,Bo City,Haikel CHP,CHP,Holy Mary,500,Veronical,Fixed
Bo District,Bo City,Haikel CHP,CHP,Kamara Town,985,Kendeyeilla MCHP,Outreach
Bo District,Bo City,Haikel CHP,CHP,Kendeyeilla,1400,Kendeyeilla MCHP,Outreach
Bo District,Bo City,Haikel CHP,CHP,Knedeyeila Road,292,Veronical,Fixed
Bo District,Bo City,Haikel CHP,CHP,Kpetewoma,988,Haikel CHP,Fixed
Bo District,Bo City,Haikel CHP,CHP,Mount Pleansent,760,Haikel CHP,Fixed
Bo District,Bo City,Haikel CHP,CHP,New England Extension,2500,Veronical,Fixed
Bo District,Bo City,Haikel CHP,CHP,New England Lower,1000,Veronical,Fixed
Bo District,Bo City,Haikel CHP,CHP,New England Upper,1500,Veronical,Fixed
Bo District,Bo City,Haikel CHP,CHP,Salwaco,560,Sammie 1 Coury Barry,Outreach
Bo District,Bo City,Haikel CHP,CHP,Salwaco,1340,Kendeyeilla MCHP,Outreach
Bo District,Bo City,Haikel CHP,CHP,Sami 2,600,Sammie 1 Coury Barry,Outreach
Bo District,Bo City,Haikel CHP,CHP,Sammie 1 Community,734,Sammie 1 Coury Barry,Outreach
Bo District,Bo City,Haikel CHP,CHP,Tipper Ground,500,Veronical,Fixed
Bo District,Bo City,Haikel CHP,CHP,Toyella,160,Kendeyeilla MCHP,Outreach
Bo District,Bo City,Kakua Static CHC,CHC,Bo School Quarters,1200,Bo School Bay,Outreach
Bo District,Bo City,Kakua Static CHC,CHC,Gbaiima Road,3405,Methodis High School,Outreach
Bo District,Bo City,Kakua Static CHC,CHC,Kortugbuma,4045,Kakua Static CHC,Fixed
Bo District,Bo City,Kakua Static CHC,CHC,Mattru Road,1270,Bo School Bay,Outreach
Bo District,Bo City,Kakua Static CHC,CHC,Mission Road,1360,Methodis High School,Outreach
Bo District,Bo City,Kakua Static CHC,CHC,Nikibu,700,Bo School Bay,Outreach
Bo District,Bo City,Kakua Static CHC,CHC,Part Of Hanga Town,3508,Methodis High School,Outreach
Bo District,Bo City,Kakua Static CHC,CHC,Reservation,6514,Kakua Static CHC,Fixed
Bo District,Bo City,Kandeh Town CHP,CHP,Agatha Drive,700,Aethel CHP,Fixed
Bo District,Bo City,Kandeh Town CHP,CHP,Banga Farm,1250,Street Child Hacil,Outreach
Bo District,Bo City,Kandeh Town CHP,CHP,Banga Farm,900,Aethel CHP,Fixed
Bo District,Bo City,Kandeh Town CHP,CHP,Kandeh Town 1,2437,Kandeh Town CHP,Fixed
Bo District,Bo City,Kandeh Town CHP,CHP,Kandeh Town 2,1500,Kandeh Town CHP,Fixed
Bo District,Bo City,Kandeh Town CHP,CHP,Kandeh Town Extension,3000,Kandeh Town CHP,Fixed
Bo District,Bo City,Kandeh Town CHP,CHP,Kandeh Town Extension,600,Aethel CHP,Fixed
Bo District,Bo City,Kandeh Town CHP,CHP,Kushe Town Extension,350,Aethel CHP,Fixed
Bo District,Bo City,Kandeh Town CHP,CHP,Mendewa Zone 6,360,Aethel CHP,Fixed
Bo District,Bo City,Kandeh Town CHP,CHP,Tewouloma,2000,Aethel CHP,Fixed
Bo District,Bo City,Kandeh Town CHP,CHP,Torwama Road,1000,Street Child Hacil,Outreach
Bo District,Bo City,Kowama (Kakua) CHP,CHP,Chanis Farm,755,Kowama Extension,Outreach
Bo District,Bo City,Kowama (Kakua) CHP,CHP,Joe Town,122,Joe Towm Court Barry,Outreach
Bo District,Bo City,Kowama (Kakua) CHP,CHP,Kowama Extension,930,Kowama Extension,Outreach
Bo District,Bo City,Kowama (Kakua) CHP,CHP,Kowama Layout,1200,Kowama Extension,Outreach
Bo District,Bo City,Kowama (Kakua) CHP,CHP,Kowama Old Towm,900,Kowama (Kakua) CHP,Fixed
Bo District,Bo City,Kowama (Kakua) CHP,CHP,Paramedical Hostel,2500,Kowama (Kakua) CHP,Fixed
Bo District,Bo City,Kowama (Kakua) CHP,CHP,Peace Junction /Bo Tiama,615,Kowama (Kakua) CHP,Fixed
Bo District,Bo City,Kowama (Kakua) CHP,CHP,Unicef Drive,830,Joe Towm Court Barry,Outreach
Bo District,Bo City,Lewaibu CHP,CHP,Abu Street,1006,Bilad Primary School,Outreach
Bo District,Bo City,Lewaibu CHP,CHP,Joe Town,850,Bilad Primary School,Outreach
Bo District,Bo City,Lewaibu CHP,CHP,Jorma,906,Mendewa CHP,Outreach
Bo District,Bo City,Lewaibu CHP,CHP,Lewaibu,1180,Lewaibu CHP,Fixed
Bo District,Bo City,Lewaibu CHP,CHP,Mendewa,2224,Mendewa CHP,Outreach
Bo District,Bo City,Lewaibu CHP,CHP,Mo-Sakpa,779,Lewaibu CHP,Fixed
Bo District,Bo City,Lewaibu CHP,CHP,Mulema Town,999,Bilad Primary School,Outreach
Bo District,Bo City,Lewaibu CHP,CHP,Musa Street Park,1001,Bilad Primary School,Outreach
Bo District,Bo City,Lewaibu CHP,CHP,Oaks Primary School,1132,Mendewa CHP,Outreach
Bo District,Bo City,Lewaibu CHP,CHP,Part Of Mendewa,1050,Lewaibu CHP,Fixed
Bo District,Bo City,Lyn Maternity MCHP,MCHP,Banana Island,470,Lyn Maternity MCHP,Fixed
Bo District,Bo City,Lyn Maternity MCHP,MCHP,Banga Farm 1,680,Lyn Maternity MCHP,Fixed
Bo District,Bo City,Lyn Maternity MCHP,MCHP,Banga Farm 1,718,Fullawahun MCHP,Fixed
Bo District,Bo City,Lyn Maternity MCHP,MCHP,Fullawahun,300,Fullawahun MCHP,Fixed
Bo District,Bo City,Lyn Maternity MCHP,MCHP,Jusu Street,150,Lyn Maternity MCHP,Fixed
Bo District,Bo City,Lyn Maternity MCHP,MCHP,Kamanda Town,700,Lyn Maternity MCHP,Fixed
Bo District,Bo City,Lyn Maternity MCHP,MCHP,Kamanda Town,582,Fullawahun MCHP,Fixed
Bo District,Bo City,Lyn Maternity MCHP,MCHP,Lookin Town,500,Njagbla Community,Outreach
Bo District,Bo City,Lyn Maternity MCHP,MCHP,Madena Section,395,Lyn Maternity MCHP,Fixed
Bo District,Bo City,Lyn Maternity MCHP,MCHP,Madina,191,Fullawahun MCHP,Fixed
Bo District,Bo City,Lyn Maternity MCHP,MCHP,New Londom,2024,Fullawahun MCHP,Fixed
Bo District,Bo City,Lyn Maternity MCHP,MCHP,Njagbla,425,Njagbla Community,Outreach
Bo District,Bo City,Lyn Maternity MCHP,MCHP,Part Of Fullawahun,3000,Lyn Maternity MCHP,Fixed
Bo District,Bo City,Lyn Maternity MCHP,MCHP,Part Of New Landon,2000,Lyn Maternity MCHP,Fixed
Bo District,Bo City,Lyn Maternity MCHP,MCHP,Part Of New York,1000,Lyn Maternity MCHP,Fixed
Bo District,Bo City,Lyn Maternity MCHP,MCHP,Part Of Nikibu Section,560,Lyn Maternity MCHP,Fixed
Bo District,Bo City,Lyn Maternity MCHP,MCHP,Rukor Tow,465,Njagbla Community,Outreach
Bo District,Bo City,Lyn Maternity MCHP,MCHP,Simbaru 2,564,Njagbla Community,Outreach
Bo District,Bo City,Lyn Maternity MCHP,MCHP,Tangahun,704,Fullawahun MCHP,Fixed
Bo District,Bo City,Lyn Maternity MCHP,MCHP,Upper Mattru Road,425,Fullawahun MCHP,Fixed
Bo District,Bo City,Manjiama CHC,CHC,,,,
Bo District,Bo City,Mid Land MCHP,MCHP,Bakaar,251,Mid Land MCHP,Fixed
Bo District,Bo City,Mid Land MCHP,MCHP,Banga Farm Community,651,Mid Land MCHP,Fixed
Bo District,Bo City,Mid Land MCHP,MCHP,New York Community,3549,Mid Land MCHP,Fixed
Bo District,Bo City,Mid Land MCHP,MCHP,Part Of Gbongboma,351,Mid Land MCHP,Fixed
Bo District,Bo City,Mid Land MCHP,MCHP,Part Of Kamanda Town,551,Mid Land MCHP,Fixed
Bo District,Bo City,Morning Star CHP,CHP,A-Line,700,Morning Star CHP,Fixed
Bo District,Bo City,Morning Star CHP,CHP,B-Line,320,Morning Star CHP,Fixed
Bo District,Bo City,Morning Star CHP,CHP,C-Line,600,Morning Star CHP,Fixed
Bo District,Bo City,Morning Star CHP,CHP,Gbongo Market,150,Morning Star CHP,Fixed
Bo District,Bo City,Morning Star CHP,CHP,Kawusu Street,189,Morning Star CHP,Fixed
Bo District,Bo City,Morning Star CHP,CHP,Main Sewa Road,300,Morning Star CHP,Fixed
Bo District,Bo City,Morning Star CHP,CHP,Mattia Street,347,Morning Star CHP,Fixed
Bo District,Bo City,Morning Star CHP,CHP,Nenneh Street,280,Morning Star CHP,Fixed
Bo District,Bo City,Morning Star CHP,CHP,Railway Line,400,Morning Star CHP,Fixed
Bo District,Bo City,Morning Star CHP,CHP,Railway Quarters,200,Morning Star CHP,Fixed
Bo District,Bo City,Morning Star CHP,CHP,Sandi Street,400,Morning Star CHP,Fixed
Bo District,Bo City,Nafaya MCHP,MCHP,,,,
Bo District,Bo City,Needy CHP,CHP,Bennie Mix Community,2184,Bennie Mix Hall,Outreach
Bo District,Bo City,Needy CHP,CHP,Bundu Town,430,Tengbewabu MCHP,Fixed
Bo District,Bo City,Needy CHP,CHP,Cow Yard,1370,Needy CHP,Fixed
Bo District,Bo City,Needy CHP,CHP,Feiba Section,900,Tigo Pole,Outreach
Bo District,Bo City,Needy CHP,CHP,Lower Pessima Street,1960,Tengbewabu MCHP,Fixed
Bo District,Bo City,Needy CHP,CHP,Magawai Town,800,Tengbewabu MCHP,Fixed
Bo District,Bo City,Needy CHP,CHP,Messima Community,4196,Needy CHP,Fixed
Bo District,Bo City,Needy CHP,CHP,Pamai Ground,600,Tigo Pole,Outreach
Bo District,Bo City,Needy CHP,CHP,Salina Community,2743,Needy CHP,Fixed
Bo District,Bo City,Needy CHP,CHP,Tengbewabu Community,1004,Tengbewabu MCHP,Fixed
Bo District,Bo City,Needy CHP,CHP,Tigo Pole,1000,Tigo Pole,Outreach
Bo District,Bo City,New Police Barracks CHC,CHC,Bandajuma,2400,Bandajuma MCHP,Fixed
Bo District,Bo City,New Police Barracks CHC,CHC,Bevehun,150,Nyandehun Court Barry,Outreach
Bo District,Bo City,New Police Barracks CHC,CHC,Gangama,70,Nyandehun Court Barry,Outreach
Bo District,Bo City,New Police Barracks CHC,CHC,Gbahama,70,Nyandehun Court Barry,Outreach
Bo District,Bo City,New Police Barracks CHC,CHC,Gbondo Towm,2000,New Police Barracks CHC,Fixed
Bo District,Bo City,New Police Barracks CHC,CHC,J- Street,500,New Police Barracks CHC,Fixed
Bo District,Bo City,New Police Barracks CHC,CHC,Jandama 1&2,812,Nyandehun Court Barry,Outreach
Bo District,Bo City,New Police Barracks CHC,CHC,Kanga,200,Bandajuma MCHP,Fixed
Bo District,Bo City,New Police Barracks CHC,CHC,Kortumahun,800,Kortumahun Court Barry,Outreach
Bo District,Bo City,New Police Barracks CHC,CHC,Kpetema,60,Nyandehun Court Barry,Outreach
Bo District,Bo City,New Police Barracks CHC,CHC,Magbema,100,Nyandehun Court Barry,Outreach
Bo District,Bo City,New Police Barracks CHC,CHC,Mamuihun,100,Bandajuma MCHP,Fixed
Bo District,Bo City,New Police Barracks CHC,CHC,New Police Barrack,1600,New Police Barracks CHC,Fixed
Bo District,Bo City,New Police Barracks CHC,CHC,Nyandehun,1500,Nyandehun Court Barry,Outreach
Bo District,Bo City,New Police Barracks CHC,CHC,Salina Market Area,700,New Police Barracks CHC,Fixed
Bo District,Bo City,Praise Foundation CHC,CHC,Balehun 1&2,115,Gambia Court Barry,Outreach
Bo District,Bo City,Praise Foundation CHC,CHC,Borborbu,342,Gbanja Town MCHP,Fixed
Bo District,Bo City,Praise Foundation CHC,CHC,Cembeckihun,122,Gambia Court Barry,Outreach
Bo District,Bo City,Praise Foundation CHC,CHC,Ckc Compound,104,Gbanja Town MCHP,Fixed
Bo District,Bo City,Praise Foundation CHC,CHC,Clerks Quarters,200,Slc Primary School Gate,Outreach
Bo District,Bo City,Praise Foundation CHC,CHC,Damballa Road,858,Slc Primary School Gate,Outreach
Bo District,Bo City,Praise Foundation CHC,CHC,Dodo Section,1000,Komende Community Barry,Outreach
Bo District,Bo City,Praise Foundation CHC,CHC,Foya,132,Gbanja Town MCHP,Fixed
Bo District,Bo City,Praise Foundation CHC,CHC,Gambia,536,Gambia Court Barry,Outreach
Bo District,Bo City,Praise Foundation CHC,CHC,Gbanja Town,3119,Gbanja Town MCHP,Fixed
Bo District,Bo City,Praise Foundation CHC,CHC,Gbondo Town,2255,Gambia Court Barry,Outreach
Bo District,Bo City,Praise Foundation CHC,CHC,Goba Town,800,Slc Primary School Gate,Outreach
Bo District,Bo City,Praise Foundation CHC,CHC,Hanga Town,2000,Prase Foundation CHC,Fixed
Bo District,Bo City,Praise Foundation CHC,CHC,J-Town,341,Gbanja Town MCHP,Fixed
Bo District,Bo City,Praise Foundation CHC,CHC,Jabalayout,738,Gbanja Town MCHP,Fixed
Bo District,Bo City,Praise Foundation CHC,CHC,Kissi Town Road,300,Prase Foundation CHC,Fixed
Bo District,Bo City,Praise Foundation CHC,CHC,Komende Section,1670,Komende Community Barry,Outreach
Bo District,Bo City,Praise Foundation CHC,CHC,Kpanguma,524,Gbanja Town MCHP,Fixed
Bo District,Bo City,Praise Foundation CHC,CHC,Maheiboima Road,800,Slc Primary School Gate,Outreach
Bo District,Bo City,Praise Foundation CHC,CHC,Nyadehun,127,Gambia Court Barry,Outreach
Bo District,Bo City,Praise Foundation CHC,CHC,Part Of Damballa Road,500,Prase Foundation CHC,Fixed
Bo District,Bo City,Praise Foundation CHC,CHC,Samamie Lower Community,977,Slc Primary School Gate,Outreach
Bo District,Bo City,Praise Foundation CHC,CHC,Shengay,2000,Prase Foundation CHC,Fixed
Bo District,Bo City,Praise Foundation CHC,CHC,Tongema,1117,Gbanja Town MCHP,Fixed
Bo District,Bo City,Praise Foundation CHC,CHC,Toobu Section Including Fenton Road,2000,Prase Foundation CHC,Fixed
Bo District,Bo City,Praise Foundation CHC,CHC,Torkponbu,136,Gambia Court Barry,Outreach
Bo District,Bo City,Praise Foundation CHC,CHC,Yakai Lane,605,Prase Foundation CHC,Fixed
Bo District,Bo City,Red Cross (Bo City) CHC,CHC,Coronation Field Community,2800,Sl Red Cross CHC,Fixed
Bo District,Bo City,Red Cross (Bo City) CHC,CHC,Moriba Town Community,1420,Moriba Town Court Barry,Outreach
Bo District,Bo City,Red Cross (Bo City) CHC,CHC,Njaiboima Section,3500,Njaiboima Court Barry,Outreach
Bo District,Bo City,Simbo Town CHP,CHP,Kulanda Town,2322,Njai Town Coumminity Barry,Outreach
Bo District,Bo City,Simbo Town CHP,CHP,Njai Town,3394,Njai Town Coumminity Barry,Outreach
Bo District,Bo City,Simbo Town CHP,CHP,Part Of Damballa Road,600,Simbo Town CHP,Fixed
Bo District,Bo City,Simbo Town CHP,CHP,Part Of Gbonda Town,1000,Simbo Town CHP,Fixed
Bo District,Bo City,Simbo Town CHP,CHP,Part Of Maheiboima Road,1021,Simbo Town CHP,Fixed
Bo District,Bo City,Simbo Town CHP,CHP,Reservation,1000,Simbo Town CHP,Fixed
Bo District,Bo City,Simbo Town CHP,CHP,Sudie Town,9776,Simbo Town CHP,Fixed
Bo District,Bo City,Simbo Town CHP,CHP,Upper Simbo Town,2001,Simbo Town CHP,Fixed
Bo District,Bo City,Simbo Town CHP,CHP,Y-Junction,1000,Njai Town Coumminity Barry,Outreach
Bo District,Bo City,Tengbewabu MCHP,MCHP,,,,
Bo District,Bo City,Topkoi Town CHP,CHP,Fatorma Layout,1096,Favour MCHP,Fixed
Bo District,Bo City,Topkoi Town CHP,CHP,Kedeyema,897,Kedeyema Court Barry,Outreach
Bo District,Bo City,Topkoi Town CHP,CHP,Konniema,1100,Kedeyema Court Barry,Outreach
Bo District,Bo City,Topkoi Town CHP,CHP,Kurtumahun,1500,Kurtumahun Community Barry,Outreach
Bo District,Bo City,Topkoi Town CHP,CHP,Lower Gbondo Town,1350,Favour MCHP,Fixed
Bo District,Bo City,Topkoi Town CHP,CHP,Margawo Town,958,Kedeyema Court Barry,Outreach
Bo District,Bo City,Topkoi Town CHP,CHP,Mofindor,1561,Mofindor Court Barry,Outreach
Bo District,Bo City,Topkoi Town CHP,CHP,Part Of Gogoima,500,Mofindor Court Barry,Outreach
Bo District,Bo City,Topkoi Town CHP,CHP,Tokpoi Town,3300,Topkoi Town CHC,Fixed
Bo District,Bo City,Topkoi Town CHP,CHP,Upper Gbondo Town,1160,Favour MCHP,Fixed
Bo District,Bo City,UNIMUS MCHP,MCHP,Bumpewo,2500,Bumpewo Community Barry,Outreach
Bo District,Bo City,UNIMUS MCHP,MCHP,Farguya 2,2600,Unimus MCHP,Fixed
Bo District,Bo City,UNIMUS MCHP,MCHP,King Street,2802,King Street,Outreach
Bo District,Bo City,UNIMUS MCHP,MCHP,Magomabu,890,Unimus MCHP,Fixed
Bo District,Bo City,UNIMUS MCHP,MCHP,New Gerehun Road,1143,Unimus MCHP,Fixed
Bo District,Bo City,Yemoh Town CHC,CHC,Durba 1,2500,Durba Ground Ics Sec School,Outreach
Bo District,Bo City,Yemoh Town CHC,CHC,Durba 2,3000,Durba Ground Ics Sec School,Outreach
Bo District,Bo City,Yemoh Town CHC,CHC,Durba Section,5500,Durba Ground Ics Sec School,Outreach
Bo District,Bo City,Yemoh Town CHC,CHC,Gangama,900,Gangama Court Barry,Outreach
Bo District,Bo City,Yemoh Town CHC,CHC,Giebina,450,Giebina Court Barry,Outreach
Bo District,Bo City,Yemoh Town CHC,CHC,Goguema,300,Genda CHP,Fixed
Bo District,Bo City,Yemoh Town CHC,CHC,Gondama,1800,Genda CHP,Fixed
Bo District,Bo City,Yemoh Town CHC,CHC,Kindia Town,970,New Site Section Court Barry,Outreach
Bo District,Bo City,Yemoh Town CHC,CHC,Kpakorya,250,Gangama Court Barry,Outreach
Bo District,Bo City,Yemoh Town CHC,CHC,Kpetewoma,660,Yemoh Town CHC,Fixed
Bo District,Bo City,Yemoh Town CHC,CHC,New Stie,4000,New Site Section Court Barry,Outreach
Bo District,Bo City,Yemoh Town CHC,CHC,Nyamiana,650,Giebina Court Barry,Outreach
Bo District,Bo City,Yemoh Town CHC,CHC,Part Of Gogioma,800,New Site Section Court Barry,Outreach
Bo District,Bo City,Yemoh Town CHC,CHC,Part Of Moibawo Village,500,New Site Section Court Barry,Outreach
Bo District,Bo City,Yemoh Town CHC,CHC,Part Of Yemoh Town,220,Genda CHP,Fixed
Bo District,Bo City,Yemoh Town CHC,CHC,Suckuma,1800,New Site Section Court Barry,Outreach
Bo District,Bo City,Yemoh Town CHC,CHC,Yemoh Town,3379,Yemoh Town CHC,Fixed
Bo District,Bongor Chiefdom,Gbaama MCHP,MCHP,Gbaama,1746,Gbaama MCHP,Fixed
Bo District,Bongor Chiefdom,Gbaama MCHP,MCHP,Gordie,410,Gordie Court Barray,Outreach
Bo District,Bongor Chiefdom,Gbaama MCHP,MCHP,Hegbema,770,Gbaama MCHP,Fixed
Bo District,Bongor Chiefdom,Gbaama MCHP,MCHP,Laiwahun,223,Laiwahun Court Barry,Mobile
Bo District,Bongor Chiefdom,Gbaama MCHP,MCHP,Nagbena,339,Gbaama MCHP,Fixed
Bo District,Bongor Chiefdom,Gbaama MCHP,MCHP,Yeima,273,Gbaama MCHP,Fixed
Bo District,Bongor Chiefdom,Lowoma (Bongor) MCHP,MCHP,Komemie,193,Komemie Court Barray,Mobile
Bo District,Bongor Chiefdom,Lowoma (Bongor) MCHP,MCHP,Lowuma,1500,Lowuma MCHP,Fixed
Bo District,Bongor Chiefdom,Lowoma (Bongor) MCHP,MCHP,Madina,720,Madina Court Barray,Mobile
Bo District,Bongor Chiefdom,Lowoma (Bongor) MCHP,MCHP,Ngogbebu,978,Lowuma MCHP,Fixed
Bo District,Bongor Chiefdom,Lowoma (Bongor) MCHP,MCHP,Yabaima,1060,Lowuma MCHP,Fixed
Bo District,Bongor Chiefdom,Mamboma (Bongor) CHC,CHC,Bandaru,10,Mamboma CHP,Fixed
Bo District,Bongor Chiefdom,Mamboma (Bongor) CHC,CHC,Dambala,210,Dambala TBA House,Mobile
Bo District,Bongor Chiefdom,Mamboma (Bongor) CHC,CHC,Foya,36,Mamboma CHP,Fixed
Bo District,Bongor Chiefdom,Mamboma (Bongor) CHC,CHC,Kponima,850,Kponima Court Barray,Outreach
Bo District,Bongor Chiefdom,Mamboma (Bongor) CHC,CHC,Mamboma,3272,Mamboma CHP,Fixed
Bo District,Bongor Chiefdom,Telu CHC,CHC,Baomahun1,706,Telu CHC,Fixed
Bo District,Bongor Chiefdom,Telu CHC,CHC,Baomahun2,411,Baomahun Court Barry,Outreach
Bo District,Bongor Chiefdom,Telu CHC,CHC,Faama,86,Baomahun Court Barry,Outreach
Bo District,Bongor Chiefdom,Telu CHC,CHC,Gangama,291,Telu CHC,Fixed
Bo District,Bongor Chiefdom,Telu CHC,CHC,Gboworhun,22,Baomahun Court Barry,Outreach
Bo District,Bongor Chiefdom,Telu CHC,CHC,Kpoyama,232,Telu CHC,Fixed
Bo District,Bongor Chiefdom,Telu CHC,CHC,Mbahun,98,Telu CHC,Fixed
Bo District,Bongor Chiefdom,Telu CHC,CHC,Mendekelema,1258,Telu CHC,Fixed
Bo District,Bongor Chiefdom,Telu CHC,CHC,Talia,110,Telu CHC,Fixed
Bo District,Bongor Chiefdom,Telu CHC,CHC,Telu Town,1467,Telu CHC,Fixed
Bo District,Bongor Chiefdom,Telu CHC,CHC,Walihun,1909,Baomahun Court Barry,Outreach
Bo District,Bumpe Ngao Chiefdom,Bongor (Bumpe Ngao) MCHP,MCHP,Bongor,1200,Bongor MCHP,Fixed
Bo District,Bumpe Ngao Chiefdom,Bongor (Bumpe Ngao) MCHP,MCHP,Mbelebu,271,Bongor MCHP,Fixed
Bo District,Bumpe Ngao Chiefdom,Bongor (Bumpe Ngao) MCHP,MCHP,Moyoru,300,Bongor MCHP,Fixed
Bo District,Bumpe Ngao Chiefdom,Buma MCHP,MCHP,Buma,1945,Buma MCHP,Fixed
Bo District,Bumpe Ngao Chiefdom,Buma MCHP,MCHP,Buma Njagor,210,Buma Njagor Court Barry,Outreach
Bo District,Bumpe Ngao Chiefdom,Buma MCHP,MCHP,Magiema,349,Buma MCHP,Fixed
Bo District,Bumpe Ngao Chiefdom,Buma MCHP,MCHP,Momende,340,Buma MCHP,Fixed
Bo District,Bumpe Ngao Chiefdom,Buma MCHP,MCHP,Nguabu,413,Buma MCHP,Fixed
Bo District,Bumpe Ngao Chiefdom,Bumpe CHC,CHC,Bajao,90,Bumpeh CHC,Fixed
Bo District,Bumpe Ngao Chiefdom,Bumpe CHC,CHC,Banda Foya,132,Foya Court Barry,Outreach
Bo District,Bumpe Ngao Chiefdom,Bumpe CHC,CHC,Baoma,110,Semabu Folobu Secondary Sch,Mobile
Bo District,Bumpe Ngao Chiefdom,Bumpe CHC,CHC,Bellor,100,Semabu Folobu Secondary Sch,Mobile
Bo District,Bumpe Ngao Chiefdom,Bumpe CHC,CHC,Bumpeh,1577,Bumpeh CHC,Fixed
Bo District,Bumpe Ngao Chiefdom,Bumpe CHC,CHC,Dassamu,177,Semabu Folobu Secondary Sch,Mobile
Bo District,Bumpe Ngao Chiefdom,Bumpe CHC,CHC,Fanima,73,Semabu Folobu Secondary Sch,Mobile
Bo District,Bumpe Ngao Chiefdom,Bumpe CHC,CHC,Fewanema,66,Bumpeh CHC,Fixed
Bo District,Bumpe Ngao Chiefdom,Bumpe CHC,CHC,Foya,828,Semabu Folobu Secondary Sch,Mobile
Bo District,Bumpe Ngao Chiefdom,Bumpe CHC,CHC,Gabon,66,Semabu Folobu Secondary Sch,Mobile
Bo District,Bumpe Ngao Chiefdom,Bumpe CHC,CHC,Gbenenga,105,Bumpeh CHC,Fixed
Bo District,Bumpe Ngao Chiefdom,Bumpe CHC,CHC,Hanga,100,Foya Court Barry,Outreach
Bo District,Bumpe Ngao Chiefdom,Bumpe CHC,CHC,Kawaya,84,Semabu Folobu Secondary Sch,Mobile
Bo District,Bumpe Ngao Chiefdom,Bumpe CHC,CHC,Konnie,97,Semabu Folobu Secondary Sch,Mobile
Bo District,Bumpe Ngao Chiefdom,Bumpe CHC,CHC,Kortumahun,100,Foya Court Barry,Outreach
Bo District,Bumpe Ngao Chiefdom,Bumpe CHC,CHC,Kowama Bondorboma,96,Bumpeh CHC,Fixed
Bo District,Bumpe Ngao Chiefdom,Bumpe CHC,CHC,Kowama Nenbuima,129,Foya Court Barry,Outreach
Bo District,Bumpe Ngao Chiefdom,Bumpe CHC,CHC,Leuvma,59,Bumpeh CHC,Fixed
Bo District,Bumpe Ngao Chiefdom,Bumpe CHC,CHC,Mamboma,77,Semabu Folobu Secondary Sch,Mobile
Bo District,Bumpe Ngao Chiefdom,Bumpe CHC,CHC,Mogongoi,45,Bumpeh CHC,Fixed
Bo District,Bumpe Ngao Chiefdom,Bumpe CHC,CHC,Mokowu 1,142,Foya Court Barry,Outreach
Bo District,Bumpe Ngao Chiefdom,Bumpe CHC,CHC,Mokowu 2,125,Foya Court Barry,Outreach
Bo District,Bumpe Ngao Chiefdom,Bumpe CHC,CHC,Mongenda,46,Bumpeh CHC,Fixed
Bo District,Bumpe Ngao Chiefdom,Bumpe CHC,CHC,Mongla,137,Semabu Folobu Secondary Sch,Mobile
Bo District,Bumpe Ngao Chiefdom,Bumpe CHC,CHC,Motoima,86,Bumpeh CHC,Fixed
Bo District,Bumpe Ngao Chiefdom,Bumpe CHC,CHC,Mowoso,79,Semabu Folobu Secondary Sch,Mobile
Bo District,Bumpe Ngao Chiefdom,Bumpe CHC,CHC,Ngiebu,71,Bumpeh CHC,Fixed
Bo District,Bumpe Ngao Chiefdom,Bumpe CHC,CHC,Ngiegboiya,105,Bumpeh CHC,Fixed
Bo District,Bumpe Ngao Chiefdom,Bumpe CHC,CHC,Ngieya 4,124,Semabu Folobu Secondary Sch,Mobile
Bo District,Bumpe Ngao Chiefdom,Bumpe CHC,CHC,Ngieya Fillie,121,Bumpeh CHC,Fixed
Bo District,Bumpe Ngao Chiefdom,Bumpe CHC,CHC,Nguabu,67,Bumpeh CHC,Fixed
Bo District,Bumpe Ngao Chiefdom,Bumpe CHC,CHC,Nguala,135,Bumpeh CHC,Fixed
Bo District,Bumpe Ngao Chiefdom,Bumpe CHC,CHC,Ngukpebu,52,Bumpeh CHC,Fixed
Bo District,Bumpe Ngao Chiefdom,Bumpe CHC,CHC,Njagboima,107,Foya Court Barry,Outreach
Bo District,Bumpe Ngao Chiefdom,Bumpe CHC,CHC,Njaluahun,100,Semabu Folobu Secondary Sch,Mobile
Bo District,Bumpe Ngao Chiefdom,Bumpe CHC,CHC,Pujehun,98,Foya Court Barry,Outreach
Bo District,Bumpe Ngao Chiefdom,Bumpe CHC,CHC,Salina,92,Bumpeh CHC,Fixed
Bo District,Bumpe Ngao Chiefdom,Bumpe CHC,CHC,Semabu Benya,136,Bumpeh CHC,Fixed
Bo District,Bumpe Ngao Chiefdom,Bumpe CHC,CHC,Semabu Folobu,250,Semabu Folobu Secondary Sch,Mobile
Bo District,Bumpe Ngao Chiefdom,Bumpe CHC,CHC,Sembehun Junction,505,Bumpeh CHC,Fixed
Bo District,Bumpe Ngao Chiefdom,Bumpe CHC,CHC,Simbekihun,42,Foya Court Barry,Outreach
Bo District,Bumpe Ngao Chiefdom,Bumpe CHC,CHC,Solima,122,Bumpeh CHC,Fixed
Bo District,Bumpe Ngao Chiefdom,Bumpe CHC,CHC,Voima,102,Bumpeh CHC,Fixed
Bo District,Bumpe Ngao Chiefdom,Bumpe CHC,CHC,Vulahun,124,Semabu Folobu Secondary Sch,Mobile
Bo District,Bumpe Ngao Chiefdom,Bumpe CHC,CHC,Waima,100,Bumpeh CHC,Fixed
Bo District,Bumpe Ngao Chiefdom,Kabiyama MCHP,MCHP,Baawomahun,210,Baawomahun Court Barry,Outreach
Bo District,Bumpe Ngao Chiefdom,Kabiyama MCHP,MCHP,Bamba,150,Kagbiama MCHP,Fixed
Bo District,Bumpe Ngao Chiefdom,Kabiyama MCHP,MCHP,Bumpewo,200,Kagbiama MCHP,Fixed
Bo District,Bumpe Ngao Chiefdom,Kabiyama MCHP,MCHP,Fouwama,140,Kagbiama MCHP,Fixed
Bo District,Bumpe Ngao Chiefdom,Kabiyama MCHP,MCHP,Gandorhun,140,Kagbiama MCHP,Fixed
Bo District,Bumpe Ngao Chiefdom,Kabiyama MCHP,MCHP,Kagbiama,350,Kagbiama MCHP,Fixed
Bo District,Bumpe Ngao Chiefdom,Kabiyama MCHP,MCHP,Kpetewoma,150,Baawomahun Court Barry,Outreach
Bo District,Bumpe Ngao Chiefdom,Kabiyama MCHP,MCHP,Mohasema,30,Kagbiama MCHP,Fixed
Bo District,Bumpe Ngao Chiefdom,Kabiyama MCHP,MCHP,Mohinda,38,Baawomahun Court Barry,Outreach
Bo District,Bumpe Ngao Chiefdom,Kabiyama MCHP,MCHP,Mokemeh,120,Baawomahun Court Barry,Outreach
Bo District,Bumpe Ngao Chiefdom,Kabiyama MCHP,MCHP,Mokolo,120,Baawomahun Court Barry,Outreach
Bo District,Bumpe Ngao Chiefdom,Kabiyama MCHP,MCHP,Momokanneh Junction,130,Kagbiama MCHP,Fixed
Bo District,Bumpe Ngao Chiefdom,Kabiyama MCHP,MCHP,Nyadahun,200,Baawomahun Court Barry,Outreach
Bo District,Bumpe Ngao Chiefdom,Kabiyama MCHP,MCHP,Timidi,130,Baawomahun Court Barry,Outreach
Bo District,Bumpe Ngao Chiefdom,Kaniya MCHP,MCHP,Baka,149,Ngandema Court Barry,Outreach
Bo District,Bumpe Ngao Chiefdom,Kaniya MCHP,MCHP,Juhun,218,Mofwe Court Barry,Outreach
Bo District,Bumpe Ngao Chiefdom,Kaniya MCHP,MCHP,Kaninya,600,Kaninya MCHP,Fixed
Bo District,Bumpe Ngao Chiefdom,Kaniya MCHP,MCHP,Madinawo,150,Mofwe Court Barry,Outreach
Bo District,Bumpe Ngao Chiefdom,Kaniya MCHP,MCHP,Mofwe,560,Mofwe Court Barry,Outreach
Bo District,Bumpe Ngao Chiefdom,Kaniya MCHP,MCHP,Mogbevo,269,Ngandema Court Barry,Outreach
Bo District,Bumpe Ngao Chiefdom,Kaniya MCHP,MCHP,Mowoto 2,400,Kaninya MCHP,Fixed
Bo District,Bumpe Ngao Chiefdom,Kaniya MCHP,MCHP,Mowoto- Titima,340,Kaninya MCHP,Fixed
Bo District,Bumpe Ngao Chiefdom,Kaniya MCHP,MCHP,Ngalahun,49,Ngandema Court Barry,Outreach
Bo District,Bumpe Ngao Chiefdom,Kaniya MCHP,MCHP,Njedema,293,Ngandema Court Barry,Outreach
Bo District,Bumpe Ngao Chiefdom,Kaniya MCHP,MCHP,Nyandehun,50,Kaninya MCHP,Fixed
Bo District,Bumpe Ngao Chiefdom,Kaniya MCHP,MCHP,Tissana,400,Mofwe Court Barry,Outreach
Bo District,Bumpe Ngao Chiefdom,Kpetema (Bumpe Ngao) CHP,CHP,Ballehun,290,Balehun Court Barry,Mobile
Bo District,Bumpe Ngao Chiefdom,Kpetema (Bumpe Ngao) CHP,CHP,Dandabu,80,Kpetema CHP,Fixed
Bo District,Bumpe Ngao Chiefdom,Kpetema (Bumpe Ngao) CHP,CHP,Hasting,22,Balehun Court Barry,Mobile
Bo District,Bumpe Ngao Chiefdom,Kpetema (Bumpe Ngao) CHP,CHP,Hotawuloma,162,Kpetema CHP,Fixed
Bo District,Bumpe Ngao Chiefdom,Kpetema (Bumpe Ngao) CHP,CHP,Jewenga,50,Balehun Court Barry,Mobile
Bo District,Bumpe Ngao Chiefdom,Kpetema (Bumpe Ngao) CHP,CHP,Kpandemie,105,Kpetema CHP,Fixed
Bo District,Bumpe Ngao Chiefdom,Kpetema (Bumpe Ngao) CHP,CHP,Kpejebu,26,Kpetema CHP,Fixed
Bo District,Bumpe Ngao Chiefdom,Kpetema (Bumpe Ngao) CHP,CHP,Kpetema,1907,Kpetema CHP,Fixed
Bo District,Bumpe Ngao Chiefdom,Kpetema (Bumpe Ngao) CHP,CHP,Manavulahun,38,Kpetema CHP,Fixed
Bo District,Bumpe Ngao Chiefdom,Kpetema (Bumpe Ngao) CHP,CHP,Mongere,186,Kpetema CHP,Fixed
Bo District,Bumpe Ngao Chiefdom,Kpetema (Bumpe Ngao) CHP,CHP,Ngiyehunsongay,100,Kpetema CHP,Fixed
Bo District,Bumpe Ngao Chiefdom,Kpetema (Bumpe Ngao) CHP,CHP,Niagorehun Sombie,350,Balehun Court Barry,Mobile
Bo District,Bumpe Ngao Chiefdom,Kpetema (Bumpe Ngao) CHP,CHP,Sembehun Batayama,15,Kpetema CHP,Fixed
Bo District,Bumpe Ngao Chiefdom,Makayonie MCHP,MCHP,Bambuibu,114,Makayoni MCHP,Fixed
Bo District,Bumpe Ngao Chiefdom,Makayonie MCHP,MCHP,Gendema,210,Makayoni MCHP,Fixed
Bo District,Bumpe Ngao Chiefdom,Makayonie MCHP,MCHP,Gordie,84,Makayoni MCHP,Fixed
Bo District,Bumpe Ngao Chiefdom,Makayonie MCHP,MCHP,Hangha,473,Makayoni MCHP,Fixed
Bo District,Bumpe Ngao Chiefdom,Makayonie MCHP,MCHP,Hotawulomie,98,Makayoni MCHP,Fixed
Bo District,Bumpe Ngao Chiefdom,Makayonie MCHP,MCHP,Kpatema,108,Ngieyegboiya Primary Sch,Outreach
Bo District,Bumpe Ngao Chiefdom,Makayonie MCHP,MCHP,Kpetewoma,357,Makayoni MCHP,Fixed
Bo District,Bumpe Ngao Chiefdom,Makayonie MCHP,MCHP,Majehun,212,Makayoni MCHP,Fixed
Bo District,Bumpe Ngao Chiefdom,Makayonie MCHP,MCHP,Makayoni,515,Makayoni MCHP,Fixed
Bo District,Bumpe Ngao Chiefdom,Makayonie MCHP,MCHP,Masahun,130,Makayoni MCHP,Fixed
Bo District,Bumpe Ngao Chiefdom,Makayonie MCHP,MCHP,Matagelema,217,Makayoni MCHP,Fixed
Bo District,Bumpe Ngao Chiefdom,Makayonie MCHP,MCHP,Mokombay,227,Makayoni MCHP,Fixed
Bo District,Bumpe Ngao Chiefdom,Makayonie MCHP,MCHP,Mokpendeh,80,Makayoni MCHP,Fixed
Bo District,Bumpe Ngao Chiefdom,Makayonie MCHP,MCHP,Momado,206,Makayoni MCHP,Fixed
Bo District,Bumpe Ngao Chiefdom,Makayonie MCHP,MCHP,Ngangema,106,Makayoni MCHP,Fixed
Bo District,Bumpe Ngao Chiefdom,Makayonie MCHP,MCHP,Ngiegboya,352,Ngieyegboiya Primary Sch,Outreach
Bo District,Bumpe Ngao Chiefdom,Makayonie MCHP,MCHP,Pelewahun,80,Makayoni MCHP,Fixed
Bo District,Bumpe Ngao Chiefdom,Makayonie MCHP,MCHP,Sembehun Dowo,255,Ngieyegboiya Primary Sch,Outreach
Bo District,Bumpe Ngao Chiefdom,Makayonie MCHP,MCHP,Toebu 1,353,Makayoni MCHP,Fixed
Bo District,Bumpe Ngao Chiefdom,Makayonie MCHP,MCHP,Toebu 2,110,Makayoni MCHP,Fixed
Bo District,Bumpe Ngao Chiefdom,Mokoba MCHP,MCHP,Faikundor,68,Yonnie Court Barry,Outreach
Bo District,Bumpe Ngao Chiefdom,Mokoba MCHP,MCHP,Kotumahun,60,Mokoba MCHP,Fixed
Bo District,Bumpe Ngao Chiefdom,Mokoba MCHP,MCHP,Makandama,46,Yonnie Court Barry,Outreach
Bo District,Bumpe Ngao Chiefdom,Mokoba MCHP,MCHP,Mokoba,2355,Mokoba MCHP,Fixed
Bo District,Bumpe Ngao Chiefdom,Mokoba MCHP,MCHP,Mokoba Old Town,1010,Yonnie Court Barry,Outreach
Bo District,Bumpe Ngao Chiefdom,Mokoba MCHP,MCHP,Mokondor Vulahun,46,Mokoba MCHP,Fixed
Bo District,Bumpe Ngao Chiefdom,Mokoba MCHP,MCHP,Ndorhun,66,Mokoba MCHP,Fixed
Bo District,Bumpe Ngao Chiefdom,Mokoba MCHP,MCHP,Voima,90,Yonnie Court Barry,Outreach
Bo District,Bumpe Ngao Chiefdom,Mokoba MCHP,MCHP,Yonnie,1406,Yonnie Court Barry,Outreach
Bo District,Bumpe Ngao Chiefdom,Mokpende MCHP,MCHP,Kamasu,245,Kamasu Court Barry,Mobile
Bo District,Bumpe Ngao Chiefdom,Mokpende MCHP,MCHP,Mokpende,1500,Mokpende MCHP,Fixed
Bo District,Bumpe Ngao Chiefdom,Mokpende MCHP,MCHP,Nyandehun,105,Kamasu Court Barry,Mobile
Bo District,Bumpe Ngao Chiefdom,Mokpende MCHP,MCHP,Walihun,205,Mokpende MCHP,Fixed
Bo District,Bumpe Ngao Chiefdom,Mokpende MCHP,MCHP,Yengemawo,410,Mokpende MCHP,Fixed
Bo District,Bumpe Ngao Chiefdom,Ngolahun (Bumpe Ngao) CHC,CHC,Banda,198,Ngolahun CHC,Fixed
Bo District,Bumpe Ngao Chiefdom,Ngolahun (Bumpe Ngao) CHC,CHC,Bangalu,65,Ngolahun CHC,Fixed
Bo District,Bumpe Ngao Chiefdom,Ngolahun (Bumpe Ngao) CHC,CHC,Benduma 1,108,Torpkombu Court Barray,Mobile
Bo District,Bumpe Ngao Chiefdom,Ngolahun (Bumpe Ngao) CHC,CHC,Benduma 2,65,Torpkombu Court Barray,Mobile
Bo District,Bumpe Ngao Chiefdom,Ngolahun (Bumpe Ngao) CHC,CHC,Camaroun,80,Camaroun Court Barry,Mobile
Bo District,Bumpe Ngao Chiefdom,Ngolahun (Bumpe Ngao) CHC,CHC,Congo,86,Ngolahun CHC,Fixed
Bo District,Bumpe Ngao Chiefdom,Ngolahun (Bumpe Ngao) CHC,CHC,Gbahama,128,Camaroun Court Barry,Mobile
Bo District,Bumpe Ngao Chiefdom,Ngolahun (Bumpe Ngao) CHC,CHC,Gbangba,198,Torpkombu Court Barray,Mobile
Bo District,Bumpe Ngao Chiefdom,Ngolahun (Bumpe Ngao) CHC,CHC,Gieyah,65,Ngolahun CHC,Fixed
Bo District,Bumpe Ngao Chiefdom,Ngolahun (Bumpe Ngao) CHC,CHC,Gogoima,220,Ngolahun CHC,Fixed
Bo District,Bumpe Ngao Chiefdom,Ngolahun (Bumpe Ngao) CHC,CHC,Gondama,292,Camaroun Court Barry,Mobile
Bo District,Bumpe Ngao Chiefdom,Ngolahun (Bumpe Ngao) CHC,CHC,Jaiyahun Teyama,205,Torpkombu Court Barray,Mobile
Bo District,Bumpe Ngao Chiefdom,Ngolahun (Bumpe Ngao) CHC,CHC,Lawana,70,Ngolahun CHC,Fixed
Bo District,Bumpe Ngao Chiefdom,Ngolahun (Bumpe Ngao) CHC,CHC,Manowo,122,Camaroun Court Barry,Mobile
Bo District,Bumpe Ngao Chiefdom,Ngolahun (Bumpe Ngao) CHC,CHC,Missila,204,Torpkombu Court Barray,Mobile
Bo District,Bumpe Ngao Chiefdom,Ngolahun (Bumpe Ngao) CHC,CHC,Mobimbe,44,Torpkombu Court Barray,Mobile
Bo District,Bumpe Ngao Chiefdom,Ngolahun (Bumpe Ngao) CHC,CHC,Mofindor,27,Camaroun Court Barry,Mobile
Bo District,Bumpe Ngao Chiefdom,Ngolahun (Bumpe Ngao) CHC,CHC,Moforay,180,Torpkombu Court Barray,Mobile
Bo District,Bumpe Ngao Chiefdom,Ngolahun (Bumpe Ngao) CHC,CHC,Moguma,48,Ngolahun CHC,Fixed
Bo District,Bumpe Ngao Chiefdom,Ngolahun (Bumpe Ngao) CHC,CHC,Nduvuibu,204,Ngolahun CHC,Fixed
Bo District,Bumpe Ngao Chiefdom,Ngolahun (Bumpe Ngao) CHC,CHC,Ngelehun,20,Ngolahun CHC,Fixed
Bo District,Bumpe Ngao Chiefdom,Ngolahun (Bumpe Ngao) CHC,CHC,Ngolahun,875,Ngolahun CHC,Fixed
Bo District,Bumpe Ngao Chiefdom,Ngolahun (Bumpe Ngao) CHC,CHC,Njagbema,171,Ngolahun CHC,Fixed
Bo District,Bumpe Ngao Chiefdom,Ngolahun (Bumpe Ngao) CHC,CHC,Nyagorehun,184,Torpkombu Court Barray,Mobile
Bo District,Bumpe Ngao Chiefdom,Ngolahun (Bumpe Ngao) CHC,CHC,Patama,66,Camaroun Court Barry,Mobile
Bo District,Bumpe Ngao Chiefdom,Ngolahun (Bumpe Ngao) CHC,CHC,Pelewahun,86,Torpkombu Court Barray,Mobile
Bo District,Bumpe Ngao Chiefdom,Ngolahun (Bumpe Ngao) CHC,CHC,Senehun,216,Ngolahun CHC,Fixed
Bo District,Bumpe Ngao Chiefdom,Ngolahun (Bumpe Ngao) CHC,CHC,Torkporgoma,46,Camaroun Court Barry,Mobile
Bo District,Bumpe Ngao Chiefdom,Ngolahun (Bumpe Ngao) CHC,CHC,Torkpumbu,236,Torpkombu Court Barray,Mobile
Bo District,Bumpe Ngao Chiefdom,Ngolahun (Bumpe Ngao) CHC,CHC,Waterloo,91,Camaroun Court Barry,Mobile
Bo District,Bumpe Ngao Chiefdom,Niagorehun Vaakie MCHP,MCHP,Baoya,30,Niagorehun Vakie MCHP,Fixed
Bo District,Bumpe Ngao Chiefdom,Niagorehun Vaakie MCHP,MCHP,Fullawahun,130,Niagorehun Vakie MCHP,Fixed
Bo District,Bumpe Ngao Chiefdom,Niagorehun Vaakie MCHP,MCHP,Funkia,40,Niagorehun Vakie MCHP,Fixed
Bo District,Bumpe Ngao Chiefdom,Niagorehun Vaakie MCHP,MCHP,Gbeworbu,33,Niagorehun Vakie MCHP,Fixed
Bo District,Bumpe Ngao Chiefdom,Niagorehun Vaakie MCHP,MCHP,Gbongema,300,Niagorehun Vakie MCHP,Fixed
Bo District,Bumpe Ngao Chiefdom,Niagorehun Vaakie MCHP,MCHP,Hanga,170,Niagorehun Vakie MCHP,Fixed
Bo District,Bumpe Ngao Chiefdom,Niagorehun Vaakie MCHP,MCHP,Kowamanebuima,355,Niagorehun Vakie MCHP,Fixed
Bo District,Bumpe Ngao Chiefdom,Niagorehun Vaakie MCHP,MCHP,Ngiya Bondo,40,Niagorehun Vakie MCHP,Fixed
Bo District,Bumpe Ngao Chiefdom,Niagorehun Vaakie MCHP,MCHP,Ngiya Jakie,55,Niagorehun Vakie MCHP,Fixed
Bo District,Bumpe Ngao Chiefdom,Niagorehun Vaakie MCHP,MCHP,Niagorehun Vakie,500,Niagorehun Vakie MCHP,Fixed
Bo District,Bumpe Ngao Chiefdom,Niagorehun Vaakie MCHP,MCHP,Pelewahn Kpengbewulay,190,Niagorehun Vakie MCHP,Fixed
Bo District,Bumpe Ngao Chiefdom,Niagorehun Vaakie MCHP,MCHP,Pujehun,30,Niagorehun Vakie MCHP,Fixed
Bo District,Bumpe Ngao Chiefdom,Niagorehun Vaakie MCHP,MCHP,Semabu,38,Niagorehun Vakie MCHP,Fixed
Bo District,Bumpe Ngao Chiefdom,Sahn (Bumpe Ngao) CHP,CHP,Banda Sahn,150,Sahn Bumpeh CHC,Fixed
Bo District,Bumpe Ngao Chiefdom,Sahn (Bumpe Ngao) CHP,CHP,Bandajuma,52,Sahn Bumpeh CHC,Fixed
Bo District,Bumpe Ngao Chiefdom,Sahn (Bumpe Ngao) CHP,CHP,Gendama,200,Sahn Bumpeh CHC,Fixed
Bo District,Bumpe Ngao Chiefdom,Sahn (Bumpe Ngao) CHP,CHP,Gondama,51,Sahn Bumpeh CHC,Fixed
Bo District,Bumpe Ngao Chiefdom,Sahn (Bumpe Ngao) CHP,CHP,Karpuma,31,Semabu Gbato,Mobile
Bo District,Bumpe Ngao Chiefdom,Sahn (Bumpe Ngao) CHP,CHP,Manoma,32,Semabu Gbato,Mobile
Bo District,Bumpe Ngao Chiefdom,Sahn (Bumpe Ngao) CHP,CHP,Mowoto Wayiebu,200,Sahn Bumpeh CHC,Fixed
Bo District,Bumpe Ngao Chiefdom,Sahn (Bumpe Ngao) CHP,CHP,Nengbema,150,Sahn Bumpeh CHC,Fixed
Bo District,Bumpe Ngao Chiefdom,Sahn (Bumpe Ngao) CHP,CHP,Njorbohun,200,Semabu Gbato,Mobile
Bo District,Bumpe Ngao Chiefdom,Sahn (Bumpe Ngao) CHP,CHP,Sahn,1500,Sahn Bumpeh CHC,Fixed
Bo District,Bumpe Ngao Chiefdom,Sahn (Bumpe Ngao) CHP,CHP,Sahn Juncction,100,Sahn Bumpeh CHC,Fixed
Bo District,Bumpe Ngao Chiefdom,Sahn (Bumpe Ngao) CHP,CHP,Semabu Gbato,418,Semabu Gbato,Mobile
Bo District,Bumpe Ngao Chiefdom,Sahn (Bumpe Ngao) CHP,CHP,Semabu Junction.,32,Semabu Gbato,Mobile
Bo District,Bumpe Ngao Chiefdom,Sahn (Bumpe Ngao) CHP,CHP,Sembehun,127,Semabu Gbato,Mobile
Bo District,Bumpe Ngao Chiefdom,Sahn (Bumpe Ngao) CHP,CHP,Tablahun,324,Sahn Bumpeh CHC,Fixed
Bo District,Bumpe Ngao Chiefdom,Sahn (Bumpe Ngao) CHP,CHP,Tokpumbu,62,Sahn Bumpeh CHC,Fixed
Bo District,Bumpe Ngao Chiefdom,Sahn (Bumpe Ngao) CHP,CHP,Victoria,58,Sahn Bumpeh CHC,Fixed
Bo District,Bumpe Ngao Chiefdom,Serabu (Bumpe Ngao) CHC,CHC,Blama Banie,150,Nyorlema,Outreach
Bo District,Bumpe Ngao Chiefdom,Serabu (Bumpe Ngao) CHC,CHC,Dodo,130,Kpanguma Primary Sch,Outreach
Bo District,Bumpe Ngao Chiefdom,Serabu (Bumpe Ngao) CHC,CHC,Jomborhun,100,Nyorlema,Outreach
Bo District,Bumpe Ngao Chiefdom,Serabu (Bumpe Ngao) CHC,CHC,Kpanguma,107,Kpanguma Primary Sch,Outreach
Bo District,Bumpe Ngao Chiefdom,Serabu (Bumpe Ngao) CHC,CHC,Massao,200,Serabu CHC,Fixed
Bo District,Bumpe Ngao Chiefdom,Serabu (Bumpe Ngao) CHC,CHC,Mokibie,200,Kpanguma Primary Sch,Outreach
Bo District,Bumpe Ngao Chiefdom,Serabu (Bumpe Ngao) CHC,CHC,Motimo,120,Nyorlema,Outreach
Bo District,Bumpe Ngao Chiefdom,Serabu (Bumpe Ngao) CHC,CHC,Ndupubu,250,Serabu CHC,Fixed
Bo District,Bumpe Ngao Chiefdom,Serabu (Bumpe Ngao) CHC,CHC,Netiwo,95,Kpanguma Primary Sch,Outreach
Bo District,Bumpe Ngao Chiefdom,Serabu (Bumpe Ngao) CHC,CHC,Niagorehun,150,Kpanguma Primary Sch,Outreach
Bo District,Bumpe Ngao Chiefdom,Serabu (Bumpe Ngao) CHC,CHC,Njanema,100,Kpanguma Primary Sch,Outreach
Bo District,Bumpe Ngao Chiefdom,Serabu (Bumpe Ngao) CHC,CHC,Nyorlema,500,Nyorlema,Outreach
Bo District,Bumpe Ngao Chiefdom,Serabu (Bumpe Ngao) CHC,CHC,Sengema,330,Serabu CHC,Fixed
Bo District,Bumpe Ngao Chiefdom,Serabu (Bumpe Ngao) CHC,CHC,Serabu,3100,Serabu CHC,Fixed
Bo District,Bumpe Ngao Chiefdom,Taninahun (Bumpe Ngao) CHP,CHP,Bandaya,30,Taninahun CHP,Fixed
Bo District,Bumpe Ngao Chiefdom,Taninahun (Bumpe Ngao) CHP,CHP,Baoma,30,Taninahun CHP,Fixed
Bo District,Bumpe Ngao Chiefdom,Taninahun (Bumpe Ngao) CHP,CHP,Dodo,45,Taninahun CHP,Fixed
Bo District,Bumpe Ngao Chiefdom,Taninahun (Bumpe Ngao) CHP,CHP,Fulaninahun,90,Mogiba Court Barry,Outreach
Bo District,Bumpe Ngao Chiefdom,Taninahun (Bumpe Ngao) CHP,CHP,Gbangema,80,Taninahun CHP,Fixed
Bo District,Bumpe Ngao Chiefdom,Taninahun (Bumpe Ngao) CHP,CHP,Gendema,90,Taninahun CHP,Fixed
Bo District,Bumpe Ngao Chiefdom,Taninahun (Bumpe Ngao) CHP,CHP,Jeneh,90,Taninahun CHP,Fixed
Bo District,Bumpe Ngao Chiefdom,Taninahun (Bumpe Ngao) CHP,CHP,Kpakpabu,30,Mogiba Court Barry,Outreach
Bo District,Bumpe Ngao Chiefdom,Taninahun (Bumpe Ngao) CHP,CHP,Macca,80,Mogiba Court Barry,Outreach
Bo District,Bumpe Ngao Chiefdom,Taninahun (Bumpe Ngao) CHP,CHP,Mogbonda,25,Taninahun CHP,Fixed
Bo District,Bumpe Ngao Chiefdom,Taninahun (Bumpe Ngao) CHP,CHP,Mogiba,100,Mogiba Court Barry,Outreach
Bo District,Bumpe Ngao Chiefdom,Taninahun (Bumpe Ngao) CHP,CHP,Mokambo,120,Taninahun CHP,Fixed
Bo District,Bumpe Ngao Chiefdom,Taninahun (Bumpe Ngao) CHP,CHP,Molunya,350,Taninahun CHP,Fixed
Bo District,Bumpe Ngao Chiefdom,Taninahun (Bumpe Ngao) CHP,CHP,Mongabay,40,Mogiba Court Barry,Outreach
Bo District,Bumpe Ngao Chiefdom,Taninahun (Bumpe Ngao) CHP,CHP,Mongagba,80,Taninahun CHP,Fixed
Bo District,Bumpe Ngao Chiefdom,Taninahun (Bumpe Ngao) CHP,CHP,Mongegbindi,95,Taninahun CHP,Fixed
Bo District,Bumpe Ngao Chiefdom,Taninahun (Bumpe Ngao) CHP,CHP,Moryoi,70,Mogiba Court Barry,Outreach
Bo District,Bumpe Ngao Chiefdom,Taninahun (Bumpe Ngao) CHP,CHP,Motoko,40,Taninahun CHP,Fixed
Bo District,Bumpe Ngao Chiefdom,Taninahun (Bumpe Ngao) CHP,CHP,Nagbena,250,Taninahun CHP,Fixed
Bo District,Bumpe Ngao Chiefdom,Taninahun (Bumpe Ngao) CHP,CHP,Nagbena Junction,15,Taninahun CHP,Fixed
Bo District,Bumpe Ngao Chiefdom,Taninahun (Bumpe Ngao) CHP,CHP,Njagbahun,50,Taninahun CHP,Fixed
Bo District,Bumpe Ngao Chiefdom,Taninahun (Bumpe Ngao) CHP,CHP,Njagbema,20,Taninahun CHP,Fixed
Bo District,Bumpe Ngao Chiefdom,Taninahun (Bumpe Ngao) CHP,CHP,Njala,50,Taninahun CHP,Fixed
Bo District,Bumpe Ngao Chiefdom,Taninahun (Bumpe Ngao) CHP,CHP,Patama 2,50,Taninahun CHP,Fixed
Bo District,Bumpe Ngao Chiefdom,Taninahun (Bumpe Ngao) CHP,CHP,Pelewahun,300,Mogiba Court Barry,Outreach
Bo District,Bumpe Ngao Chiefdom,Taninahun (Bumpe Ngao) CHP,CHP,Sembehun,80,Taninahun CHP,Fixed
Bo District,Bumpe Ngao Chiefdom,Taninahun (Bumpe Ngao) CHP,CHP,Taninahun,900,Taninahun CHP,Fixed
Bo District,Bumpe Ngao Chiefdom,Walihun (Bumpe Ngao) MCHP,MCHP,Bondayelahun,315,Jimminga Court Barry,Mobile
Bo District,Bumpe Ngao Chiefdom,Walihun (Bumpe Ngao) MCHP,MCHP,Farbu,130,Walihun MCHP,Fixed
Bo District,Bumpe Ngao Chiefdom,Walihun (Bumpe Ngao) MCHP,MCHP,Gbardo,122,Walihun MCHP,Fixed
Bo District,Bumpe Ngao Chiefdom,Walihun (Bumpe Ngao) MCHP,MCHP,Jimiminga,230,Jimminga Court Barry,Mobile
Bo District,Bumpe Ngao Chiefdom,Walihun (Bumpe Ngao) MCHP,MCHP,Lungi,130,Jimminga Court Barry,Mobile
Bo District,Bumpe Ngao Chiefdom,Walihun (Bumpe Ngao) MCHP,MCHP,Manjama,93,Jimminga Court Barry,Mobile
Bo District,Bumpe Ngao Chiefdom,Walihun (Bumpe Ngao) MCHP,MCHP,Sahun,60,Jimminga Court Barry,Mobile
Bo District,Bumpe Ngao Chiefdom,Walihun (Bumpe Ngao) MCHP,MCHP,Tongie,168,Jimminga Court Barry,Mobile
Bo District,Bumpe Ngao Chiefdom,Walihun (Bumpe Ngao) MCHP,MCHP,Walihun,1754,Walihun MCHP,Fixed
Bo District,Bumpe Ngao Chiefdom,Yengema (Bumpe Ngao) MCHP,MCHP,Kanga,500,Yengema MCHP,Fixed
Bo District,Bumpe Ngao Chiefdom,Yengema (Bumpe Ngao) MCHP,MCHP,Komende,196,Yengema MCHP,Fixed
Bo District,Bumpe Ngao Chiefdom,Yengema (Bumpe Ngao) MCHP,MCHP,Kowama,800,Kowama Court Barry,Mobile
Bo District,Bumpe Ngao Chiefdom,Yengema (Bumpe Ngao) MCHP,MCHP,Madina,244,Kowama Court Barry,Mobile
Bo District,Bumpe Ngao Chiefdom,Yengema (Bumpe Ngao) MCHP,MCHP,Morjajoe,285,Yengema MCHP,Fixed
Bo District,Bumpe Ngao Chiefdom,Yengema (Bumpe Ngao) MCHP,MCHP,Ngeyahun,229,Yengema MCHP,Fixed
Bo District,Bumpe Ngao Chiefdom,Yengema (Bumpe Ngao) MCHP,MCHP,Njorborhun,189,Yengema MCHP,Fixed
Bo District,Bumpe Ngao Chiefdom,Yengema (Bumpe Ngao) MCHP,MCHP,Sembehun,89,Yengema MCHP,Fixed
Bo District,Bumpe Ngao Chiefdom,Yengema (Bumpe Ngao) MCHP,MCHP,Yengema,2313,Yengema MCHP,Fixed
Bo District,Gbo Chiefdom,Gbaiima CHC,CHC,Barlu,70,Gbandi Court Barray,Mobile
Bo District,Gbo Chiefdom,Gbaiima CHC,CHC,Batiama,80,Dodo Court Barray,Mobile
Bo District,Gbo Chiefdom,Gbaiima CHC,CHC,Benduma,150,Gbaiima CHC,Fixed
Bo District,Gbo Chiefdom,Gbaiima CHC,CHC,Bessibu,150,Gbaiima CHC,Fixed
Bo District,Gbo Chiefdom,Gbaiima CHC,CHC,Borborbu,160,Dodo Court Barray,Mobile
Bo District,Gbo Chiefdom,Gbaiima CHC,CHC,Dodo,300,Dodo Court Barray,Mobile
Bo District,Gbo Chiefdom,Gbaiima CHC,CHC,Fagorya,45,Dodo Court Barray,Mobile
Bo District,Gbo Chiefdom,Gbaiima CHC,CHC,Foya 1,50,Gbandi Court Barray,Mobile
Bo District,Gbo Chiefdom,Gbaiima CHC,CHC,Foya 2,71,Gbandi Court Barray,Mobile
Bo District,Gbo Chiefdom,Gbaiima CHC,CHC,Gangama,40,Gbaiima CHC,Fixed
Bo District,Gbo Chiefdom,Gbaiima CHC,CHC,Gbaborwobu,75,Gbaiima CHC,Fixed
Bo District,Gbo Chiefdom,Gbaiima CHC,CHC,Gbaiima Town,1425,Gbaiima CHC,Fixed
Bo District,Gbo Chiefdom,Gbaiima CHC,CHC,Gbandi,600,Gbandi Court Barray,Mobile
Bo District,Gbo Chiefdom,Gbaiima CHC,CHC,Hiima,200,Gbaiima CHC,Fixed
Bo District,Gbo Chiefdom,Gbaiima CHC,CHC,Isreal,45,Gbandi Court Barray,Mobile
Bo District,Gbo Chiefdom,Gbaiima CHC,CHC,Kortumahun Kalenkay,100,Dodo Court Barray,Mobile
Bo District,Gbo Chiefdom,Gbaiima CHC,CHC,Kortumahun Marvie,150,Dodo Court Barray,Mobile
Bo District,Gbo Chiefdom,Gbaiima CHC,CHC,Kossa,70,Gbaiima CHC,Fixed
Bo District,Gbo Chiefdom,Gbaiima CHC,CHC,Majihun,150,Dodo Court Barray,Mobile
Bo District,Gbo Chiefdom,Gbaiima CHC,CHC,Massahun,75,Dodo Court Barray,Mobile
Bo District,Gbo Chiefdom,Gbaiima CHC,CHC,Mogbesie,230,Dodo Court Barray,Mobile
Bo District,Gbo Chiefdom,Gbaiima CHC,CHC,Mokebbie,225,Dodo Court Barray,Mobile
Bo District,Gbo Chiefdom,Gbaiima CHC,CHC,Molambi,60,Gbandi Court Barray,Mobile
Bo District,Gbo Chiefdom,Gbaiima CHC,CHC,Molendeh,250,Dodo Court Barray,Mobile
Bo District,Gbo Chiefdom,Gbaiima CHC,CHC,Mosua,90,Dodo Court Barray,Mobile
Bo District,Gbo Chiefdom,Gbaiima CHC,CHC,Ngolala,150,Gbandi Court Barray,Mobile
Bo District,Gbo Chiefdom,Gbaiima CHC,CHC,Niagorehun,110,Gbandi Court Barray,Mobile
Bo District,Gbo Chiefdom,Gbaiima CHC,CHC,Pelewahun,59,Gbandi Court Barray,Mobile
Bo District,Gbo Chiefdom,Gbaiima CHC,CHC,Pujehun,105,Dodo Court Barray,Mobile
Bo District,Gbo Chiefdom,Gbaiima CHC,CHC,Sembekhun,45,Gbandi Court Barray,Mobile
Bo District,Gbo Chiefdom,Gbaiima CHC,CHC,Senehun,110,Dodo Court Barray,Mobile
Bo District,Gbo Chiefdom,Gbaiima CHC,CHC,Talia,69,Gbandi Court Barray,Mobile
Bo District,Gbo Chiefdom,Sembehun Mamagewoh CHC,CHC,Bajawo,325,Sembehun Mamagewor MCHP,Fixed
Bo District,Gbo Chiefdom,Sembehun Mamagewoh CHC,CHC,Balehun,91,Ngoyiahun Court Barray,Mobile
Bo District,Gbo Chiefdom,Sembehun Mamagewoh CHC,CHC,Bongeya,192,Ngoyiahun Court Barray,Mobile
Bo District,Gbo Chiefdom,Sembehun Mamagewoh CHC,CHC,Gbanguma,76,Njabormie Court Barray,Mobile
Bo District,Gbo Chiefdom,Sembehun Mamagewoh CHC,CHC,Kakama,95,Sembehun Mamagewor MCHP,Fixed
Bo District,Gbo Chiefdom,Sembehun Mamagewoh CHC,CHC,Manjama,145,Njabormie Court Barray,Mobile
Bo District,Gbo Chiefdom,Sembehun Mamagewoh CHC,CHC,Motimoh,52,Njabormie Court Barray,Mobile
Bo District,Gbo Chiefdom,Sembehun Mamagewoh CHC,CHC,Nargbena,141,Njabormie Court Barray,Mobile
Bo District,Gbo Chiefdom,Sembehun Mamagewoh CHC,CHC,Ngoyiahun,150,Ngoyiahun Court Barray,Mobile
Bo District,Gbo Chiefdom,Sembehun Mamagewoh CHC,CHC,Niagorehun,82,Ngoyiahun Court Barray,Mobile
Bo District,Gbo Chiefdom,Sembehun Mamagewoh CHC,CHC,Njabormie,340,Njabormie Court Barray,Mobile
Bo District,Gbo Chiefdom,Sembehun Mamagewoh CHC,CHC,Sembehun Mamagewor,655,Sembehun Mamagewor MCHP,Fixed
Bo District,Jaiama Chiefdom,Koribondo CHC,CHC,Bendu,1520,Bendu Court Barray,Outreach
Bo District,Jaiama Chiefdom,Koribondo CHC,CHC,Buma,531,Bendu Court Barray,Outreach
Bo District,Jaiama Chiefdom,Koribondo CHC,CHC,Foyama,312,Fulawahun Court Barray,Mobile
Bo District,Jaiama Chiefdom,Koribondo CHC,CHC,Fulawahun,511,Fulawahun Court Barray,Mobile
Bo District,Jaiama Chiefdom,Koribondo CHC,CHC,Kandor,2305,Koribondo CHC,Fixed
Bo District,Jaiama Chiefdom,Koribondo CHC,CHC,Koribondo Town,4620,Koribondo CHC,Fixed
Bo District,Jaiama Chiefdom,Koribondo CHC,CHC,Kpakuma,428,Bendu Court Barray,Outreach
Bo District,Jaiama Chiefdom,Koribondo CHC,CHC,Kpulimie,335,Fulawahun Court Barray,Mobile
Bo District,Jaiama Chiefdom,Koribondo CHC,CHC,Largor,315,Fulawahun Court Barray,Mobile
Bo District,Jaiama Chiefdom,Koribondo CHC,CHC,Lungi,346,Koribondo CHC,Fixed
Bo District,Jaiama Chiefdom,Koribondo CHC,CHC,Vaama,98,Fulawahun Court Barray,Mobile
Bo District,Jaiama Chiefdom,Mano-Jaiama CHP,CHP,Bakar,244,Sogorma Court Barray,Outreach
Bo District,Jaiama Chiefdom,Mano-Jaiama CHP,CHP,Blamawui,304,Jomborhun Community Barray,Outreach
Bo District,Jaiama Chiefdom,Mano-Jaiama CHP,CHP,Folu,364,Mano Jaiama CHP,Fixed
Bo District,Jaiama Chiefdom,Mano-Jaiama CHP,CHP,Gbangiema,448,Mano Jaiama CHP,Fixed
Bo District,Jaiama Chiefdom,Mano-Jaiama CHP,CHP,Jomborhun,1489,Jomborhun Community Barray,Outreach
Bo District,Jaiama Chiefdom,Mano-Jaiama CHP,CHP,Kiambay,109,Mano Jaiama CHP,Fixed
Bo District,Jaiama Chiefdom,Mano-Jaiama CHP,CHP,Kpetema,588,Mano Jaiama CHP,Fixed
Bo District,Jaiama Chiefdom,Mano-Jaiama CHP,CHP,Kpomima-Jaiama,899,Sogorma Court Barray,Outreach
Bo District,Jaiama Chiefdom,Mano-Jaiama CHP,CHP,Mano Jaiama,469,Mano Jaiama CHP,Fixed
Bo District,Jaiama Chiefdom,Mano-Jaiama CHP,CHP,Meyama,436,Mano Jaiama CHP,Fixed
Bo District,Jaiama Chiefdom,Mano-Jaiama CHP,CHP,Mile 30,234,Sogorma Court Barray,Outreach
Bo District,Jaiama Chiefdom,Mano-Jaiama CHP,CHP,Ngbeyama,98,Sogorma Court Barray,Outreach
Bo District,Jaiama Chiefdom,Mano-Jaiama CHP,CHP,Ngombu,411,Sogorma Court Barray,Outreach
Bo District,Jaiama Chiefdom,Mano-Jaiama CHP,CHP,Sogorma,668,Sogorma Court Barray,Outreach
Bo District,Jaiama Chiefdom,Niayahun CHP,CHP,Gbaima,15,Yendema Court Barray,Mobile
Bo District,Jaiama Chiefdom,Niayahun CHP,CHP,Juhun,445,Juhun Community Barray,Outreach
Bo District,Jaiama Chiefdom,Niayahun CHP,CHP,Manowo,36,Juhun Community Barray,Outreach
Bo District,Jaiama Chiefdom,Niayahun CHP,CHP,Ndombu,437,Juhun Community Barray,Outreach
Bo District,Jaiama Chiefdom,Niayahun CHP,CHP,Nianyahun,450,Nianyahun CHP,Fixed
Bo District,Jaiama Chiefdom,Niayahun CHP,CHP,Nyeyama,305,Juhun Community Barray,Outreach
Bo District,Jaiama Chiefdom,Niayahun CHP,CHP,Pelewahun,480,Nianyahun CHP,Fixed
Bo District,Jaiama Chiefdom,Niayahun CHP,CHP,Samie,500,Nianyahun CHP,Fixed
Bo District,Jaiama Chiefdom,Niayahun CHP,CHP,Yendema,447,Yendema Court Barray,Mobile
Bo District,Jaiama Chiefdom,Niayahun CHP,CHP,Yenkain,225,Yendema Court Barray,Mobile
Bo District,Kakua Chiefdom,Bandajuma MCHP,MCHP,,,,
Bo District,Kakua Chiefdom,Fengehun MCHP,MCHP,Bamabara,45,Kpetewoma Court Barry,Outreach
Bo District,Kakua Chiefdom,Fengehun MCHP,MCHP,Baoma Lungibu,600,Fengehun MCHP,Fixed
Bo District,Kakua Chiefdom,Fengehun MCHP,MCHP,Fallu,1600,Fallu Court Barray,Outreach
Bo District,Kakua Chiefdom,Fengehun MCHP,MCHP,Fengehun,1500,Fengehun MCHP,Fixed
Bo District,Kakua Chiefdom,Fengehun MCHP,MCHP,Gbumbeh,550,Kpetewoma Court Barry,Outreach
Bo District,Kakua Chiefdom,Fengehun MCHP,MCHP,Kalia 1,170,Fallu Court Barray,Outreach
Bo District,Kakua Chiefdom,Fengehun MCHP,MCHP,Kalia 2,400,Fallu Court Barray,Outreach
Bo District,Kakua Chiefdom,Fengehun MCHP,MCHP,Kigbai,520,Fengehun MCHP,Fixed
Bo District,Kakua Chiefdom,Fengehun MCHP,MCHP,Koyama,150,Kpetewoma Court Barry,Outreach
Bo District,Kakua Chiefdom,Fengehun MCHP,MCHP,Kpetewoma,150,Kpetewoma Court Barry,Outreach
Bo District,Kakua Chiefdom,Fengehun MCHP,MCHP,Kpon,250,Fallu Court Barray,Outreach
Bo District,Kakua Chiefdom,Fengehun MCHP,MCHP,Miselah,50,Kpetewoma Court Barry,Outreach
Bo District,Kakua Chiefdom,Fengehun MCHP,MCHP,Ngiehun,100,Kpetewoma Court Barry,Outreach
Bo District,Kakua Chiefdom,Fengehun MCHP,MCHP,Njagbema,300,Kpetewoma Court Barry,Outreach
Bo District,Kakua Chiefdom,Fengehun MCHP,MCHP,Njaluahun,150,Fengehun MCHP,Fixed
Bo District,Kakua Chiefdom,Fengehun MCHP,MCHP,Pouma,150,Fengehun MCHP,Fixed
Bo District,Kakua Chiefdom,Fengehun MCHP,MCHP,Surgehun,600,Kpetewoma Court Barry,Outreach
Bo District,Kakua Chiefdom,Fengehun MCHP,MCHP,Torkpombu,350,Fengehun MCHP,Fixed
Bo District,Kakua Chiefdom,Fengehun MCHP,MCHP,Wojama,55,Kpetewoma Court Barry,Outreach
Bo District,Kakua Chiefdom,Fullawahun MCHP,MCHP,,,,
Bo District,Kakua Chiefdom,Gbongboma MCHP,MCHP,Damboima,250,Gbongboma MCHP,Fixed
Bo District,Kakua Chiefdom,Gbongboma MCHP,MCHP,Faala,800,Gbongboma MCHP,Fixed
Bo District,Kakua Chiefdom,Gbongboma MCHP,MCHP,Gbongbohun,1250,Gbongboma MCHP,Fixed
Bo District,Kakua Chiefdom,Gbongboma MCHP,MCHP,Isreal,100,Largor Coury Barry,Outreach
Bo District,Kakua Chiefdom,Gbongboma MCHP,MCHP,Kowama,250,Largor Coury Barry,Outreach
Bo District,Kakua Chiefdom,Gbongboma MCHP,MCHP,Kuagebu,350,Kuagebu Court Barry,Outreach
Bo District,Kakua Chiefdom,Gbongboma MCHP,MCHP,Largor,600,Largor Coury Barry,Outreach
Bo District,Kakua Chiefdom,Gbongboma MCHP,MCHP,Massahun,430,Gbongboma MCHP,Fixed
Bo District,Kakua Chiefdom,Gbongboma MCHP,MCHP,Ngiewoma,38,Kuagebu Court Barry,Outreach
Bo District,Kakua Chiefdom,Gbongboma MCHP,MCHP,Ngivulahun,250,Kuagebu Court Barry,Outreach
Bo District,Kakua Chiefdom,Gbongboma MCHP,MCHP,Ngombeh,230,Kuagebu Court Barry,Outreach
Bo District,Kakua Chiefdom,Gbongboma MCHP,MCHP,Sumbaya,480,Largor Coury Barry,Outreach
Bo District,Kakua Chiefdom,Gender CHP,CHP,,,,
Bo District,Kakua Chiefdom,Keindeyella MCHP,MCHP,,,,
Bo District,Kakua Chiefdom,Maguama CHP,CHP,Fabaina,133,Kenyema Court Barry,Outreach
Bo District,Kakua Chiefdom,Maguama CHP,CHP,Fallah,241,Maguama CHP,Fixed
Bo District,Kakua Chiefdom,Maguama CHP,CHP,Gbanahun,276,Maguama CHP,Fixed
Bo District,Kakua Chiefdom,Maguama CHP,CHP,Gibina,476,Gibina Court Barry,Outreach
Bo District,Kakua Chiefdom,Maguama CHP,CHP,Kenyema 1,163,Kenyema Court Barry,Outreach
Bo District,Kakua Chiefdom,Maguama CHP,CHP,Kenyema 2,114,Kenyema Court Barry,Outreach
Bo District,Kakua Chiefdom,Maguama CHP,CHP,Kenyema 3,116,Kenyema Court Barry,Outreach
Bo District,Kakua Chiefdom,Maguama CHP,CHP,Kpatema,502,Maguama CHP,Fixed
Bo District,Kakua Chiefdom,Maguama CHP,CHP,Maguama,1172,Maguama CHP,Fixed
Bo District,Kakua Chiefdom,Maguama CHP,CHP,Mokasse,213,Maguama CHP,Fixed
Bo District,Kakua Chiefdom,Maguama CHP,CHP,Nyamaina 1,205,Gibina Court Barry,Outreach
Bo District,Kakua Chiefdom,Maguama CHP,CHP,Nyamaina 3,118,Gibina Court Barry,Outreach
Bo District,Kakua Chiefdom,Maguama CHP,CHP,Nyamaina2,106,Gibina Court Barry,Outreach
Bo District,Kakua Chiefdom,Maguama CHP,CHP,Vengema 3,103,Kenyema Court Barry,Outreach
Bo District,Kakua Chiefdom,Manjiama CHC,CHC,Bayama,200,Manjama CHC,Fixed
Bo District,Kakua Chiefdom,Manjiama CHC,CHC,Fullawahun,1800,Fullawahun Court Barry,Outreach
Bo District,Kakua Chiefdom,Manjiama CHC,CHC,Gandohun,404,Fullawahun Court Barry,Outreach
Bo District,Kakua Chiefdom,Manjiama CHC,CHC,Gbanahun,1300,Fullawahun Court Barry,Outreach
Bo District,Kakua Chiefdom,Manjiama CHC,CHC,Kpetema,716,Fullawahun Court Barry,Outreach
Bo District,Kakua Chiefdom,Manjiama CHC,CHC,Kumbablahun,325,Fullawahun Court Barry,Outreach
Bo District,Kakua Chiefdom,Manjiama CHC,CHC,Levuma,300,Fullawahun Court Barry,Outreach
Bo District,Kakua Chiefdom,Manjiama CHC,CHC,Manjama,500,Manjama CHC,Fixed
Bo District,Kakua Chiefdom,Manjiama CHC,CHC,Mbaoma,95,Manjama CHC,Fixed
Bo District,Kakua Chiefdom,Manjiama CHC,CHC,Patama,200,Fullawahun Court Barry,Outreach
Bo District,Kakua Chiefdom,Manjiama CHC,CHC,Pendegumahun,907,Manjama CHC,Fixed
Bo District,Kakua Chiefdom,Manjiama CHC,CHC,Vaama,305,Fullawahun Court Barry,Outreach
Bo District,Kakua Chiefdom,Manjiama CHC,CHC,Walihun,210,Fullawahun Court Barry,Outreach
Bo District,Kakua Chiefdom,Massah Memorial Maternity MCHP,MCHP,Back Of Staduim,153,Kpawula Court Barry,Outreach
Bo District,Kakua Chiefdom,Massah Memorial Maternity MCHP,MCHP,Dandabu,350,M.M.Maternity Mcp,Fixed
Bo District,Kakua Chiefdom,Massah Memorial Maternity MCHP,MCHP,Fonnie Town,1120,M.M.Maternity Mcp,Fixed
Bo District,Kakua Chiefdom,Massah Memorial Maternity MCHP,MCHP,Giema,300,M.M.Maternity Mcp,Fixed
Bo District,Kakua Chiefdom,Massah Memorial Maternity MCHP,MCHP,Kanga,390,M.M.Maternity Mcp,Fixed
Bo District,Kakua Chiefdom,Massah Memorial Maternity MCHP,MCHP,Kpawula,313,Kpawula Court Barry,Outreach
Bo District,Kakua Chiefdom,Massah Memorial Maternity MCHP,MCHP,Niagorehun 1,1100,M.M.Maternity Mcp,Fixed
Bo District,Kakua Chiefdom,Massah Memorial Maternity MCHP,MCHP,Niagorehun 2,1300,M.M.Maternity Mcp,Fixed
Bo District,Kakua Chiefdom,Massah Memorial Maternity MCHP,MCHP,Nyanda Town,349,Kpawula Court Barry,Outreach
Bo District,Kakua Chiefdom,Massah Memorial Maternity MCHP,MCHP,Railway Line,200,M.M.Maternity Mcp,Fixed
Bo District,Kakua Chiefdom,Massah Memorial Maternity MCHP,MCHP,Sheriff Town,1200,M.M.Maternity Mcp,Fixed
Bo District,Kakua Chiefdom,Ndegbomie MCHP,MCHP,Falaba,700,Ndegbomie MCHP,Fixed
Bo District,Kakua Chiefdom,Ndegbomie MCHP,MCHP,Gbeworbu,600,Ndegbomie MCHP,Fixed
Bo District,Kakua Chiefdom,Ndegbomie MCHP,MCHP,Gbongboma,500,Ndegbomie MCHP,Fixed
Bo District,Kakua Chiefdom,Ndegbomie MCHP,MCHP,Geoma 2 Section,1385,Bo Children Hospital,Outreach
Bo District,Kakua Chiefdom,Ndegbomie MCHP,MCHP,Jorma1,600,Jorma 2 Court Barry,Outreach
Bo District,Kakua Chiefdom,Ndegbomie MCHP,MCHP,Kebbie Town,2040,Ndegbomie MCHP,Fixed
Bo District,Kakua Chiefdom,Ndegbomie MCHP,MCHP,Komendeh,1203,Bo Children Hospital,Outreach
Bo District,Kakua Chiefdom,Ndegbomie MCHP,MCHP,Lumbebu,500,Jorma 2 Court Barry,Outreach
Bo District,Kakua Chiefdom,Ndegbomie MCHP,MCHP,Manihun,300,Jorma 2 Court Barry,Outreach
Bo District,Kakua Chiefdom,Ndegbomie MCHP,MCHP,Mbeima,250,Jorma 2 Court Barry,Outreach
Bo District,Kakua Chiefdom,Ndegbomie MCHP,MCHP,Mbema,800,Bo Children Hospital,Outreach
Bo District,Kakua Chiefdom,Ndegbomie MCHP,MCHP,Part Of Jorma 2,400,Jorma 2 Court Barry,Outreach
Bo District,Kakua Chiefdom,Ndegbomie MCHP,MCHP,Sembekeh,652,Bo Children Hospital,Outreach
Bo District,Kakua Chiefdom,Nduvuibu MCHP,MCHP,,,,
Bo District,Kakua Chiefdom,United Methodist Church Manjama CHC,CHC,,,,
Bo District,Kakua Chiefdom,Veronical MCHP,MCHP,,,,
Bo District,Komboya Chiefdom,Gumahun MCHP,MCHP,Banyamahun,250,Gumahun MCHP,Fixed
Bo District,Komboya Chiefdom,Gumahun MCHP,MCHP,Foya,112,Korkortie Court Barry,Outreach
Bo District,Komboya Chiefdom,Gumahun MCHP,MCHP,Gumahun,520,Gumahun MCHP,Fixed
Bo District,Komboya Chiefdom,Gumahun MCHP,MCHP,Korkortie,260,Korkortie Court Barry,Outreach
Bo District,Komboya Chiefdom,Gumahun MCHP,MCHP,Manyama,119,Korkortie Court Barry,Outreach
Bo District,Komboya Chiefdom,Gumahun MCHP,MCHP,Poyama,206,Korkortie Court Barry,Outreach
Bo District,Komboya Chiefdom,Komboya Gbauja MCHP,MCHP,Bendellu,400,Bendellu Court Barry,Mobile
Bo District,Komboya Chiefdom,Komboya Gbauja MCHP,MCHP,Bendu,150,Komboya Gbauja MCHP,Fixed
Bo District,Komboya Chiefdom,Komboya Gbauja MCHP,MCHP,Fullawahun,151,Bendellu Court Barry,Mobile
Bo District,Komboya Chiefdom,Komboya Gbauja MCHP,MCHP,Gbeworbu,249,Komboya Gbauja MCHP,Fixed
Bo District,Komboya Chiefdom,Komboya Gbauja MCHP,MCHP,Keinjama,123,Bendellu Court Barry,Mobile
Bo District,Komboya Chiefdom,Komboya Gbauja MCHP,MCHP,Komboya Gbauja,599,Komboya Gbauja MCHP,Fixed
Bo District,Komboya Chiefdom,Komboya Gbauja MCHP,MCHP,Ngiewabu,200,Komboya Gbauja MCHP,Fixed
Bo District,Komboya Chiefdom,Komboya Gbauja MCHP,MCHP,Semabu,250,Komboya Gbauja MCHP,Fixed
Bo District,Komboya Chiefdom,Komboya Gbauja MCHP,MCHP,Yendehun,670,Yendehun Court Barry,Mobile
Bo District,Komboya Chiefdom,Kpamajama MCHP,MCHP,Foindu,50,Kpamajama MCHP,Fixed
Bo District,Komboya Chiefdom,Kpamajama MCHP,MCHP,Keituma,84,Mageibu Court Barry,Outreach
Bo District,Komboya Chiefdom,Kpamajama MCHP,MCHP,Kpamajama,360,Kpamajama MCHP,Fixed
Bo District,Komboya Chiefdom,Kpamajama MCHP,MCHP,Logbana,35,Mageibu Court Barry,Outreach
Bo District,Komboya Chiefdom,Kpamajama MCHP,MCHP,Mageibu,200,Mageibu Court Barry,Outreach
Bo District,Komboya Chiefdom,Kpamajama MCHP,MCHP,Nduya,150,Mageibu Court Barry,Outreach
Bo District,Komboya Chiefdom,Kpamajama MCHP,MCHP,Ngulubu,30,Mageibu Court Barry,Outreach
Bo District,Komboya Chiefdom,Kpamajama MCHP,MCHP,Norgonba,63,Kpamajama MCHP,Fixed
Bo District,Komboya Chiefdom,Kpamajama MCHP,MCHP,Sengbehun,189,Kpamajama MCHP,Fixed
Bo District,Komboya Chiefdom,Kpamajama MCHP,MCHP,Songaru,160,Kpamajama MCHP,Fixed
Bo District,Komboya Chiefdom,Mano (Komboya) MCHP,MCHP,,,,
Bo District,Komboya Chiefdom,Niagorehun (Komboya) MCHP,MCHP,Bandujuma,134,Pelewahun Court Barry,Outreach
Bo District,Komboya Chiefdom,Niagorehun (Komboya) MCHP,MCHP,Gbaama,279,Niagorehun (Komboya) MCHP,Fixed
Bo District,Komboya Chiefdom,Niagorehun (Komboya) MCHP,MCHP,Kundorma,527,Kundorma Court Barrie,Outreach
Bo District,Komboya Chiefdom,Niagorehun (Komboya) MCHP,MCHP,Ngeikohun,269,Niagorehun (Komboya) MCHP,Fixed
Bo District,Komboya Chiefdom,Niagorehun (Komboya) MCHP,MCHP,Niagorehun (Komboya),833,Niagorehun (Komboya) MCHP,Fixed
Bo District,Komboya Chiefdom,Niagorehun (Komboya) MCHP,MCHP,Njawor,405,Niagorehun (Komboya) MCHP,Fixed
Bo District,Komboya Chiefdom,Niagorehun (Komboya) MCHP,MCHP,Pelewahun,260,Pelewahun Court Barry,Outreach
Bo District,Komboya Chiefdom,Njala (Komboya) CHC,CHC,Gbanama,443,Semabu 1 Court Barry,Outreach
Bo District,Komboya Chiefdom,Njala (Komboya) CHC,CHC,Gbitima,414,Niagorehun Court Barry,Outreach
Bo District,Komboya Chiefdom,Njala (Komboya) CHC,CHC,Kobondala,579,Semabu 1 Court Barry,Outreach
Bo District,Komboya Chiefdom,Njala (Komboya) CHC,CHC,Niagorehun,739,Niagorehun Court Barry,Outreach
Bo District,Komboya Chiefdom,Njala (Komboya) CHC,CHC,Njala 1,1697,Njala CHC,Fixed
Bo District,Komboya Chiefdom,Njala (Komboya) CHC,CHC,Njala 2,893,Njala CHC,Fixed
Bo District,Komboya Chiefdom,Njala (Komboya) CHC,CHC,Pelewahun,559,Njala CHC,Fixed
Bo District,Komboya Chiefdom,Njala (Komboya) CHC,CHC,Semabu 1,789,Semabu 1 Court Barry,Outreach
Bo District,Komboya Chiefdom,Njala (Komboya) CHC,CHC,Talia,580,Niagorehun Court Barry,Outreach
Bo District,Komboya Chiefdom,Teibor CHP,CHP,Baomahun,275,Yengema Court Barry,Outreach
Bo District,Komboya Chiefdom,Teibor CHP,CHP,Bauya,540,Teibor CHP,Fixed
Bo District,Komboya Chiefdom,Teibor CHP,CHP,Kenyema,145,Kenyema Court Barry,Outreach
Bo District,Komboya Chiefdom,Teibor CHP,CHP,Kpawuma,205,Yengema Court Barry,Outreach
Bo District,Komboya Chiefdom,Teibor CHP,CHP,Lowuma,471,Mano MCHP,Fixed
Bo District,Komboya Chiefdom,Teibor CHP,CHP,Mano,450,Mano MCHP,Fixed
Bo District,Komboya Chiefdom,Teibor CHP,CHP,Talia,225,Kenyema Court Barry,Outreach
Bo District,Komboya Chiefdom,Teibor CHP,CHP,Teibor,505,Teibor CHP,Fixed
Bo District,Komboya Chiefdom,Teibor CHP,CHP,Yengema,183,Yengema Court Barry,Outreach
Bo District,Lugbu Chiefdom,Bontiwo MCHP,MCHP,Bondayeihun,139,Faama Courtbarray,Outreach
Bo District,Lugbu Chiefdom,Bontiwo MCHP,MCHP,Bontiwo,673,Bontiwo,Fixed
Bo District,Lugbu Chiefdom,Bontiwo MCHP,MCHP,Faama,675,Faama Courtbarray,Outreach
Bo District,Lugbu Chiefdom,Bontiwo MCHP,MCHP,Kitorma,232,Faama Courtbarray,Outreach
Bo District,Lugbu Chiefdom,Bontiwo MCHP,MCHP,Kuadima,580,Bontiwo,Fixed
Bo District,Lugbu Chiefdom,Bontiwo MCHP,MCHP,Vaahun,493,Bontiwo,Fixed
Bo District,Lugbu Chiefdom,Feiba CHP,CHP,Beipie,103,Feiba CHP,Fixed
Bo District,Lugbu Chiefdom,Feiba CHP,CHP,Buma,200,Feiba CHP,Fixed
Bo District,Lugbu Chiefdom,Feiba CHP,CHP,Feiba,1500,Feiba CHP,Fixed
Bo District,Lugbu Chiefdom,Feiba CHP,CHP,Gbaluhun,79,Gelehun Courtbarray,Outreach
Bo District,Lugbu Chiefdom,Feiba CHP,CHP,Gelehun,500,Gelehun Courtbarray,Outreach
Bo District,Lugbu Chiefdom,Hima MCHP,MCHP,Benduma-Sewa,358,Heima MCHP,Fixed
Bo District,Lugbu Chiefdom,Hima MCHP,MCHP,Gbamahun,255,Heima MCHP,Fixed
Bo District,Lugbu Chiefdom,Hima MCHP,MCHP,Heima,550,Heima MCHP,Fixed
Bo District,Lugbu Chiefdom,Hima MCHP,MCHP,Mano Bembeteh,265,Mano Bembeteh Courtbarray,Outreach
Bo District,Lugbu Chiefdom,Hima MCHP,MCHP,Tongia,240,Heima MCHP,Fixed
Bo District,Lugbu Chiefdom,Hima MCHP,MCHP,Venima,406,Mano Bembeteh Courtbarray,Outreach
Bo District,Lugbu Chiefdom,Karleh MCHP,MCHP,Camp Village,332,Karleh MCHP,Fixed
Bo District,Lugbu Chiefdom,Karleh MCHP,MCHP,Gbangema,465,Karleh MCHP,Fixed
Bo District,Lugbu Chiefdom,Karleh MCHP,MCHP,Karleh,1858,Karleh MCHP,Fixed
Bo District,Lugbu Chiefdom,Karleh MCHP,MCHP,Kpatema,644,Kpatema Courtbarray,Outreach
Bo District,Lugbu Chiefdom,Kpetewoma CHP,CHP,Bangorma,450,Bangorma Court Barry,Outreach
Bo District,Lugbu Chiefdom,Kpetewoma CHP,CHP,Bevehun,357,Kpetewoma CHP,Fixed
Bo District,Lugbu Chiefdom,Kpetewoma CHP,CHP,Gondama,465,Bangorma Court Barry,Outreach
Bo District,Lugbu Chiefdom,Kpetewoma CHP,CHP,Kpetewoma CHP,1451,Kpetewoma CHP,Fixed
Bo District,Lugbu Chiefdom,Kpetewoma CHP,CHP,Kpwobu,180,Bangorma Court Barry,Outreach
Bo District,Lugbu Chiefdom,Kpetewoma CHP,CHP,Ngieya,527,Kpetewoma CHP,Fixed
Bo District,Lugbu Chiefdom,Kpetewoma CHP,CHP,Tangahun,222,Kpetewoma CHP,Fixed
Bo District,Lugbu Chiefdom,Kpetewoma CHP,CHP,Tobanda,109,Kpetewoma CHP,Fixed
Bo District,Lugbu Chiefdom,Kpetewoma CHP,CHP,Yengassa,1016,Kpetewoma CHP,Fixed
Bo District,Lugbu Chiefdom,Ngieyehun MCHP,MCHP,Benduma1,132,Benduma2 Courtbarray,Outreach
Bo District,Lugbu Chiefdom,Ngieyehun MCHP,MCHP,Benduma2,515,Benduma2 Courtbarray,Outreach
Bo District,Lugbu Chiefdom,Ngieyehun MCHP,MCHP,Manowo,214,Benduma2 Courtbarray,Outreach
Bo District,Lugbu Chiefdom,Ngieyehun MCHP,MCHP,Ngeiyehun,1714,Ngeiyehun MCHP,Fixed
Bo District,Lugbu Chiefdom,Ngieyehun MCHP,MCHP,Nguabu,222,Ngeiyehun MCHP,Fixed
Bo District,Lugbu Chiefdom,Sumbuya (Lugbu) CHC,CHC,Bamba,598,Sumbuya CHC,Fixed
Bo District,Lugbu Chiefdom,Sumbuya (Lugbu) CHC,CHC,Baoma,586,Tawamahehun Court Barry,Outreach
Bo District,Lugbu Chiefdom,Sumbuya (Lugbu) CHC,CHC,Gola,580,Tawamahehun Court Barry,Outreach
Bo District,Lugbu Chiefdom,Sumbuya (Lugbu) CHC,CHC,Komende,693,Tawamahehun Court Barry,Outreach
Bo District,Lugbu Chiefdom,Sumbuya (Lugbu) CHC,CHC,Lower Saama,1062,Sumbuya CHC,Fixed
Bo District,Lugbu Chiefdom,Sumbuya (Lugbu) CHC,CHC,Moforay,587,Tawamahehun Court Barry,Outreach
Bo District,Lugbu Chiefdom,Sumbuya (Lugbu) CHC,CHC,Mokombo,230,Tawamahehun Court Barry,Outreach
Bo District,Lugbu Chiefdom,Sumbuya (Lugbu) CHC,CHC,Mokordo,530,Sumbuya CHC,Fixed
Bo District,Lugbu Chiefdom,Sumbuya (Lugbu) CHC,CHC,Momando,220,Tawamahehun Court Barry,Outreach
Bo District,Lugbu Chiefdom,Sumbuya (Lugbu) CHC,CHC,Mosorgbo,695,Tawamahehun Court Barry,Outreach
Bo District,Lugbu Chiefdom,Sumbuya (Lugbu) CHC,CHC,Ngainga,236,Sumbuya CHC,Fixed
Bo District,Lugbu Chiefdom,Sumbuya (Lugbu) CHC,CHC,Sumbuya CHC,1500,Sumbuya CHC,Fixed
Bo District,Lugbu Chiefdom,Sumbuya (Lugbu) CHC,CHC,Tawamahehun,476,Tawamahehun Court Barry,Outreach
Bo District,Lugbu Chiefdom,Upper Saama MCHP,MCHP,Daama,400,Daama Courtbarray,Mobile
Bo District,Lugbu Chiefdom,Upper Saama MCHP,MCHP,Kpatobu,905,Upper Saama MCHP,Fixed
Bo District,Lugbu Chiefdom,Upper Saama MCHP,MCHP,Kpoveihun,211,Upper Saama MCHP,Fixed
Bo District,Lugbu Chiefdom,Upper Saama MCHP,MCHP,Upper Saama,1786,Upper Saama MCHP,Fixed
Bo District,Lugbu Chiefdom,Yambama CHP,CHP,Gendema,508,Tongie Courtbarray,Outreach
Bo District,Lugbu Chiefdom,Yambama CHP,CHP,Tongie,600,Tongie Courtbarray,Outreach
Bo District,Lugbu Chiefdom,Yambama CHP,CHP,Yambama,2070,Yambama CHC,Fixed
Bo District,Niawa Lenga Chiefdom,Korbu MCHP,MCHP,Banda,204,Korbu MCHP,Fixed
Bo District,Niawa Lenga Chiefdom,Korbu MCHP,MCHP,Benduma,485,Benduma Courtbarry,Mobile
Bo District,Niawa Lenga Chiefdom,Korbu MCHP,MCHP,Korbu,666,Korbu MCHP,Fixed
Bo District,Niawa Lenga Chiefdom,Korbu MCHP,MCHP,Kortuhun,383,Benduma Courtbarry,Mobile
Bo District,Niawa Lenga Chiefdom,Korbu MCHP,MCHP,Kpagbama,275,Benduma Courtbarry,Mobile
Bo District,Niawa Lenga Chiefdom,Korbu MCHP,MCHP,Njagbema,890,Korbu MCHP,Fixed
Bo District,Niawa Lenga Chiefdom,Korbu MCHP,MCHP,Yallu,387,Korbu MCHP,Fixed
Bo District,Niawa Lenga Chiefdom,Nengbema CHP,CHP,Hendobu,200,Kpar Court Barray,Outreach
Bo District,Niawa Lenga Chiefdom,Nengbema CHP,CHP,Kongobahun,730,Kpar Court Barray,Outreach
Bo District,Niawa Lenga Chiefdom,Nengbema CHP,CHP,Konima,100,Nengbema CHC,Fixed
Bo District,Niawa Lenga Chiefdom,Nengbema CHP,CHP,Kpar,976,Kpar Court Barray,Outreach
Bo District,Niawa Lenga Chiefdom,Nengbema CHP,CHP,Luawa,96,Kpar Court Barray,Outreach
Bo District,Niawa Lenga Chiefdom,Nengbema CHP,CHP,Mbellebu,720,Nengbema CHC,Fixed
Bo District,Niawa Lenga Chiefdom,Nengbema CHP,CHP,Nengbema,2170,Nengbema CHC,Fixed
Bo District,Niawa Lenga Chiefdom,Nengbema CHP,CHP,Nyadeyama,743,Nengbema CHC,Fixed
Bo District,Niawa Lenga Chiefdom,Nengbema CHP,CHP,Tondorya,926,Nengbema CHC,Fixed
Bo District,Niawa Lenga Chiefdom,Ngogbebu MCHP,MCHP,Bendu,300,Ngogbebu MCHP,Fixed
Bo District,Niawa Lenga Chiefdom,Ngogbebu MCHP,MCHP,Kowa,600,Ngogbebu MCHP,Fixed
Bo District,Niawa Lenga Chiefdom,Ngogbebu MCHP,MCHP,Meima,900,Ngogbebu MCHP,Fixed
Bo District,Niawa Lenga Chiefdom,Ngogbebu MCHP,MCHP,Ngogbebu,1050,Ngogbebu MCHP,Fixed
Bo District,Niawa Lenga Chiefdom,Ngogbebu MCHP,MCHP,Saama,503,Ngogbebu MCHP,Fixed
Bo District,Niawa Lenga Chiefdom,Pendebu MCHP,MCHP,Guamdoma,360,Pendembu MCHP,Fixed
Bo District,Niawa Lenga Chiefdom,Pendebu MCHP,MCHP,Jormu,197,Pendembu MCHP,Fixed
Bo District,Niawa Lenga Chiefdom,Pendebu MCHP,MCHP,Pendembu,950,Pendembu MCHP,Fixed
Bo District,Niawa Lenga Chiefdom,Pendebu MCHP,MCHP,Torkpoimbu,1100,Pendembu MCHP,Fixed
Bo District,Niawa Lenga Chiefdom,Sahn (Niawa Lenga) CHC,CHC,Blama,453,Sahn CHC,Fixed
Bo District,Niawa Lenga Chiefdom,Sahn (Niawa Lenga) CHC,CHC,Jaiama,490,Sahn CHC,Fixed
Bo District,Niawa Lenga Chiefdom,Sahn (Niawa Lenga) CHC,CHC,Kolihun,27,Sahn CHC,Fixed
Bo District,Niawa Lenga Chiefdom,Sahn (Niawa Lenga) CHC,CHC,Ngiehun,347,Sahn CHC,Fixed
Bo District,Niawa Lenga Chiefdom,Sahn (Niawa Lenga) CHC,CHC,Njagor,169,Sahn CHC,Fixed
Bo District,Niawa Lenga Chiefdom,Sahn (Niawa Lenga) CHC,CHC,Sahn,2608,Sahn CHC,Fixed
Bo District,Niawa Lenga Chiefdom,Sahn (Niawa Lenga) CHC,CHC,Semabu,391,Sorma Court Barray,Outreach
Bo District,Niawa Lenga Chiefdom,Sahn (Niawa Lenga) CHC,CHC,Sorma,124,Sorma Court Barray,Outreach
Bo District,Niawa Lenga Chiefdom,Sahn (Niawa Lenga) CHC,CHC,Tamballu,578,Sahn CHC,Fixed
Bo District,Niawa Lenga Chiefdom,Sahn (Niawa Lenga) CHC,CHC,Torkpumbu,191,Sahn CHC,Fixed
Bo District,Selenga Chiefdom,Damballa CHC,CHC,Bangorma,206,Sembehun Court Barry,Mobile
Bo District,Selenga Chiefdom,Damballa CHC,CHC,Dambala,2360,Dambala CHC,Fixed
Bo District,Selenga Chiefdom,Damballa CHC,CHC,Gbangeima,303,Sembehun Court Barry,Mobile
Bo District,Selenga Chiefdom,Damballa CHC,CHC,Gbeyahun,312,Dambala Court Barry,Mobile
Bo District,Selenga Chiefdom,Damballa CHC,CHC,Gbumbeh,468,Dambala Court Barry,Mobile
Bo District,Selenga Chiefdom,Damballa CHC,CHC,Geima,198,Sembehun Court Barry,Mobile
Bo District,Selenga Chiefdom,Damballa CHC,CHC,Jayeima,314,Dambala Court Barry,Mobile
Bo District,Selenga Chiefdom,Damballa CHC,CHC,Jolu,204,Dambala Court Barry,Mobile
Bo District,Selenga Chiefdom,Damballa CHC,CHC,Korwama,120,Dambala Court Barry,Mobile
Bo District,Selenga Chiefdom,Damballa CHC,CHC,Mamboima,314,Sembehun Court Barry,Mobile
Bo District,Selenga Chiefdom,Damballa CHC,CHC,Mobonde,276,Sembehun Court Barry,Mobile
Bo District,Selenga Chiefdom,Damballa CHC,CHC,Njaluahun,405,Sembehun Court Barry,Mobile
Bo District,Selenga Chiefdom,Damballa CHC,CHC,Sembehun,657,Sembehun Court Barry,Mobile
Bo District,Selenga Chiefdom,Damballa CHC,CHC,Tabema,276,Dambala CHC,Fixed
Bo District,Selenga Chiefdom,Gbangba MCHP,MCHP,Bongeya,207,Kassema Court Barray,Mobile
Bo District,Selenga Chiefdom,Gbangba MCHP,MCHP,Foya,104,Kassema Court Barray,Mobile
Bo District,Selenga Chiefdom,Gbangba MCHP,MCHP,Gbangba,830,Gbangba MCHP,Fixed
Bo District,Selenga Chiefdom,Gbangba MCHP,MCHP,Kaniya,300,Kassema Court Barray,Mobile
Bo District,Selenga Chiefdom,Gbangba MCHP,MCHP,Kassema,570,Kassema Court Barray,Mobile
Bo District,Selenga Chiefdom,Gbangba MCHP,MCHP,Kenema,210,Gbangba MCHP,Fixed
Bo District,Selenga Chiefdom,Gbangba MCHP,MCHP,Kpetema,183,Gbangba MCHP,Fixed
Bo District,Selenga Chiefdom,Gbangba MCHP,MCHP,Seigbema,520,Gbangba MCHP,Fixed
Bo District,Selenga Chiefdom,Gbangba MCHP,MCHP,Sembehun Jobai,280,Gbangba MCHP,Fixed
Bo District,Tikonko Chiefdom,Gondama (Tikonko) CHC,CHC,Baoma,40,Gandorhun Barry,Mobile
Bo District,Tikonko Chiefdom,Gondama (Tikonko) CHC,CHC,Benduma,1020,Sembehun Kokofeke Courtbarry,Outreach
Bo District,Tikonko Chiefdom,Gondama (Tikonko) CHC,CHC,Gbangema,347,Sembehun Kokofeke Courtbarry,Outreach
Bo District,Tikonko Chiefdom,Gondama (Tikonko) CHC,CHC,Gondama,3559,Gondama CHC,Fixed
Bo District,Tikonko Chiefdom,Gondama (Tikonko) CHC,CHC,Gondama Barrack,2264,Gondama CHC,Fixed
Bo District,Tikonko Chiefdom,Gondama (Tikonko) CHC,CHC,Gondorhun,621,Gandorhun Barry,Mobile
Bo District,Tikonko Chiefdom,Gondama (Tikonko) CHC,CHC,Guala,1200,Sembehun Kokofeke Courtbarry,Outreach
Bo District,Tikonko Chiefdom,Gondama (Tikonko) CHC,CHC,Gubehun,30,Gandorhun Barry,Mobile
Bo District,Tikonko Chiefdom,Gondama (Tikonko) CHC,CHC,Konta 1,125,Gondama CHC,Fixed
Bo District,Tikonko Chiefdom,Gondama (Tikonko) CHC,CHC,Konta 2,40,Gondama CHC,Fixed
Bo District,Tikonko Chiefdom,Gondama (Tikonko) CHC,CHC,Lembema 2,330,Gandorhun Barry,Mobile
Bo District,Tikonko Chiefdom,Gondama (Tikonko) CHC,CHC,Lor,40,Gandorhun Barry,Mobile
Bo District,Tikonko Chiefdom,Gondama (Tikonko) CHC,CHC,Magbema,1030,Gandorhun Barry,Mobile
Bo District,Tikonko Chiefdom,Gondama (Tikonko) CHC,CHC,Ngelehun,2119,Gondama CHC,Fixed
Bo District,Tikonko Chiefdom,Gondama (Tikonko) CHC,CHC,Sembehun Kokofele,1100,Sembehun Kokofeke Courtbarry,Outreach
Bo District,Tikonko Chiefdom,Gondama (Tikonko) CHC,CHC,Taninahun,30,Gandorhun Barry,Mobile
Bo District,Tikonko Chiefdom,Griema MCHP,MCHP,Griema,2268,Griema MCHP,Fixed
Bo District,Tikonko Chiefdom,Griema MCHP,MCHP,Njagbama,1557,Njagbama Community Barry,Outreach
Bo District,Tikonko Chiefdom,Griema MCHP,MCHP,Tikonkowo,178,Njagbama Community Barry,Outreach
Bo District,Tikonko Chiefdom,Haikal CHP,CHP,,,,
Bo District,Tikonko Chiefdom,Kassama MCHP,MCHP,Adala,244,Yengesa Curt Barry,Outreach
Bo District,Tikonko Chiefdom,Kassama MCHP,MCHP,Adala Warreh,20,Yengesa Curt Barry,Outreach
Bo District,Tikonko Chiefdom,Kassama MCHP,MCHP,Baoma,381,Kassama MCHP,Fixed
Bo District,Tikonko Chiefdom,Kassama MCHP,MCHP,Bevehun,467,Yengesa Curt Barry,Outreach
Bo District,Tikonko Chiefdom,Kassama MCHP,MCHP,Buwaima,39,Yengesa Curt Barry,Outreach
Bo District,Tikonko Chiefdom,Kassama MCHP,MCHP,Kassama,722,Kassama MCHP,Fixed
Bo District,Tikonko Chiefdom,Kassama MCHP,MCHP,Ngelahun,147,Kassama MCHP,Fixed
Bo District,Tikonko Chiefdom,Kassama MCHP,MCHP,Nigeria,19,Yengesa Curt Barry,Outreach
Bo District,Tikonko Chiefdom,Kassama MCHP,MCHP,Njala,52,Yengesa Curt Barry,Outreach
Bo District,Tikonko Chiefdom,Kassama MCHP,MCHP,Pelewahun,392,Kassama MCHP,Fixed
Bo District,Tikonko Chiefdom,Kassama MCHP,MCHP,Pujehun,18,Yengesa Curt Barry,Outreach
Bo District,Tikonko Chiefdom,Kassama MCHP,MCHP,Sembalu,32,Yengesa Curt Barry,Outreach
Bo District,Tikonko Chiefdom,Kassama MCHP,MCHP,Taninahun,156,Yengesa Curt Barry,Outreach
Bo District,Tikonko Chiefdom,Kassama MCHP,MCHP,Tebonu,29,Yengesa Curt Barry,Outreach
Bo District,Tikonko Chiefdom,Kassama MCHP,MCHP,Wotebehun,491,Kassama MCHP,Fixed
Bo District,Tikonko Chiefdom,Kassama MCHP,MCHP,Yengesa,1208,Yengesa Curt Barry,Outreach
Bo District,Tikonko Chiefdom,Mattru on the Rail MCHP,MCHP,Daru,200,Kundiama School,Mobile
Bo District,Tikonko Chiefdom,Mattru on the Rail MCHP,MCHP,Kondiama,464,Kundiama School,Mobile
Bo District,Tikonko Chiefdom,Mattru on the Rail MCHP,MCHP,Kpawama,340,Kpawama Community Barry,Mobile
Bo District,Tikonko Chiefdom,Mattru on the Rail MCHP,MCHP,Kpoyama,159,Mattru On The Rail CHP,Fixed
Bo District,Tikonko Chiefdom,Mattru on the Rail MCHP,MCHP,Mamboima,365,Kpawama Community Barry,Mobile
Bo District,Tikonko Chiefdom,Mattru on the Rail MCHP,MCHP,Mattru On The Rail,1756,Mattru On The Rail CHP,Fixed
Bo District,Tikonko Chiefdom,Mattru on the Rail MCHP,MCHP,Natehun,50,Kundiama School,Mobile
Bo District,Tikonko Chiefdom,Mattru on the Rail MCHP,MCHP,Nengbema,145,Mattru On The Rail CHP,Fixed
Bo District,Tikonko Chiefdom,Mattru on the Rail MCHP,MCHP,Ngandohun,150,Mattru On The Rail CHP,Fixed
Bo District,Tikonko Chiefdom,Mattru on the Rail MCHP,MCHP,Torkpumbu,150,Mattru On The Rail CHP,Fixed
Bo District,Tikonko Chiefdom,Mendewa CHP,CHP,,,,
Bo District,Tikonko Chiefdom,Sebehun Tarbay MCHP,MCHP,Foikundor,410,Sami Tabay Community,Outreach
Bo District,Tikonko Chiefdom,Sebehun Tarbay MCHP,MCHP,Foikundor Worreh,101,Sami Tabay Community,Outreach
Bo District,Tikonko Chiefdom,Sebehun Tarbay MCHP,MCHP,Foindu,250,Sami Tabay Community,Outreach
Bo District,Tikonko Chiefdom,Sebehun Tarbay MCHP,MCHP,Sami,528,Sami Tabay Community,Outreach
Bo District,Tikonko Chiefdom,Sebehun Tarbay MCHP,MCHP,Sami Worreh,118,Sami Tabay Community,Outreach
Bo District,Tikonko Chiefdom,Sebehun Tarbay MCHP,MCHP,Sembehun Tabema,550,Sembehun Tabema MCHP,Fixed
Bo District,Tikonko Chiefdom,Sebehun Tarbay MCHP,MCHP,Sembehun Worreh,108,Sembehun Tabema MCHP,Fixed
Bo District,Tikonko Chiefdom,Sebehun Tarbay MCHP,MCHP,Sengama,340,Sembehun Tabema MCHP,Fixed
Bo District,Tikonko Chiefdom,Sebehun Tarbay MCHP,MCHP,Sengema Worreh,207,Sembehun Tabema MCHP,Fixed
Bo District,Tikonko Chiefdom,Sembehun 17 (Tikonko) CHP,CHP,Fielor,472,Majihun Court Barry,Outreach
Bo District,Tikonko Chiefdom,Sembehun 17 (Tikonko) CHP,CHP,Majhun,512,Majihun Court Barry,Outreach
Bo District,Tikonko Chiefdom,Sembehun 17 (Tikonko) CHP,CHP,Mamboima,557,Sembehun 17 CHP,Fixed
Bo District,Tikonko Chiefdom,Sembehun 17 (Tikonko) CHP,CHP,Manowo,488,Sembehun 17 CHP,Fixed
Bo District,Tikonko Chiefdom,Sembehun 17 (Tikonko) CHP,CHP,Mokema,34,Majihun Court Barry,Outreach
Bo District,Tikonko Chiefdom,Sembehun 17 (Tikonko) CHP,CHP,Ngolahun,889,Nyandeyama Court Barry,Outreach
Bo District,Tikonko Chiefdom,Sembehun 17 (Tikonko) CHP,CHP,Nyandeyama,727,Nyandeyama Court Barry,Outreach
Bo District,Tikonko Chiefdom,Sembehun 17 (Tikonko) CHP,CHP,Sembehun 17,3725,Sembehun 17 CHP,Fixed
Bo District,Tikonko Chiefdom,Sembehun 17 (Tikonko) CHP,CHP,Sembehun 17 Old Town,715,Sembehun 17 CHP,Fixed
Bo District,Tikonko Chiefdom,Sembehun 17 (Tikonko) CHP,CHP,Sulehun,678,Sembehun 17 CHP,Fixed
Bo District,Tikonko Chiefdom,Sembehun 17 (Tikonko) CHP,CHP,Tuba,302,Sembehun 17 CHP,Fixed
Bo District,Tikonko Chiefdom,Theresa Hakim CHP,CHP,Acheivers,485,Theresa Hakim CHP,Fixed
Bo District,Tikonko Chiefdom,Theresa Hakim CHP,CHP,Banga Farm,342,Kendiwabu Court Barry,Outreach
Bo District,Tikonko Chiefdom,Theresa Hakim CHP,CHP,Kendiwabu,350,Kendiwabu Court Barry,Outreach
Bo District,Tikonko Chiefdom,Theresa Hakim CHP,CHP,Kpaka Town,400,Kendiwabu Court Barry,Outreach
Bo District,Tikonko Chiefdom,Theresa Hakim CHP,CHP,Lower Mattru Road,326,Kendiwabu Court Barry,Outreach
Bo District,Tikonko Chiefdom,Theresa Hakim CHP,CHP,Madena 2,500,Theresa Hakim CHP,Fixed
Bo District,Tikonko Chiefdom,Theresa Hakim CHP,CHP,Njagbala 1,889,Theresa Hakim CHP,Fixed
Bo District,Tikonko Chiefdom,Theresa Hakim CHP,CHP,Njagbla 2,2949,Theresa Hakim CHP,Fixed
Bo District,Tikonko Chiefdom,Theresa Hakim CHP,CHP,On The Rock,490,Theresa Hakim CHP,Fixed
Bo District,Tikonko Chiefdom,Theresa Hakim CHP,CHP,Smith Gigba Town,487,Theresa Hakim CHP,Fixed
Bo District,Tikonko Chiefdom,Theresa Hakim CHP,CHP,St Albert,750,Theresa Hakim CHP,Fixed
Bo District,Tikonko Chiefdom,Theresa Hakim CHP,CHP,Thomas Town,485,Kendiwabu Court Barry,Outreach
Bo District,Tikonko Chiefdom,Theresa Hakim CHP,CHP,Thomas Town Extension,492,Kendiwabu Court Barry,Outreach
Bo District,Tikonko Chiefdom,Tikonko (Bo) CHC,CHC,Barlie,310,Sunga Court Barry,Outreach
Bo District,Tikonko Chiefdom,Tikonko (Bo) CHC,CHC,Borborbu,80,Dodo Community Barry,Outreach
Bo District,Tikonko Chiefdom,Tikonko (Bo) CHC,CHC,Dandabu,115,Dodo Community Barry,Outreach
Bo District,Tikonko Chiefdom,Tikonko (Bo) CHC,CHC,Digbaya,260,Sunga Court Barry,Outreach
Bo District,Tikonko Chiefdom,Tikonko (Bo) CHC,CHC,Dodo,210,Dodo Community Barry,Outreach
Bo District,Tikonko Chiefdom,Tikonko (Bo) CHC,CHC,Faabu,80,Sunga Court Barry,Outreach
Bo District,Tikonko Chiefdom,Tikonko (Bo) CHC,CHC,Fobu,110,Sunga Court Barry,Outreach
Bo District,Tikonko Chiefdom,Tikonko (Bo) CHC,CHC,Gbalehun,610,Sunga Court Barry,Outreach
Bo District,Tikonko Chiefdom,Tikonko (Bo) CHC,CHC,Gbanahun,80,Tikonko CHC,Fixed
Bo District,Tikonko Chiefdom,Tikonko (Bo) CHC,CHC,Gendema,220,Sunga Court Barry,Outreach
Bo District,Tikonko Chiefdom,Tikonko (Bo) CHC,CHC,Gibina,112,Dodo Community Barry,Outreach
Bo District,Tikonko Chiefdom,Tikonko (Bo) CHC,CHC,Jcc Camp,40,Dodo Community Barry,Outreach
Bo District,Tikonko Chiefdom,Tikonko (Bo) CHC,CHC,Julahun,364,Sunga Court Barry,Outreach
Bo District,Tikonko Chiefdom,Tikonko (Bo) CHC,CHC,Kakpema,360,Tikonko CHC,Fixed
Bo District,Tikonko Chiefdom,Tikonko (Bo) CHC,CHC,Kigbai,280,Dodo Community Barry,Outreach
Bo District,Tikonko Chiefdom,Tikonko (Bo) CHC,CHC,Kpakuma,160,Sunga Court Barry,Outreach
Bo District,Tikonko Chiefdom,Tikonko (Bo) CHC,CHC,Kpetema,260,Dodo Community Barry,Outreach
Bo District,Tikonko Chiefdom,Tikonko (Bo) CHC,CHC,Lembema,350,Dodo Community Barry,Outreach
Bo District,Tikonko Chiefdom,Tikonko (Bo) CHC,CHC,Lokovulahun,66,Dodo Community Barry,Outreach
Bo District,Tikonko Chiefdom,Tikonko (Bo) CHC,CHC,Mojebeh,180,Dodo Community Barry,Outreach
Bo District,Tikonko Chiefdom,Tikonko (Bo) CHC,CHC,Mosakpa,109,Tikonko CHC,Fixed
Bo District,Tikonko Chiefdom,Tikonko (Bo) CHC,CHC,Niama,200,Dodo Community Barry,Outreach
Bo District,Tikonko Chiefdom,Tikonko (Bo) CHC,CHC,Njala,240,Dodo Community Barry,Outreach
Bo District,Tikonko Chiefdom,Tikonko (Bo) CHC,CHC,Nyagohun Villa,300,Sunga Court Barry,Outreach
Bo District,Tikonko Chiefdom,Tikonko (Bo) CHC,CHC,Nyagoihun Madoko,80,Tikonko CHC,Fixed
Bo District,Tikonko Chiefdom,Tikonko (Bo) CHC,CHC,Porgbahun,350,Sunga Court Barry,Outreach
Bo District,Tikonko Chiefdom,Tikonko (Bo) CHC,CHC,Potahun,110,Dodo Community Barry,Outreach
Bo District,Tikonko Chiefdom,Tikonko (Bo) CHC,CHC,Sunga,350,Sunga Court Barry,Outreach
Bo District,Tikonko Chiefdom,Tikonko (Bo) CHC,CHC,Surgbehun,308,Sunga Court Barry,Outreach
Bo District,Tikonko Chiefdom,Tikonko (Bo) CHC,CHC,Taninahun,210,Tikonko CHC,Fixed
Bo District,Tikonko Chiefdom,Tikonko (Bo) CHC,CHC,Tengbe Town,210,Dodo Community Barry,Outreach
Bo District,Tikonko Chiefdom,Tikonko (Bo) CHC,CHC,Tikonko,3500,Tikonko CHC,Fixed
Bo District,Tikonko Chiefdom,Tikonko (Bo) CHC,CHC,Torkpormbu,50,Sunga Court Barry,Outreach
Bo District,Tikonko Chiefdom,Tikonko (Bo) CHC,CHC,Wojo Vulahun,69,Tikonko CHC,Fixed
Bo District,Tikonko Chiefdom,Tikonko (Bo) CHC,CHC,Wubanga,255,Sunga Court Barry,Outreach
Bo District,Tikonko Chiefdom,Tikonko (Bo) CHC,CHC,Yovoyama,168,Dodo Community Barry,Outreach
Bo District,Tikonko Chiefdom,Towama MCHP,MCHP,Air Field,600,Air Field,Outreach
Bo District,Tikonko Chiefdom,Towama MCHP,MCHP,I-Matta,400,Air Field,Outreach
Bo District,Tikonko Chiefdom,Towama MCHP,MCHP,J-Matter,600,Air Field,Outreach
Bo District,Tikonko Chiefdom,Towama MCHP,MCHP,Njala University Campous,300,Towama MCHP,Fixed
Bo District,Tikonko Chiefdom,Towama MCHP,MCHP,Satohun,300,Towama MCHP,Fixed
Bo District,Tikonko Chiefdom,Towama MCHP,MCHP,Torwama New Site 2,300,Towama MCHP,Fixed
Bo District,Tikonko Chiefdom,Towama MCHP,MCHP,Torwama Old Town,600,Towama MCHP,Fixed
Bo District,Tikonko Chiefdom,Towama MCHP,MCHP,Towama New Site,1000,Towama MCHP,Fixed
Bo District,Tikonko Chiefdom,Towama MCHP,MCHP,Worgibor,90,Towama MCHP,Fixed
Bo District,Tikonko Chiefdom,Veronica MCHP,MCHP,,,,
Bo District,Tikonko Chiefdom,We Care Health Centre Clinic,Clinic,Air Field,174,Air Field,Outreach
Bo District,Tikonko Chiefdom,We Care Health Centre Clinic,Clinic,I-Matt,200,Air Field,Outreach
Bo District,Tikonko Chiefdom,We Care Health Centre Clinic,Clinic,Jcc,320,We Care CHP,Fixed
Bo District,Tikonko Chiefdom,We Care Health Centre Clinic,Clinic,Mosamai,1200,We Care CHP,Fixed
Bo District,Tikonko Chiefdom,We Care Health Centre Clinic,Clinic,Simbaru 1,510,Air Field,Outreach
Bo District,Tikonko Chiefdom,We Care Health Centre Clinic,Clinic,Simbaru 2,720,We Care CHP,Fixed
Bo District,Tikonko Chiefdom,We Care Health Centre Clinic,Clinic,Simbaru 3,850,We Care CHP,Fixed
Bo District,Tikonko Chiefdom,We Care Health Centre Clinic,Clinic,Waima,600,Air Field,Outreach
Bo District,Tikonko Chiefdom,Zion CHC,CHC,Banda Town,35,Zion Bandawa CHC,Fixed
Bo District,Tikonko Chiefdom,Zion CHC,CHC,Dandabu,323,Zion Bandawa CHC,Fixed
Bo District,Tikonko Chiefdom,Zion CHC,CHC,Faaweima,583,Ngaivulahun Court Barry,Mobile
Bo District,Tikonko Chiefdom,Zion CHC,CHC,Isweal,20,Ngaivulahun Court Barry,Mobile
Bo District,Tikonko Chiefdom,Zion CHC,CHC,Kamgah,35,Zion Bandawa CHC,Fixed
Bo District,Tikonko Chiefdom,Zion CHC,CHC,Komende,420,Zion Bandawa CHC,Fixed
Bo District,Tikonko Chiefdom,Zion CHC,CHC,Mbaoma,50,Ngaivulahun Court Barry,Mobile
Bo District,Tikonko Chiefdom,Zion CHC,CHC,Ngaivulahun,845,Ngaivulahun Court Barry,Mobile
Bo District,Tikonko Chiefdom,Zion CHC,CHC,Njamawo,447,Zion Bandawa CHC,Fixed
Bo District,Tikonko Chiefdom,Zion CHC,CHC,Njorpowahun,515,Zion Bandawa CHC,Fixed
Bo District,Tikonko Chiefdom,Zion CHC,CHC,Pelewahun,45,Zion Bandawa CHC,Fixed
Bo District,Tikonko Chiefdom,Zion CHC,CHC,Solima,310,Solima Court Barry,Outreach
Bo District,Tikonko Chiefdom,Zion CHC,CHC,Toobu,422,Zion Bandawa CHC,Fixed
Bo District,Tikonko Chiefdom,Zion CHC,CHC,Torkpumbu,30,Zion Bandawa CHC,Fixed
Bo District,Valunia Chiefdom,Baomahun CHC,CHC,Baoma Ii,200,Sembeck Line Pri School,Outreach
Bo District,Valunia Chiefdom,Baomahun CHC,CHC,Baomahun,4000,Baomahun CHC,Fixed
Bo District,Valunia Chiefdom,Baomahun CHC,CHC,Bumpeh,300,Sembeck Line Pri School,Outreach
Bo District,Valunia Chiefdom,Baomahun CHC,CHC,Carvoma,900,Sembeck Line Pri School,Outreach
Bo District,Valunia Chiefdom,Baomahun CHC,CHC,Gbonheihun,200,Sembeck Line Pri School,Outreach
Bo District,Valunia Chiefdom,Baomahun CHC,CHC,Juma,200,Sembeck Line Pri School,Outreach
Bo District,Valunia Chiefdom,Baomahun CHC,CHC,Kongokpa,700,Sembeck Line Pri School,Outreach
Bo District,Valunia Chiefdom,Baomahun CHC,CHC,Kortuhun,300,Sembeck Line Pri School,Outreach
Bo District,Valunia Chiefdom,Baomahun CHC,CHC,Lablama,800,Lablama Court Barry,Mobile
Bo District,Valunia Chiefdom,Baomahun CHC,CHC,Mendekelema,300,Lablama Court Barry,Mobile
Bo District,Valunia Chiefdom,Baomahun CHC,CHC,Moyorgbo,200,Baomahun CHC,Fixed
Bo District,Valunia Chiefdom,Baomahun CHC,CHC,Njaweima,200,Baomahun CHC,Fixed
Bo District,Valunia Chiefdom,Baomahun CHC,CHC,Nyandehun,200,Sembeck Line Pri School,Outreach
Bo District,Valunia Chiefdom,Baomahun CHC,CHC,Sembeck Line,200,Sembeck Line Pri School,Outreach
Bo District,Valunia Chiefdom,Foya (Valunia) CHP,CHP,Baomawo,125,Foya CHP,Fixed
Bo District,Valunia Chiefdom,Foya (Valunia) CHP,CHP,Dambawa,204,Foya CHP,Fixed
Bo District,Valunia Chiefdom,Foya (Valunia) CHP,CHP,Foya,1425,Foya CHP,Fixed
Bo District,Valunia Chiefdom,Foya (Valunia) CHP,CHP,Gbangema,370,Foya CHP,Fixed
Bo District,Valunia Chiefdom,Foya (Valunia) CHP,CHP,Hindogboiama,210,Njagbla Court Barry,Mobile
Bo District,Valunia Chiefdom,Foya (Valunia) CHP,CHP,Kanjalu,350,Foya CHP,Fixed
Bo District,Valunia Chiefdom,Foya (Valunia) CHP,CHP,Kpakinbu,152,Foya CHP,Fixed
Bo District,Valunia Chiefdom,Foya (Valunia) CHP,CHP,Mano,80,Foya CHP,Fixed
Bo District,Valunia Chiefdom,Foya (Valunia) CHP,CHP,Manowo,111,Foya CHP,Fixed
Bo District,Valunia Chiefdom,Foya (Valunia) CHP,CHP,Niayahun,123,Foya CHP,Fixed
Bo District,Valunia Chiefdom,Foya (Valunia) CHP,CHP,Njagbla,390,Njagbla Court Barry,Mobile
Bo District,Valunia Chiefdom,Foya (Valunia) CHP,CHP,Njalihun Junction,424,Foya CHP,Fixed
Bo District,Valunia Chiefdom,Foya (Valunia) CHP,CHP,Njalihun Old Town,521,Foya CHP,Fixed
Bo District,Valunia Chiefdom,Foya (Valunia) CHP,CHP,Palima,45,Njagbla Court Barry,Mobile
Bo District,Valunia Chiefdom,Foya (Valunia) CHP,CHP,Pateya,102,Njagbla Court Barry,Mobile
Bo District,Valunia Chiefdom,Grima (Valunia) CHP,CHP,Benduma,100,Tongorma Court Barry,Outreach
Bo District,Valunia Chiefdom,Grima (Valunia) CHP,CHP,Califonia,100,Griema CHP,Fixed
Bo District,Valunia Chiefdom,Grima (Valunia) CHP,CHP,Farma,190,Tongorma Court Barry,Outreach
Bo District,Valunia Chiefdom,Grima (Valunia) CHP,CHP,Griema,290,Griema CHP,Fixed
Bo District,Valunia Chiefdom,Grima (Valunia) CHP,CHP,Heilabu,120,Tongorma Court Barry,Outreach
Bo District,Valunia Chiefdom,Grima (Valunia) CHP,CHP,Kormasie,105,Griema CHP,Fixed
Bo District,Valunia Chiefdom,Grima (Valunia) CHP,CHP,Koyeima Secondary School,617,Griema CHP,Fixed
Bo District,Valunia Chiefdom,Grima (Valunia) CHP,CHP,Koyiema,182,Griema CHP,Fixed
Bo District,Valunia Chiefdom,Grima (Valunia) CHP,CHP,Londoma,70,Tongorma Court Barry,Outreach
Bo District,Valunia Chiefdom,Grima (Valunia) CHP,CHP,Madina,570,Mandu Court Barry,Outreach
Bo District,Valunia Chiefdom,Grima (Valunia) CHP,CHP,Mandu,730,Mandu Court Barry,Outreach
Bo District,Valunia Chiefdom,Grima (Valunia) CHP,CHP,Mogbawo,110,Griema CHP,Fixed
Bo District,Valunia Chiefdom,Grima (Valunia) CHP,CHP,Morseleh,70,Tongorma Court Barry,Outreach
Bo District,Valunia Chiefdom,Grima (Valunia) CHP,CHP,Ngiema,190,Griema CHP,Fixed
Bo District,Valunia Chiefdom,Grima (Valunia) CHP,CHP,Njagbema,900,Mandu Court Barry,Outreach
Bo District,Valunia Chiefdom,Grima (Valunia) CHP,CHP,Njala,70,Tongorma Court Barry,Outreach
Bo District,Valunia Chiefdom,Grima (Valunia) CHP,CHP,Njorporwahun,150,Griema CHP,Fixed
Bo District,Valunia Chiefdom,Grima (Valunia) CHP,CHP,Nyandiama,100,Griema CHP,Fixed
Bo District,Valunia Chiefdom,Grima (Valunia) CHP,CHP,Tongorma,114,Tongorma Court Barry,Outreach
Bo District,Valunia Chiefdom,Grima (Valunia) CHP,CHP,Yambama,170,Mandu Court Barry,Outreach
Bo District,Valunia Chiefdom,Kenema Blango CHC,CHC,Dassamu,568,Njallo Court Barry,Mobile
Bo District,Valunia Chiefdom,Kenema Blango CHC,CHC,Kenema Blango,700,Kenema Blango CHC,Fixed
Bo District,Valunia Chiefdom,Kenema Blango CHC,CHC,Kpetema,143,Kenema Blango CHC,Fixed
Bo District,Valunia Chiefdom,Kenema Blango CHC,CHC,Mogbay,250,Mogbay Court Barry,Mobile
Bo District,Valunia Chiefdom,Kenema Blango CHC,CHC,Ngeihun,213,Mogbay Court Barry,Mobile
Bo District,Valunia Chiefdom,Kenema Blango CHC,CHC,Njallo,501,Njallo Court Barry,Mobile
Bo District,Valunia Chiefdom,Kenema Blango CHC,CHC,Semabu,300,Kenema Blango CHC,Fixed
Bo District,Valunia Chiefdom,Kpewama MCHP,MCHP,Jallo,117,Korwama Court Barry,Mobile
Bo District,Valunia Chiefdom,Kpewama MCHP,MCHP,Konima,142,Korwama Court Barry,Mobile
Bo District,Valunia Chiefdom,Kpewama MCHP,MCHP,Korwama,489,Korwama Court Barry,Mobile
Bo District,Valunia Chiefdom,Kpewama MCHP,MCHP,Kpewama,876,Kpewama MCHP,Fixed
Bo District,Valunia Chiefdom,Kpewama MCHP,MCHP,Logbana,212,Kpewama MCHP,Fixed
Bo District,Valunia Chiefdom,Kpewama MCHP,MCHP,Nduya,323,Kpewama MCHP,Fixed
Bo District,Valunia Chiefdom,Kpewama MCHP,MCHP,Ngorjahun,200,Korwama Court Barry,Mobile
Bo District,Valunia Chiefdom,Kpewama MCHP,MCHP,Ngulubu,104,Kpewama MCHP,Fixed
Bo District,Valunia Chiefdom,Kpewama MCHP,MCHP,Semabu,100,Korwama Court Barry,Mobile
Bo District,Valunia Chiefdom,Kpewama MCHP,MCHP,Sengima,209,Kpewama MCHP,Fixed
Bo District,Valunia Chiefdom,Kpewama MCHP,MCHP,Taninahun,120,Kpewama MCHP,Fixed
Bo District,Valunia Chiefdom,Kpuabu MCHP,MCHP,Balehun,120,Kpuabu MCHP,Fixed
Bo District,Valunia Chiefdom,Kpuabu MCHP,MCHP,Boiniama,60,Kpuabu MCHP,Fixed
Bo District,Valunia Chiefdom,Kpuabu MCHP,MCHP,Gumbu,110,Kpuabu MCHP,Fixed
Bo District,Valunia Chiefdom,Kpuabu MCHP,MCHP,Koivama,82,Sengima Old Town,Outreach
Bo District,Valunia Chiefdom,Kpuabu MCHP,MCHP,Kossima,51,Sengima Old Town,Outreach
Bo District,Valunia Chiefdom,Kpuabu MCHP,MCHP,Kpetema,92,Sengima Old Town,Outreach
Bo District,Valunia Chiefdom,Kpuabu MCHP,MCHP,Kpuabu,340,Kpuabu MCHP,Fixed
Bo District,Valunia Chiefdom,Kpuabu MCHP,MCHP,Kundorma New Town,230,Kpuabu MCHP,Fixed
Bo District,Valunia Chiefdom,Kpuabu MCHP,MCHP,Kundorma Old Town,380,Kpuabu MCHP,Fixed
Bo District,Valunia Chiefdom,Kpuabu MCHP,MCHP,Largor,63,Sengima Old Town,Outreach
Bo District,Valunia Chiefdom,Kpuabu MCHP,MCHP,Manjendu,206,Sengima Old Town,Outreach
Bo District,Valunia Chiefdom,Kpuabu MCHP,MCHP,Massao,310,Sengima Old Town,Outreach
Bo District,Valunia Chiefdom,Kpuabu MCHP,MCHP,Ngogobu,54,Sengima Old Town,Outreach
Bo District,Valunia Chiefdom,Kpuabu MCHP,MCHP,Nianyiahun,57,Sengima Old Town,Outreach
Bo District,Valunia Chiefdom,Kpuabu MCHP,MCHP,Njala,90,Kpuabu MCHP,Fixed
Bo District,Valunia Chiefdom,Kpuabu MCHP,MCHP,Njaluahun,68,Sengima Old Town,Outreach
Bo District,Valunia Chiefdom,Kpuabu MCHP,MCHP,Nyadehun,91,Sengima Old Town,Outreach
Bo District,Valunia Chiefdom,Kpuabu MCHP,MCHP,Pujehun,51,Sengima Old Town,Outreach
Bo District,Valunia Chiefdom,Kpuabu MCHP,MCHP,Sengema New Town,125,Sengima Old Town,Outreach
Bo District,Valunia Chiefdom,Kpuabu MCHP,MCHP,Sengema Old Town,665,Sengima Old Town,Outreach
Bo District,Valunia Chiefdom,Kpuabu MCHP,MCHP,Tommiya,58,Sengima Old Town,Outreach
Bo District,Valunia Chiefdom,Kpuabu MCHP,MCHP,Yeagama,81,Sengima Old Town,Outreach
Bo District,Valunia Chiefdom,Kpuabu MCHP,MCHP,Youmandu New Town,105,Kpuabu MCHP,Fixed
Bo District,Valunia Chiefdom,Kpuabu MCHP,MCHP,Youmandu Old Town,280,Kpuabu MCHP,Fixed
Bo District,Valunia Chiefdom,Mongere CHC,CHC,Balina,40,Damballa Njiebu Court Barry,Mobile
Bo District,Valunia Chiefdom,Mongere CHC,CHC,Banjema,60,Damballa Njiebu Court Barry,Mobile
Bo District,Valunia Chiefdom,Mongere CHC,CHC,Baoma,212,Monghere CHC,Fixed
Bo District,Valunia Chiefdom,Mongere CHC,CHC,Barrie,36,Damballa Njiebu Court Barry,Mobile
Bo District,Valunia Chiefdom,Mongere CHC,CHC,Bawuya,50,Monghere CHC,Fixed
Bo District,Valunia Chiefdom,Mongere CHC,CHC,Belebu,40,Damballa Njiebu Court Barry,Mobile
Bo District,Valunia Chiefdom,Mongere CHC,CHC,Damballa Njiebu,60,Damballa Njiebu Court Barry,Mobile
Bo District,Valunia Chiefdom,Mongere CHC,CHC,Daru,46,Damballa Njiebu Court Barry,Mobile
Bo District,Valunia Chiefdom,Mongere CHC,CHC,Fulawahun,88,Damballa Njiebu Court Barry,Mobile
Bo District,Valunia Chiefdom,Mongere CHC,CHC,Gbekeya I,40,Damballa Njiebu Court Barry,Mobile
Bo District,Valunia Chiefdom,Mongere CHC,CHC,Gbekeya Ii,52,Damballa Njiebu Court Barry,Mobile
Bo District,Valunia Chiefdom,Mongere CHC,CHC,Gualla,60,Monghere CHC,Fixed
Bo District,Valunia Chiefdom,Mongere CHC,CHC,Gumahun,200,Monghere CHC,Fixed
Bo District,Valunia Chiefdom,Mongere CHC,CHC,Hojama,30,Damballa Njiebu Court Barry,Mobile
Bo District,Valunia Chiefdom,Mongere CHC,CHC,Jillihun,40,Monghere CHC,Fixed
Bo District,Valunia Chiefdom,Mongere CHC,CHC,Jojohun,20,Damballa Njiebu Court Barry,Mobile
Bo District,Valunia Chiefdom,Mongere CHC,CHC,Kamaru,75,Damballa Njiebu Court Barry,Mobile
Bo District,Valunia Chiefdom,Mongere CHC,CHC,Koluvama,20,Monghere CHC,Fixed
Bo District,Valunia Chiefdom,Mongere CHC,CHC,Konima I,20,Damballa Njiebu Court Barry,Mobile
Bo District,Valunia Chiefdom,Mongere CHC,CHC,Konima Ii,20,Damballa Njiebu Court Barry,Mobile
Bo District,Valunia Chiefdom,Mongere CHC,CHC,Konima Iii,20,Damballa Njiebu Court Barry,Mobile
Bo District,Valunia Chiefdom,Mongere CHC,CHC,Kontah,20,Damballa Njiebu Court Barry,Mobile
Bo District,Valunia Chiefdom,Mongere CHC,CHC,Kpakibu,202,Monghere CHC,Fixed
Bo District,Valunia Chiefdom,Mongere CHC,CHC,Kpassama,86,Damballa Njiebu Court Barry,Mobile
Bo District,Valunia Chiefdom,Mongere CHC,CHC,Kpetema,228,Monghere CHC,Fixed
Bo District,Valunia Chiefdom,Mongere CHC,CHC,Legbeyama,40,Monghere CHC,Fixed
Bo District,Valunia Chiefdom,Mongere CHC,CHC,Levuma,64,Damballa Njiebu Court Barry,Mobile
Bo District,Valunia Chiefdom,Mongere CHC,CHC,Lomabu,198,Kpetema Court Barry,Mobile
Bo District,Valunia Chiefdom,Mongere CHC,CHC,Luniagelema,72,Damballa Njiebu Court Barry,Mobile
Bo District,Valunia Chiefdom,Mongere CHC,CHC,Mayembema,70,Damballa Njiebu Court Barry,Mobile
Bo District,Valunia Chiefdom,Mongere CHC,CHC,Monghere,2121,Monghere CHC,Fixed
Bo District,Valunia Chiefdom,Mongere CHC,CHC,Mosumana,30,Damballa Njiebu Court Barry,Mobile
Bo District,Valunia Chiefdom,Mongere CHC,CHC,Moyambawo,40,Damballa Njiebu Court Barry,Mobile
Bo District,Valunia Chiefdom,Mongere CHC,CHC,Ngagboma,30,Damballa Njiebu Court Barry,Mobile
Bo District,Valunia Chiefdom,Mongere CHC,CHC,Ngiebu,230,Kpetema Court Barry,Mobile
Bo District,Valunia Chiefdom,Mongere CHC,CHC,Njorgahun,82,Kpetema Court Barry,Mobile
Bo District,Valunia Chiefdom,Mongere CHC,CHC,Njorpowahun,70,Damballa Njiebu Court Barry,Mobile
Bo District,Valunia Chiefdom,Mongere CHC,CHC,Nyandehun,75,Monghere CHC,Fixed
Bo District,Valunia Chiefdom,Mongere CHC,CHC,Nyandehun Gandema,240,Damballa Njiebu Court Barry,Mobile
Bo District,Valunia Chiefdom,Mongere CHC,CHC,Nyanyahun,40,Damballa Njiebu Court Barry,Mobile
Bo District,Valunia Chiefdom,Mongere CHC,CHC,Nyayema,67,Monghere CHC,Fixed
Bo District,Valunia Chiefdom,Mongere CHC,CHC,Pelewahun,114,Monghere CHC,Fixed
Bo District,Valunia Chiefdom,Mongere CHC,CHC,Pelewahun Ii,120,Damballa Njiebu Court Barry,Mobile
Bo District,Valunia Chiefdom,Mongere CHC,CHC,Tendehun,80,Kpetema Court Barry,Mobile
Bo District,Valunia Chiefdom,Mongere CHC,CHC,Torgorma,90,Damballa Njiebu Court Barry,Mobile
Bo District,Valunia Chiefdom,Mongere CHC,CHC,Torkporbu,100,Kpetema Court Barry,Mobile
Bo District,Valunia Chiefdom,Mongere CHC,CHC,Toryama,42,Kpetema Court Barry,Mobile
Bo District,Valunia Chiefdom,Mongere CHC,CHC,Wan Os,15,Monghere CHC,Fixed
Bo District,Valunia Chiefdom,Mongere CHC,CHC,Waterloo,10,Monghere CHC,Fixed
Bo District,Valunia Chiefdom,Mongere CHC,CHC,Wonde,60,Kpetema Court Barry,Mobile
Bo District,Valunia Chiefdom,Mongere CHC,CHC,Yawema,60,Damballa Njiebu Court Barry,Mobile
Bo District,Valunia Chiefdom,Mongere CHC,CHC,Yuabu,40,Damballa Njiebu Court Barry,Mobile
Bo District,Valunia Chiefdom,Ngolahun Jabaty CHP,CHP,Dambalawa,100,Ngolahun Jabaty CHP,Fixed
Bo District,Valunia Chiefdom,Ngolahun Jabaty CHP,CHP,Faama,300,Magbema Court Barry,Outreach
Bo District,Valunia Chiefdom,Ngolahun Jabaty CHP,CHP,Kortumahun,700,Ngolahun Jabaty CHP,Fixed
Bo District,Valunia Chiefdom,Ngolahun Jabaty CHP,CHP,Magbema,750,Magbema Court Barry,Outreach
Bo District,Valunia Chiefdom,Ngolahun Jabaty CHP,CHP,Ngolahun Jabaty,908,Ngolahun Jabaty CHP,Fixed
Bo District,Valunia Chiefdom,Ngolahun Jabaty CHP,CHP,Niayama,150,Ngolahun Jabaty CHP,Fixed
Bo District,Valunia Chiefdom,Ngolahun Jabaty CHP,CHP,Pembema,200,Ngolahun Jabaty CHP,Fixed
Bo District,Valunia Chiefdom,Ngolahun Jabaty CHP,CHP,Sayllu,800,Ngolahun Jabaty CHP,Fixed
Bo District,Valunia Chiefdom,Pujehun (Valunia) CHP,CHP,Gbanguya,56,Pujehun,Fixed
Bo District,Valunia Chiefdom,Pujehun (Valunia) CHP,CHP,Hojeima,43,Kpassama,Outreach
Bo District,Valunia Chiefdom,Pujehun (Valunia) CHP,CHP,Jojohun,114,Kpassama,Outreach
Bo District,Valunia Chiefdom,Pujehun (Valunia) CHP,CHP,Kotorboima,166,Pujehun,Fixed
Bo District,Valunia Chiefdom,Pujehun (Valunia) CHP,CHP,Kpassama,249,Kpassama,Outreach
Bo District,Valunia Chiefdom,Pujehun (Valunia) CHP,CHP,Mexico,45,Pujehun,Fixed
Bo District,Valunia Chiefdom,Pujehun (Valunia) CHP,CHP,Mogbosongo,115,Pujehun,Fixed
Bo District,Valunia Chiefdom,Pujehun (Valunia) CHP,CHP,Pujehun,870,Pujehun,Fixed
Bo District,Valunia Chiefdom,Pujehun (Valunia) CHP,CHP,Simbeck Fagoya,211,Kpassama,Outreach
Bo District,Valunia Chiefdom,Pujehun (Valunia) CHP,CHP,Victoria,264,Pujehun,Fixed
Bo District,Wonde Chiefdom,Bathurst MCHP,MCHP,Bathurst MCHP,779,Bathurst MCHP,Fixed
Bo District,Wonde Chiefdom,Bathurst MCHP,MCHP,Dinnah,790,Dinnah Court Barray,Mobile
Bo District,Wonde Chiefdom,Bathurst MCHP,MCHP,Gawula,687,Bathurst MCHP,Fixed
Bo District,Wonde Chiefdom,Bathurst MCHP,MCHP,Gumbu,184,Bathurst MCHP,Fixed
Bo District,Wonde Chiefdom,Bathurst MCHP,MCHP,Kenema,154,Dinnah Court Barray,Mobile
Bo District,Wonde Chiefdom,Bathurst MCHP,MCHP,Kpeyama,229,Bathurst MCHP,Fixed
Bo District,Wonde Chiefdom,Bathurst MCHP,MCHP,Nglawoma,267,Dinnah Court Barray,Mobile
Bo District,Wonde Chiefdom,Bathurst MCHP,MCHP,Niagorehun,859,Niagorehun Court Barray,Mobile
Bo District,Wonde Chiefdom,Bathurst MCHP,MCHP,Njala,730,Dinnah Court Barray,Mobile
Bo District,Wonde Chiefdom,Bathurst MCHP,MCHP,Yanihun,446,Bathurst MCHP,Fixed
Bo District,Wonde Chiefdom,Fanima (Wonde) MCHP,MCHP,Fanima,1960,Fanima MCHP,Fixed
Bo District,Wonde Chiefdom,Fanima (Wonde) MCHP,MCHP,Fayama,717,Fanima MCHP,Fixed
Bo District,Wonde Chiefdom,Fanima (Wonde) MCHP,MCHP,Gendema,245,Pelewahun Court Barray,Mobile
Bo District,Wonde Chiefdom,Fanima (Wonde) MCHP,MCHP,Heayama,121,Pelewahun Court Barray,Mobile
Bo District,Wonde Chiefdom,Fanima (Wonde) MCHP,MCHP,Kanuma,152,Fanima MCHP,Fixed
Bo District,Wonde Chiefdom,Fanima (Wonde) MCHP,MCHP,Kegbema,870,Pelewahun Court Barray,Mobile
Bo District,Wonde Chiefdom,Fanima (Wonde) MCHP,MCHP,Layiehun,743,Layiehun Court Barray,Mobile
Bo District,Wonde Chiefdom,Fanima (Wonde) MCHP,MCHP,Malema,335,Layiehun Court Barray,Mobile
Bo District,Wonde Chiefdom,Fanima (Wonde) MCHP,MCHP,Mogboama,201,Fanima MCHP,Fixed
Bo District,Wonde Chiefdom,Fanima (Wonde) MCHP,MCHP,Pelewahun,916,Pelewahun Court Barray,Mobile
Bo District,Wonde Chiefdom,Fanima (Wonde) MCHP,MCHP,Toebu,250,Pelewahun Court Barray,Mobile
Bo District,Wonde Chiefdom,Fanima (Wonde) MCHP,MCHP,Vawaahun,103,Fanima MCHP,Fixed
Bo District,Wonde Chiefdom,Gboyama CHC,CHC,Baoma,300,Kpuawala Court Barray,Mobile
Bo District,Wonde Chiefdom,Gboyama CHC,CHC,Dia1,320,Dia 1 Cort Barray,Outreach
Bo District,Wonde Chiefdom,Gboyama CHC,CHC,Dia2,280,Dia 1 Cort Barray,Outreach
Bo District,Wonde Chiefdom,Gboyama CHC,CHC,Gboyama Town,1550,Gboyama CHC,Fixed
Bo District,Wonde Chiefdom,Gboyama CHC,CHC,Kpuawala,1020,Kpuawala Court Barray,Mobile
Bo District,Wonde Chiefdom,Gboyama CHC,CHC,Mendama,502,Kpuawala Court Barray,Mobile
Bo District,Wonde Chiefdom,Gboyama CHC,CHC,Njala,329,Dia 1 Cort Barray,Outreach
Bo District,Wonde Chiefdom,Gboyama CHC,CHC,Solima,615,Gboyama CHC,Fixed
Bo District,Wonde Chiefdom,Gboyama CHC,CHC,Vaama,620,Gboyama CHC,Fixed
Bo District,Wonde Chiefdom,Kambawama MCHP,MCHP,Gbonjeima,79,Konia Court Barray,Mobile
Bo District,Wonde Chiefdom,Kambawama MCHP,MCHP,Kambawama 1&2,1256,Kambawama MCHP,Fixed
Bo District,Wonde Chiefdom,Kambawama MCHP,MCHP,Konia,455,Konia Court Barray,Mobile
Bo District,Wonde Chiefdom,Kambawama MCHP,MCHP,Levuma,83,Yawaju Court Barray,Mobile
Bo District,Wonde Chiefdom,Kambawama MCHP,MCHP,Njagbakahun,84,Yawaju Court Barray,Mobile
Bo District,Wonde Chiefdom,Kambawama MCHP,MCHP,Pujehun,34,Kambawama MCHP,Fixed
Bo District,Wonde Chiefdom,Kambawama MCHP,MCHP,Yawaju,451,Yawaju Court Barray,Mobile
Bo District,Wonde Chiefdom,Kambawama MCHP,MCHP,Yengema,594,Kambawama MCHP,Fixed
