district,chiefdom,phu,facility_type,community,population_2023
Bo District,Badjia Chiefdom,Ngelehun (Badjia) CHC,CHC,Ngelehun Town,1600
Bo District,Badjia Chiefdom,Ngelehun (Badjia) CHC,CHC,Jawa,195
Bo District,Badjia Chiefdom,Ngelehun (Badjia) CHC,CHC,Damballa,60
Bo District,Badjia Chiefdom,Ngelehun (Badjia) CHC,CHC,Ngiehun,200
Bo District,Badjia Chiefdom,Ngelehun (Badjia) CHC,CHC,Pelewahun,130
Bo District,Badjia Chiefdom,Ngelehun (Badjia) CHC,CHC,Sasso,50
Bo District,Badjia Chiefdom,Ngelehun (Badjia) CHC,CHC,Pendebu,180
Bo District,Badjia Chiefdom,Ngelehun (Badjia) CHC,CHC,Peyeilla,72
Bo District,Badjia Chiefdom,Ngelehun (Badjia) CHC,CHC,Solima,100
Bo District,Badjia Chiefdom,Ngelehun (Badjia) CHC,CHC,Ngalahun,155
Bo District,Badjia Chiefdom,Ngelehun (Badjia) CHC,CHC,Bangiema,85
Bo District,Badjia Chiefdom,Ngelehun (Badjia) CHC,CHC,Bumpewo,200
Bo District,Badjia Chiefdom,Ngelehun (Badjia) CHC,CHC,Nomiama,450
Bo District,Badjia Chiefdom,Ngelehun (Badjia) CHC,CHC,Griema,120
Bo District,Badjia Chiefdom,Ngelehun (Badjia) CHC,CHC,Madina,110
Bo District,Badjia Chiefdom,Ngelehun (Badjia) CHC,CHC,korjehun,165
Bo District,Badjia Chiefdom,Ngelehun (Badjia) CHC,CHC,Saahn,99
Bo District,Badjia Chiefdom,Ngelehun (Badjia) CHC,CHC,Sembehun,145
Bo District,Badjia Chiefdom,Ngelehun (Badjia) CHC,CHC,Koindu,115
Bo District,Badjia Chiefdom,Ngelehun (Badjia) CHC,CHC,Njagbahun,571
Bo District,Badjia Chiefdom,Ngelehun (Badjia) CHC,CHC,Kebawana,150
Bo District,Badjia Chiefdom,Ngelehun (Badjia) CHC,CHC,Kpuwabu,110
Bo District,Badjia Chiefdom,Ngelehun (Badjia) CHC,CHC,Kpetema,465
Bo District,Badjia Chiefdom,Ngelehun (Badjia) CHC,CHC,Jellu 1,80
Bo District,Badjia Chiefdom,Ngelehun (Badjia) CHC,CHC,Jellu 2,95
Bo District,Badjia Chiefdom,Ngelehun (Badjia) CHC,CHC,Yorvuhun,100
Bo District,Badjia Chiefdom,Njagbahun (Badjia) MCHP,MCHP,,
Bo District,Badjia Chiefdom,Njandama MCHP,MCHP,Njandama town,625
Bo District,Badjia Chiefdom,Njandama MCHP,MCHP,Gumahun,745
Bo District,Badjia Chiefdom,Njandama MCHP,MCHP,Ngiehun,857
Bo District,Badjia Chiefdom,Njandama MCHP,MCHP,Kugbahun,292
Bo District,Badjia Chiefdom,Njandama MCHP,MCHP,Jorkibu,835
Bo District,Badjia Chiefdom,Njandama MCHP,MCHP,Kpakru,296
Bo District,Badjia Chiefdom,Njandama MCHP,MCHP,Faala,379
Bo District,Bagbwe Chiefdom,Barlie MCHP,MCHP,Barlie,1549
Bo District,Bagbwe Chiefdom,Barlie MCHP,MCHP,Gbojeima,1171
Bo District,Bagbwe Chiefdom,Barlie MCHP,MCHP,Njala Kendema,1685
Bo District,Bagbwe Chiefdom,Barlie MCHP,MCHP,Kandu,180
Bo District,Bagbwe Chiefdom,Barlie MCHP,MCHP,Bangabu,168
Bo District,Bagbwe Chiefdom,Barlie MCHP,MCHP,Ngeihun,230
Bo District,Bagbwe Chiefdom,Barlie MCHP,MCHP,Bambara,350
Bo District,Bagbwe Chiefdom,Benduma (Bagbwe) MCHP,MCHP,Benduma,1562
Bo District,Bagbwe Chiefdom,Benduma (Bagbwe) MCHP,MCHP,Yengema,420
Bo District,Bagbwe Chiefdom,Benduma (Bagbwe) MCHP,MCHP,Yangabu,650
Bo District,Bagbwe Chiefdom,Benduma (Bagbwe) MCHP,MCHP,Langulama,210
Bo District,Bagbwe Chiefdom,Benduma (Bagbwe) MCHP,MCHP,Pelewahun,720
Bo District,Bagbwe Chiefdom,Benduma (Bagbwe) MCHP,MCHP,Kpetema,600
Bo District,Bagbwe Chiefdom,Benduma (Bagbwe) MCHP,MCHP,Niahun,267
Bo District,Bagbwe Chiefdom,Benduma (Bagbwe) MCHP,MCHP,Lowoma,500
Bo District,Bagbwe Chiefdom,Kondiama MCHP,MCHP,Kodiama,886
Bo District,Bagbwe Chiefdom,Kondiama MCHP,MCHP,Faabu,91
Bo District,Bagbwe Chiefdom,Kondiama MCHP,MCHP,Bandaju,467
Bo District,Bagbwe Chiefdom,Kondiama MCHP,MCHP,Gbaama,883
Bo District,Bagbwe Chiefdom,Kondiama MCHP,MCHP,Mokpende,393
Bo District,Bagbwe Chiefdom,Kondiama MCHP,MCHP,Venima,131
Bo District,Bagbwe Chiefdom,Kpetema (Bagbwe) MCHP,MCHP,,
Bo District,Bagbwe Chiefdom,Mendewa MCHP,MCHP,Mendewa,696
Bo District,Bagbwe Chiefdom,Mendewa MCHP,MCHP,Kpakuma,337
Bo District,Bagbwe Chiefdom,Mendewa MCHP,MCHP,Vengema,398
Bo District,Bagbwe Chiefdom,Mendewa MCHP,MCHP,Baama,586
Bo District,Bagbwe Chiefdom,Mendewa MCHP,MCHP,Palima,496
Bo District,Bagbwe Chiefdom,Mendewa MCHP,MCHP,Kpetema,426
Bo District,Bagbwe Chiefdom,Mendewa MCHP,MCHP,Kojo Ngeihun,389
Bo District,Bagbwe Chiefdom,Ngalu CHC,CHC,Ngalu,1635
Bo District,Bagbwe Chiefdom,Ngalu CHC,CHC,Foinda,150
Bo District,Bagbwe Chiefdom,Ngalu CHC,CHC,Konjordoma,435
Bo District,Bagbwe Chiefdom,Ngalu CHC,CHC,Niagorehun,100
Bo District,Bagbwe Chiefdom,Ngalu CHC,CHC,Kpuawala,105
Bo District,Bagbwe Chiefdom,Ngalu CHC,CHC,Manopendorbu,961
Bo District,Bagbwe Chiefdom,Ngalu CHC,CHC,Kowama,450
Bo District,Bagbwe Chiefdom,Ngalu CHC,CHC,Wallihun,106
Bo District,Bagbwe Chiefdom,Ngalu CHC,CHC,Gbaama Tabima,320
Bo District,Bagbwe Chiefdom,Ngalu CHC,CHC,Kpatou,325
Bo District,Bagbwe Chiefdom,Ngalu CHC,CHC,Yaweh,110
Bo District,Bagbwe Chiefdom,Ngalu CHC,CHC,Blama1,350
Bo District,Bagbwe Chiefdom,Ngalu CHC,CHC,Gibima,500
Bo District,Bagbwe Chiefdom,Ngalu CHC,CHC,Kpetewoma,210
Bo District,Bagbwe Chiefdom,Ngalu CHC,CHC,Kebawana,190
Bo District,Bagbwe Chiefdom,Samie Buma MCHP,MCHP,Samie,890
Bo District,Bagbwe Chiefdom,Samie Buma MCHP,MCHP,Buma,857
Bo District,Bagbwe Chiefdom,Samie Buma MCHP,MCHP,Kpawula,620
Bo District,Bagbwe Chiefdom,Samie Buma MCHP,MCHP,Bijia,480
Bo District,Baoma Chiefdom,Baoma Station CHP,CHP,Baoma Station,1932
Bo District,Baoma Chiefdom,Baoma Station CHP,CHP,Waima,570
Bo District,Baoma Chiefdom,Baoma Station CHP,CHP,Gbandi,625
Bo District,Baoma Chiefdom,Baoma Station CHP,CHP,Baoma old town,1682
Bo District,Baoma Chiefdom,Baoma Station CHP,CHP,Niagorehun,74
Bo District,Baoma Chiefdom,Baoma Station CHP,CHP,Bangema,42
Bo District,Baoma Chiefdom,Blamawo MCHP,MCHP,Blamawo,490
Bo District,Baoma Chiefdom,Blamawo MCHP,MCHP,Taninahun,271
Bo District,Baoma Chiefdom,Blamawo MCHP,MCHP,Kwalema,322
Bo District,Baoma Chiefdom,Blamawo MCHP,MCHP,Kpauma,103
Bo District,Baoma Chiefdom,Blamawo MCHP,MCHP,Kanjalu,565
Bo District,Baoma Chiefdom,Blamawo MCHP,MCHP,Mogbuama,317
Bo District,Baoma Chiefdom,Blamawo MCHP,MCHP,Fallah,318
Bo District,Baoma Chiefdom,Blamawo MCHP,MCHP,Kenemawo,156
Bo District,Baoma Chiefdom,Faabu CHP,CHP,Faabu,653
Bo District,Baoma Chiefdom,Faabu CHP,CHP,Kortumahun,383
Bo District,Baoma Chiefdom,Faabu CHP,CHP,Fayama,783
Bo District,Baoma Chiefdom,Faabu CHP,CHP,Gualla,703
Bo District,Baoma Chiefdom,Faabu CHP,CHP,Gangama,212
Bo District,Baoma Chiefdom,Foindu (Baoma) MCHP,MCHP,Foindu,1312
Bo District,Baoma Chiefdom,Foindu (Baoma) MCHP,MCHP,Ndema,779
Bo District,Baoma Chiefdom,Foindu (Baoma) MCHP,MCHP,Gbuyama,738
Bo District,Baoma Chiefdom,Gbahama (Baoma) CHP,CHP,Gbahama,786
Bo District,Baoma Chiefdom,Gbahama (Baoma) CHP,CHP,Jorbohun,471
Bo District,Baoma Chiefdom,Gbahama (Baoma) CHP,CHP,Kponima,398
Bo District,Baoma Chiefdom,Gbahama (Baoma) CHP,CHP,Gbahun,419
Bo District,Baoma Chiefdom,Gbahama (Baoma) CHP,CHP,Hagbahun,238
Bo District,Baoma Chiefdom,Gbahama (Baoma) CHP,CHP,Komende,538
Bo District,Baoma Chiefdom,Gbahama (Baoma) CHP,CHP,Kpatema,629
Bo District,Baoma Chiefdom,Gerehun CHC,CHC,Gerehun CHC,2715
Bo District,Baoma Chiefdom,Gerehun CHC,CHC,Ngeyawami,253
Bo District,Baoma Chiefdom,Gerehun CHC,CHC,Kplorya,183
Bo District,Baoma Chiefdom,Gerehun CHC,CHC,Gogoima,48
Bo District,Baoma Chiefdom,Gerehun CHC,CHC,Matama,268
Bo District,Baoma Chiefdom,Gerehun CHC,CHC,Tobada,418
Bo District,Baoma Chiefdom,Gerehun CHC,CHC,Gondoma,520
Bo District,Baoma Chiefdom,Gerehun CHC,CHC,Paliama 1,164
Bo District,Baoma Chiefdom,Gerehun CHC,CHC,Lowumi,37
Bo District,Baoma Chiefdom,Gerehun CHC,CHC,Potolu,230
Bo District,Baoma Chiefdom,Gerehun CHC,CHC,Gbaiima,290
Bo District,Baoma Chiefdom,Gerehun CHC,CHC,Kwellu,664
Bo District,Baoma Chiefdom,Gerehun CHC,CHC,Bagorma,127
Bo District,Baoma Chiefdom,Gerehun CHC,CHC,Ngiehun,100
Bo District,Baoma Chiefdom,Gerehun CHC,CHC,Pujehun,75
Bo District,Baoma Chiefdom,Gerehun CHC,CHC,Njama,60
Bo District,Baoma Chiefdom,Golu MCHP,MCHP,Gollu,659
Bo District,Baoma Chiefdom,Golu MCHP,MCHP,Konnia,880
Bo District,Baoma Chiefdom,Golu MCHP,MCHP,Palima 2,204
Bo District,Baoma Chiefdom,Golu MCHP,MCHP,Golela,219
Bo District,Baoma Chiefdom,Golu MCHP,MCHP,Lungi,162
Bo District,Baoma Chiefdom,Golu MCHP,MCHP,Nongoba,288
Bo District,Baoma Chiefdom,Jembe CHC,CHC,Jembe,3316
Bo District,Baoma Chiefdom,Jembe CHC,CHC,Massao,162
Bo District,Baoma Chiefdom,Jembe CHC,CHC,Komolu,317
Bo District,Baoma Chiefdom,Jembe CHC,CHC,Kenyema,441
Bo District,Baoma Chiefdom,Jembe CHC,CHC,Gendema,930
Bo District,Baoma Chiefdom,Jembe CHC,CHC,Niama,1032
Bo District,Baoma Chiefdom,Jembe CHC,CHC,Ngelahun,408
Bo District,Baoma Chiefdom,Jembe CHC,CHC,Mossamai,33
Bo District,Baoma Chiefdom,Jormu (Baoma) MCHP,MCHP,Jormu,930
Bo District,Baoma Chiefdom,Jormu (Baoma) MCHP,MCHP,Tongie,546
Bo District,Baoma Chiefdom,Jormu (Baoma) MCHP,MCHP,Ngualu,473
Bo District,Baoma Chiefdom,Jormu (Baoma) MCHP,MCHP,Maina,511
Bo District,Baoma Chiefdom,Jormu (Baoma) MCHP,MCHP,Feiba,265
Bo District,Baoma Chiefdom,Kigbai MCHP,MCHP,Kigbai,1028
Bo District,Baoma Chiefdom,Kigbai MCHP,MCHP,Kanga,514
Bo District,Baoma Chiefdom,Kigbai MCHP,MCHP,Koyama,744
Bo District,Baoma Chiefdom,Kigbai MCHP,MCHP,Sawulla,1117
Bo District,Baoma Chiefdom,Kpunbu MCHP,MCHP,,
Bo District,Baoma Chiefdom,Mbundorbu MCHP,MCHP,Mbundorbu,1050
Bo District,Baoma Chiefdom,Mbundorbu MCHP,MCHP,Kpakru,675
Bo District,Baoma Chiefdom,Mbundorbu MCHP,MCHP,Komende Junction,495
Bo District,Baoma Chiefdom,Mbundorbu MCHP,MCHP,Komende sewa,598
Bo District,Baoma Chiefdom,Mbundorbu MCHP,MCHP,Buma,925
Bo District,Baoma Chiefdom,Pelewahun (Baoma) MCHP,MCHP,Pelewahun,1331
Bo District,Baoma Chiefdom,Pelewahun (Baoma) MCHP,MCHP,Tongiama,509
Bo District,Baoma Chiefdom,Pelewahun (Baoma) MCHP,MCHP,Taninahun,1025
Bo District,Baoma Chiefdom,Pelewahun (Baoma) MCHP,MCHP,Gbinima,278
Bo District,Baoma Chiefdom,Tugbebu CHP,CHP,Tungbebu,667
Bo District,Baoma Chiefdom,Tugbebu CHP,CHP,Feikundor,207
Bo District,Baoma Chiefdom,Tugbebu CHP,CHP,Kpatobu,544
Bo District,Baoma Chiefdom,Tugbebu CHP,CHP,Sandia,380
Bo District,Baoma Chiefdom,Tugbebu CHP,CHP,Niama,592
Bo District,Baoma Chiefdom,Tugbebu CHP,CHP,Semibu,214
Bo District,Baoma Chiefdom,Tugbebu CHP,CHP,Gboyeiya,545
Bo District,Baoma Chiefdom,Yakaji MCHP,MCHP,Yakaji,1598
Bo District,Baoma Chiefdom,Yakaji MCHP,MCHP,Pelewahun,641
Bo District,Baoma Chiefdom,Yakaji MCHP,MCHP,Juhun,1718
Bo District,Baoma Chiefdom,Yakaji MCHP,MCHP,Matema,727
Bo District,Baoma Chiefdom,Yakaji MCHP,MCHP,Gbangba,492
Bo District,Baoma Chiefdom,Yamandu CHC,CHC,Yamandu 1,1705
Bo District,Baoma Chiefdom,Yamandu CHC,CHC,Yamandu 2,1130
Bo District,Baoma Chiefdom,Yamandu CHC,CHC,Yamandu 3,1795
Bo District,Baoma Chiefdom,Yamandu CHC,CHC,Ndogbogoma,513
Bo District,Baoma Chiefdom,Yamandu CHC,CHC,Yamandu 4,1577
Bo District,Baoma Chiefdom,Yamandu CHC,CHC,Sengama,65
Bo District,Baoma Chiefdom,Yamandu CHC,CHC,Kpumbu,588
Bo District,Baoma Chiefdom,Yamandu CHC,CHC,Manowa,299
Bo District,Baoma Chiefdom,Yamandu CHC,CHC,Vaahun,239
Bo District,Baoma Chiefdom,Yamandu CHC,CHC,Kortumahun,410
Bo District,Baoma Chiefdom,Yamandu CHC,CHC,Njaluahun,220
Bo District,Bargbo Chiefdom,Bum Kaku MCHP,MCHP,Bum-Kaku,550
Bo District,Bargbo Chiefdom,Bum Kaku MCHP,MCHP,Gballeh,430
Bo District,Bargbo Chiefdom,Bum Kaku MCHP,MCHP,Torkpumbu2,98
Bo District,Bargbo Chiefdom,Bum Kaku MCHP,MCHP,Kenema,62
Bo District,Bargbo Chiefdom,Bum Kaku MCHP,MCHP,Gbatorma,320
Bo District,Bargbo Chiefdom,Bum Kaku MCHP,MCHP,Kponima,100
Bo District,Bargbo Chiefdom,Bum Kaku MCHP,MCHP,Barleh,200
Bo District,Bargbo Chiefdom,Bum Kaku MCHP,MCHP,Mosondo,100
Bo District,Bargbo Chiefdom,Bum Kaku MCHP,MCHP,Mandu,230
Bo District,Bargbo Chiefdom,Bum Kaku MCHP,MCHP,Fakaba,100
Bo District,Bargbo Chiefdom,Gbangbalia MCHP,MCHP,Kpangbalia village,756
Bo District,Bargbo Chiefdom,Gbangbalia MCHP,MCHP,Senehun Somba,510
Bo District,Bargbo Chiefdom,Gbangbalia MCHP,MCHP,Nyandehun,530
Bo District,Bargbo Chiefdom,Gbangbalia MCHP,MCHP,Baoma,433
Bo District,Bargbo Chiefdom,Gbangbalia MCHP,MCHP,Fabaina,152
Bo District,Bargbo Chiefdom,Gbangbalia MCHP,MCHP,Mowonde,199
Bo District,Bargbo Chiefdom,Gbangbalia MCHP,MCHP,Morgbain,186
Bo District,Bargbo Chiefdom,Jimmi CHC,CHC,Jimmi town,2397
Bo District,Bargbo Chiefdom,Jimmi CHC,CHC,Waiima Village,102
Bo District,Bargbo Chiefdom,Jimmi CHC,CHC,Mattru village,653
Bo District,Bargbo Chiefdom,Kakama MCHP,MCHP,Kakama,1433
Bo District,Bargbo Chiefdom,Kakama MCHP,MCHP,Gibina,400
Bo District,Bargbo Chiefdom,Kakama MCHP,MCHP,Kpawama,1500
Bo District,Bargbo Chiefdom,Kakama MCHP,MCHP,Gordie,300
Bo District,Bargbo Chiefdom,Kasse MCHP,MCHP,Kasse,396
Bo District,Bargbo Chiefdom,Kasse MCHP,MCHP,Yeashan,298
Bo District,Bargbo Chiefdom,Kasse MCHP,MCHP,Bumpewo,290
Bo District,Bargbo Chiefdom,Kasse MCHP,MCHP,Mogbom,298
Bo District,Bargbo Chiefdom,Kasse MCHP,MCHP,Mokoba,297
Bo District,Bargbo Chiefdom,Kasse MCHP,MCHP,Deima,298
Bo District,Bargbo Chiefdom,Kasse MCHP,MCHP,Ngolapon,250
Bo District,Bargbo Chiefdom,Kasse MCHP,MCHP,Mohapewa,285
Bo District,Bargbo Chiefdom,Kasse MCHP,MCHP,Njala,50
Bo District,Bargbo Chiefdom,Kasse MCHP,MCHP,Lagowo,296
Bo District,Bargbo Chiefdom,Kasse MCHP,MCHP,Lagowa,296
Bo District,Bargbo Chiefdom,Kasse MCHP,MCHP,Gbenya,294
Bo District,Bargbo Chiefdom,Kasse MCHP,MCHP,Panguma,17
Bo District,Bargbo Chiefdom,Limba CHP,CHP,,
Bo District,Bargbo Chiefdom,Mano Yorgbo MCHP,MCHP,Mano- Yorgbo,1094
Bo District,Bargbo Chiefdom,Mano Yorgbo MCHP,MCHP,Mano Old,508
Bo District,Bargbo Chiefdom,Mano Yorgbo MCHP,MCHP,Mondorkor,820
Bo District,Bargbo Chiefdom,Mano Yorgbo MCHP,MCHP,Torkpumbu,125
Bo District,Bargbo Chiefdom,Mano Yorgbo MCHP,MCHP,Dandabu,516
Bo District,Bargbo Chiefdom,Mano Yorgbo MCHP,MCHP,Njagbema,128
Bo District,Bargbo Chiefdom,Mano Yorgbo MCHP,MCHP,Semabu,185
Bo District,Bargbo Chiefdom,Momajo CHP,CHP,Momajo,459
Bo District,Bargbo Chiefdom,Momajo CHP,CHP,Mojeima,432
Bo District,Bargbo Chiefdom,Momajo CHP,CHP,Manibo,201
Bo District,Bargbo Chiefdom,Momajo CHP,CHP,Mailiewa,432
Bo District,Bargbo Chiefdom,Momajo CHP,CHP,Tissana Junction,128
Bo District,Bargbo Chiefdom,Momajo CHP,CHP,Tissana Old town,457
Bo District,Bargbo Chiefdom,Momajo CHP,CHP,Momado,200
Bo District,Bargbo Chiefdom,Momajo CHP,CHP,Kortulablama,504
Bo District,Bargbo Chiefdom,Momajo CHP,CHP,Tengbeleh,410
Bo District,Bargbo Chiefdom,Momajo CHP,CHP,Yengelleh,321
Bo District,Bargbo Chiefdom,Momajo CHP,CHP,Mokabay1,109
Bo District,Bargbo Chiefdom,Momajo CHP,CHP,Mokabay2,254
Bo District,Bargbo Chiefdom,Momajo CHP,CHP,Ngeiyahun,191
Bo District,Bargbo Chiefdom,Momajo CHP,CHP,Jujuhun,325
Bo District,Bargbo Chiefdom,Momajo CHP,CHP,Ngolawoma,543
Bo District,Bargbo Chiefdom,Momajo CHP,CHP,Tamuma,508
Bo District,Bargbo Chiefdom,Momajo CHP,CHP,Mosagbahun,321
Bo District,Bargbo Chiefdom,Momajo CHP,CHP,Modambie,296
Bo District,Bargbo Chiefdom,Momajo CHP,CHP,Niagorehun,114
Bo District,Bargbo Chiefdom,Momajo CHP,CHP,Moway,309
Bo District,Bargbo Chiefdom,Momajo CHP,CHP,Sembehun,215
Bo District,Bargbo Chiefdom,Momajo CHP,CHP,Fola,203
Bo District,Bargbo Chiefdom,Niagorehun (Bargbo) CHP,CHP,Niagorehun CHP,2607
Bo District,Bargbo Chiefdom,Niagorehun (Bargbo) CHP,CHP,Mandehun,500
Bo District,Bargbo Chiefdom,Niagorehun (Bargbo) CHP,CHP,Levuma,100
Bo District,Bargbo Chiefdom,Niagorehun (Bargbo) CHP,CHP,Kpetewoma,500
Bo District,Bargbo Chiefdom,Niagorehun (Bargbo) CHP,CHP,Limba,800
Bo District,Bargbo Chiefdom,Niagorehun (Bargbo) CHP,CHP,Mandu1,315
Bo District,Bargbo Chiefdom,Niagorehun (Bargbo) CHP,CHP,Bandajuma,340
Bo District,Bargbo Chiefdom,Senehun Ngolan MCHP,MCHP,Senehun Ngola,438
Bo District,Bargbo Chiefdom,Senehun Ngolan MCHP,MCHP,Kanga,542
Bo District,Bargbo Chiefdom,Senehun Ngolan MCHP,MCHP,Yeinkein,724
Bo District,Bargbo Chiefdom,Senehun Ngolan MCHP,MCHP,Daballa,438
Bo District,Bargbo Chiefdom,Senehun Ngolan MCHP,MCHP,Gbangaya,562
Bo District,Bargbo Chiefdom,Senehun Ngolan MCHP,MCHP,Faabu,422
Bo District,Bo City,Aethel CHP,CHP,,
Bo District,Bo City,Agape Way CHP,CHP,Kenediye Section,4500
Bo District,Bo City,Agape Way CHP,CHP,Bagbo Hill,1178
Bo District,Bo City,Agape Way CHP,CHP,Part of Sewa Road,2000
Bo District,Bo City,Agape Way CHP,CHP,Johnny Street,1342
Bo District,Bo City,Agape Way CHP,CHP,Manjama,2072
Bo District,Bo City,Agape Way CHP,CHP,Shelmingo Junction,936
Bo District,Bo City,Agape Way CHP,CHP,Part of Abu Street,953
Bo District,Bo City,Agape Way CHP,CHP,Sammie 2,905
Bo District,Bo City,Agape Way CHP,CHP,Part of Kallon Street,646
Bo District,Bo City,Agape Way CHP,CHP,Johnny Layout,3002
Bo District,Bo City,Batiama Layout MCHP,MCHP,Batiama Section,848
Bo District,Bo City,Batiama Layout MCHP,MCHP,Moibawo farm,240
Bo District,Bo City,Batiama Layout MCHP,MCHP,Gogoima,394
Bo District,Bo City,Batiama Layout MCHP,MCHP,Gondama Rd & Gondama,551
Bo District,Bo City,Batiama Layout MCHP,MCHP,Kpakuya,238
Bo District,Bo City,Batiama Layout MCHP,MCHP,Fabaina,102
Bo District,Bo City,Batiama Layout MCHP,MCHP,Gangama,136
Bo District,Bo City,Batiama Layout MCHP,MCHP,Ngegboiya,274
Bo District,Bo City,Batiama Layout MCHP,MCHP,Teibo,220
Bo District,Bo City,Batiama Layout MCHP,MCHP,Amie street,205
Bo District,Bo City,Batiama Layout MCHP,MCHP,Tenneh st,167
Bo District,Bo City,Batiama Layout MCHP,MCHP,Mattu st,103
Bo District,Bo City,Batiama Layout MCHP,MCHP,C-Line,187
Bo District,Bo City,Batiama Layout MCHP,MCHP,Katimu st,221
Bo District,Bo City,Batiama Layout MCHP,MCHP,Ngalu road,214
Bo District,Bo City,Batiama Layout MCHP,MCHP,Swarray drive,106
Bo District,Bo City,Batiama Layout MCHP,MCHP,Kallon st,193
Bo District,Bo City,Batiama Layout MCHP,MCHP,Borbonkorboh Section,196
Bo District,Bo City,Batiama Layout MCHP,MCHP,Yokie drive,167
Bo District,Bo City,Batiama Layout MCHP,MCHP,Amadu st,84
Bo District,Bo City,Bo School Bay CHP,CHP,,
Bo District,Bo City,Breakthrough MCHP,MCHP,,
Bo District,Bo City,Brima Town CHP,CHP,Brima Town,1500
Bo District,Bo City,Brima Town CHP,CHP,Gbaiima Road,560
Bo District,Bo City,Brima Town CHP,CHP,Part of New York,1000
Bo District,Bo City,Brima Town CHP,CHP,Reservation,1000
Bo District,Bo City,Brima Town CHP,CHP,EDC Unit Community,640
Bo District,Bo City,Brima Town CHP,CHP,Gbaiima Road,1230
Bo District,Bo City,Brima Town CHP,CHP,Jagboima -Quarter,2953
Bo District,Bo City,Brima Town CHP,CHP,Part of Nikibu,1905
Bo District,Bo City,EDC Unit CHP,CHP,,
Bo District,Bo City,Favour MCHP,MCHP,,
Bo District,Bo City,Gbanja Town MCHP,MCHP,,
Bo District,Bo City,Gbotima CHP,CHP,Gbotima CHP,2310
Bo District,Bo City,Gbotima CHP,CHP,Bo No 2 Extension,2000
Bo District,Bo City,Gbotima CHP,CHP,Bandajuma,996
Bo District,Bo City,Gbotima CHP,CHP,Baoma,500
Bo District,Bo City,Gbotima CHP,CHP,Upper Samamie Section,2500
Bo District,Bo City,Gbotima CHP,CHP,Boborkumbo,600
Bo District,Bo City,Gbotima CHP,CHP,Ngegbayama,500
Bo District,Bo City,Gbotima CHP,CHP,Ngegbayama Layout,800
Bo District,Bo City,Gbotima CHP,CHP,Bandajuma Extension,1460
Bo District,Bo City,Gbotima CHP,CHP,Nduivuibu,923
Bo District,Bo City,Gbotima CHP,CHP,Victor Town,525
Bo District,Bo City,Gbotima CHP,CHP,Gbitima,869
Bo District,Bo City,Gbotima CHP,CHP,Sembehun Tibuima,1846
Bo District,Bo City,Gbotima CHP,CHP,Tongiema,652
Bo District,Bo City,Genda CHP,CHP,,
Bo District,Bo City,Genda MCHP,MCHP,,
Bo District,Bo City,Haikel CHP,CHP,Haikel Community,1970
Bo District,Bo City,Haikel CHP,CHP,Mount Pleansent,760
Bo District,Bo City,Haikel CHP,CHP,Kpetewoma,988
Bo District,Bo City,Haikel CHP,CHP,Gborbu,802
Bo District,Bo City,Haikel CHP,CHP,Sammie 1 Community,734
Bo District,Bo City,Haikel CHP,CHP,Gbangema,650
Bo District,Bo City,Haikel CHP,CHP,SALWACO,560
Bo District,Bo City,Haikel CHP,CHP,Sami 2,600
Bo District,Bo City,Haikel CHP,CHP,Gogoima,680
Bo District,Bo City,Haikel CHP,CHP,New England Upper,1500
Bo District,Bo City,Haikel CHP,CHP,New England Lower,1000
Bo District,Bo City,Haikel CHP,CHP,Tipper Ground,500
Bo District,Bo City,Haikel CHP,CHP,Knedeyeila Road,292
Bo District,Bo City,Haikel CHP,CHP,New England Extension,2500
Bo District,Bo City,Haikel CHP,CHP,Holy Mary,500
Bo District,Bo City,Haikel CHP,CHP,Kendeyeilla,1400
Bo District,Bo City,Haikel CHP,CHP,Kamara Town,985
Bo District,Bo City,Haikel CHP,CHP,Hill Station,1180
Bo District,Bo City,Haikel CHP,CHP,SALWACO,1340
Bo District,Bo City,Haikel CHP,CHP,Ahmediyya Section,2704
Bo District,Bo City,Haikel CHP,CHP,Toyella,160
Bo District,Bo City,Kakua Static CHC,CHC,Reservation,6514
Bo District,Bo City,Kakua Static CHC,CHC,Kortugbuma,4045
Bo District,Bo City,Kakua Static CHC,CHC,Mission Road,1360
Bo District,Bo City,Kakua Static CHC,CHC,Part of Hanga Town,3508
Bo District,Bo City,Kakua Static CHC,CHC,Gbaiima Road,3405
Bo District,Bo City,Kakua Static CHC,CHC,Bo School  Quarters,1200
Bo District,Bo City,Kakua Static CHC,CHC,Nikibu,700
Bo District,Bo City,Kakua Static CHC,CHC,Mattru Road,1270
Bo District,Bo City,Kandeh Town CHP,CHP,Kandeh Town 1,2437
Bo District,Bo City,Kandeh Town CHP,CHP,Kandeh  Town 2,1500
Bo District,Bo City,Kandeh Town CHP,CHP,Kandeh Town Extension,3000
Bo District,Bo City,Kandeh Town CHP,CHP,Torwama Road,1000
Bo District,Bo City,Kandeh Town CHP,CHP,Banga Farm,1250
Bo District,Bo City,Kandeh Town CHP,CHP,Tewouloma,2000
Bo District,Bo City,Kandeh Town CHP,CHP,Banga Farm,900
Bo District,Bo City,Kandeh Town CHP,CHP,Kushe Town Extension,350
Bo District,Bo City,Kandeh Town CHP,CHP,Mendewa Zone 6,360
Bo District,Bo City,Kandeh Town CHP,CHP,Kandeh Town Extension,600
Bo District,Bo City,Kandeh Town CHP,CHP,Agatha Drive,700
Bo District,Bo City,Kowama (Kakua) CHP,CHP,Paramedical Hostel,2500
Bo District,Bo City,Kowama (Kakua) CHP,CHP,Kowama Old Towm,900
Bo District,Bo City,Kowama (Kakua) CHP,CHP,Peace Junction /Bo Tiama,615
Bo District,Bo City,Kowama (Kakua) CHP,CHP,Joe Town,122
Bo District,Bo City,Kowama (Kakua) CHP,CHP,Unicef Drive,830
Bo District,Bo City,Kowama (Kakua) CHP,CHP,Kowama Extension,930
Bo District,Bo City,Kowama (Kakua) CHP,CHP,Kowama Layout,1200
Bo District,Bo City,Kowama (Kakua) CHP,CHP,Chanis Farm,755
Bo District,Bo City,Lewaibu CHP,CHP,Lewaibu,1180
Bo District,Bo City,Lewaibu CHP,CHP,Part of Mendewa,1050
Bo District,Bo City,Lewaibu CHP,CHP,Mo-sakpa,779
Bo District,Bo City,Lewaibu CHP,CHP,Abu Street,1006
Bo District,Bo City,Lewaibu CHP,CHP,Mulema Town,999
Bo District,Bo City,Lewaibu CHP,CHP,Musa Street Park,1001
Bo District,Bo City,Lewaibu CHP,CHP,Joe Town,850
Bo District,Bo City,Lewaibu CHP,CHP,Mendewa,2224
Bo District,Bo City,Lewaibu CHP,CHP,OAKS Primary School,1132
Bo District,Bo City,Lewaibu CHP,CHP,Jorma,906
Bo District,Bo City,Lyn Maternity MCHP,MCHP,Kamanda Town,700
Bo District,Bo City,Lyn Maternity MCHP,MCHP,Banga Farm 1,680
Bo District,Bo City,Lyn Maternity MCHP,MCHP,Madena Section,395
Bo District,Bo City,Lyn Maternity MCHP,MCHP,Jusu Street,150
Bo District,Bo City,Lyn Maternity MCHP,MCHP,Part of Nikibu Section,560
Bo District,Bo City,Lyn Maternity MCHP,MCHP,Banana Island,470
Bo District,Bo City,Lyn Maternity MCHP,MCHP,Part of New York,1000
Bo District,Bo City,Lyn Maternity MCHP,MCHP,Part of Fullawahun,3000
Bo District,Bo City,Lyn Maternity MCHP,MCHP,Part of New Landon,2000
Bo District,Bo City,Lyn Maternity MCHP,MCHP,Fullawahun,300
Bo District,Bo City,Lyn Maternity MCHP,MCHP,New Londom,2024
Bo District,Bo City,Lyn Maternity MCHP,MCHP,Tangahun,704
Bo District,Bo City,Lyn Maternity MCHP,MCHP,Madina,191
Bo District,Bo City,Lyn Maternity MCHP,MCHP,Upper Mattru Road,425
Bo District,Bo City,Lyn Maternity MCHP,MCHP,Kamanda Town,582
Bo District,Bo City,Lyn Maternity MCHP,MCHP,Banga Farm 1,718
Bo District,Bo City,Lyn Maternity MCHP,MCHP,Njagbla,425
Bo District,Bo City,Lyn Maternity MCHP,MCHP,Simbaru 2,564
Bo District,Bo City,Lyn Maternity MCHP,MCHP,Lookin Town,500
Bo District,Bo City,Lyn Maternity MCHP,MCHP,Rukor Tow,465
Bo District,Bo City,Manjiama CHC,CHC,,
Bo District,Bo City,Mid Land MCHP,MCHP,New  York Community,3549
Bo District,Bo City,Mid Land MCHP,MCHP,Bakaar,251
Bo District,Bo City,Mid Land MCHP,MCHP,Banga Farm Community,651
Bo District,Bo City,Mid Land MCHP,MCHP,Part of Gbongboma,351
Bo District,Bo City,Mid Land MCHP,MCHP,Part of Kamanda Town,551
Bo District,Bo City,Morning Star CHP,CHP,A-Line,700
Bo District,Bo City,Morning Star CHP,CHP,Main Sewa Road,300
Bo District,Bo City,Morning Star CHP,CHP,B-Line,320
Bo District,Bo City,Morning Star CHP,CHP,C-Line,600
Bo District,Bo City,Morning Star CHP,CHP,Sandi Street,400
Bo District,Bo City,Morning Star CHP,CHP,Mattia Street,347
Bo District,Bo City,Morning Star CHP,CHP,Nenneh Street,280
Bo District,Bo City,Morning Star CHP,CHP,Kawusu  Street,189
Bo District,Bo City,Morning Star CHP,CHP,Railway Line,400
Bo District,Bo City,Morning Star CHP,CHP,Gbongo Market,150
Bo District,Bo City,Morning Star CHP,CHP,Railway Quarters,200
Bo District,Bo City,Nafaya MCHP,MCHP,,
Bo District,Bo City,Needy CHP,CHP,Salina community,2743
Bo District,Bo City,Needy CHP,CHP,Messima community,4196
Bo District,Bo City,Needy CHP,CHP,Cow Yard,1370
Bo District,Bo City,Needy CHP,CHP,Bennie Mix Community,2184
Bo District,Bo City,Needy CHP,CHP,Tengbewabu Community,1004
Bo District,Bo City,Needy CHP,CHP,Lower Pessima Street,1960
Bo District,Bo City,Needy CHP,CHP,Magawai Town,800
Bo District,Bo City,Needy CHP,CHP,Bundu Town,430
Bo District,Bo City,Needy CHP,CHP,Tigo Pole,1000
Bo District,Bo City,Needy CHP,CHP,Pamai Ground,600
Bo District,Bo City,Needy CHP,CHP,Feiba Section,900
Bo District,Bo City,New Police Barracks CHC,CHC,New Police Barrack,1600
Bo District,Bo City,New Police Barracks CHC,CHC,J- Street,500
Bo District,Bo City,New Police Barracks CHC,CHC,Salina Market Area,700
Bo District,Bo City,New Police Barracks CHC,CHC,Gbondo Towm,2000
Bo District,Bo City,New Police Barracks CHC,CHC,Kortumahun,800
Bo District,Bo City,New Police Barracks CHC,CHC,Bandajuma,2400
Bo District,Bo City,New Police Barracks CHC,CHC,Mamuihun,100
Bo District,Bo City,New Police Barracks CHC,CHC,Kanga,200
Bo District,Bo City,New Police Barracks CHC,CHC,Nyandehun,1500
Bo District,Bo City,New Police Barracks CHC,CHC,Gangama,70
Bo District,Bo City,New Police Barracks CHC,CHC,Gbahama,70
Bo District,Bo City,New Police Barracks CHC,CHC,Magbema,100
Bo District,Bo City,New Police Barracks CHC,CHC,Jandama 1&2,812
Bo District,Bo City,New Police Barracks CHC,CHC,Kpetema,60
Bo District,Bo City,New Police Barracks CHC,CHC,Bevehun,150
Bo District,Bo City,Praise Foundation CHC,CHC,Hanga Town,2000
Bo District,Bo City,Praise Foundation CHC,CHC,Kissi Town Road,300
Bo District,Bo City,Praise Foundation CHC,CHC,Shengay,2000
Bo District,Bo City,Praise Foundation CHC,CHC,Toobu Section  including Fenton Road,2000
Bo District,Bo City,Praise Foundation CHC,CHC,Part of Damballa Road,500
Bo District,Bo City,Praise Foundation CHC,CHC,Yakai Lane,605
Bo District,Bo City,Praise Foundation CHC,CHC,Komende Section,1670
Bo District,Bo City,Praise Foundation CHC,CHC,Dodo Section,1000
Bo District,Bo City,Praise Foundation CHC,CHC,Damballa Road,858
Bo District,Bo City,Praise Foundation CHC,CHC,Maheiboima Road,800
Bo District,Bo City,Praise Foundation CHC,CHC,Clerks Quarters,200
Bo District,Bo City,Praise Foundation CHC,CHC,Goba Town,800
Bo District,Bo City,Praise Foundation CHC,CHC,Samamie Lower Community,977
Bo District,Bo City,Praise Foundation CHC,CHC,Gbanja Town,3119
Bo District,Bo City,Praise Foundation CHC,CHC,Foya,132
Bo District,Bo City,Praise Foundation CHC,CHC,Borborbu,342
Bo District,Bo City,Praise Foundation CHC,CHC,Kpanguma,524
Bo District,Bo City,Praise Foundation CHC,CHC,Jabalayout,738
Bo District,Bo City,Praise Foundation CHC,CHC,J-Town,341
Bo District,Bo City,Praise Foundation CHC,CHC,Tongema,1117
Bo District,Bo City,Praise Foundation CHC,CHC,CKC Compound,104
Bo District,Bo City,Praise Foundation CHC,CHC,Gambia,536
Bo District,Bo City,Praise Foundation CHC,CHC,Torkponbu,136
Bo District,Bo City,Praise Foundation CHC,CHC,Balehun 1&2,115
Bo District,Bo City,Praise Foundation CHC,CHC,Cembeckihun,122
Bo District,Bo City,Praise Foundation CHC,CHC,Gbondo Town,2255
Bo District,Bo City,Praise Foundation CHC,CHC,Nyadehun,127
Bo District,Bo City,Red Cross (Bo City) CHC,CHC,Coronation Field Community,2800
Bo District,Bo City,Red Cross (Bo City) CHC,CHC,Njaiboima Section,3500
Bo District,Bo City,Red Cross (Bo City) CHC,CHC,Moriba Town community,1420
Bo District,Bo City,Simbo Town CHP,CHP,Upper Simbo Town,2001
Bo District,Bo City,Simbo Town CHP,CHP,Sudie Town,9776
Bo District,Bo City,Simbo Town CHP,CHP,Reservation,1000
Bo District,Bo City,Simbo Town CHP,CHP,Part of Damballa Road,600
Bo District,Bo City,Simbo Town CHP,CHP,Part of Maheiboima Road,1021
Bo District,Bo City,Simbo Town CHP,CHP,Part of Gbonda Town,1000
Bo District,Bo City,Simbo Town CHP,CHP,Njai Town,3394
Bo District,Bo City,Simbo Town CHP,CHP,Y-Junction,1000
Bo District,Bo City,Simbo Town CHP,CHP,Kulanda Town,2322
Bo District,Bo City,Tengbewabu MCHP,MCHP,,
Bo District,Bo City,Topkoi Town CHP,CHP,Tokpoi Town,3300
Bo District,Bo City,Topkoi Town CHP,CHP,Kurtumahun,1500
Bo District,Bo City,Topkoi Town CHP,CHP,Mofindor,1561
Bo District,Bo City,Topkoi Town CHP,CHP,Part of Gogoima,500
Bo District,Bo City,Topkoi Town CHP,CHP,Lower Gbondo Town,1350
Bo District,Bo City,Topkoi Town CHP,CHP,Fatorma Layout,1096
Bo District,Bo City,Topkoi Town CHP,CHP,Upper Gbondo Town,1160
Bo District,Bo City,Topkoi Town CHP,CHP,Kedeyema,897
Bo District,Bo City,Topkoi Town CHP,CHP,Margawo Town,958
Bo District,Bo City,Topkoi Town CHP,CHP,Konniema,1100
Bo District,Bo City,UNIMUS MCHP,MCHP,New Gerehun Road,1143
Bo District,Bo City,UNIMUS MCHP,MCHP,Farguya 2,2600
Bo District,Bo City,UNIMUS MCHP,MCHP,Magomabu,890
Bo District,Bo City,UNIMUS MCHP,MCHP,King Street,2802
Bo District,Bo City,UNIMUS MCHP,MCHP,Bumpewo,2500
Bo District,Bo City,Yemoh Town CHC,CHC,Yemoh Town,3379
Bo District,Bo City,Yemoh Town CHC,CHC,Kpetewoma,660
Bo District,Bo City,Yemoh Town CHC,CHC,Durba Section,5500
Bo District,Bo City,Yemoh Town CHC,CHC,Durba 1,2500
Bo District,Bo City,Yemoh Town CHC,CHC,Durba 2,3000
Bo District,Bo City,Yemoh Town CHC,CHC,New Stie,4000
Bo District,Bo City,Yemoh Town CHC,CHC,Suckuma,1800
Bo District,Bo City,Yemoh Town CHC,CHC,Kindia Town,970
Bo District,Bo City,Yemoh Town CHC,CHC,Part of Gogioma,800
Bo District,Bo City,Yemoh Town CHC,CHC,Part of Moibawo Village,500
Bo District,Bo City,Yemoh Town CHC,CHC,Part of Yemoh Town,220
Bo District,Bo City,Yemoh Town CHC,CHC,Goguema,300
Bo District,Bo City,Yemoh Town CHC,CHC,Gondama,1800
Bo District,Bo City,Yemoh Town CHC,CHC,Gangama,900
Bo District,Bo City,Yemoh Town CHC,CHC,Kpakorya,250
Bo District,Bo City,Yemoh Town CHC,CHC,Giebina,450
Bo District,Bo City,Yemoh Town CHC,CHC,Nyamiana,650
Bo District,Bongor Chiefdom,Gbaama MCHP,MCHP,Gbaama,1746
Bo District,Bongor Chiefdom,Gbaama MCHP,MCHP,Yeima,273
Bo District,Bongor Chiefdom,Gbaama MCHP,MCHP,Nagbena,339
Bo District,Bongor Chiefdom,Gbaama MCHP,MCHP,Hegbema,770
Bo District,Bongor Chiefdom,Gbaama MCHP,MCHP,Gordie,410
Bo District,Bongor Chiefdom,Gbaama MCHP,MCHP,Laiwahun,223
Bo District,Bongor Chiefdom,Lowoma (Bongor) MCHP,MCHP,Lowuma,1500
Bo District,Bongor Chiefdom,Lowoma (Bongor) MCHP,MCHP,Ngogbebu,978
Bo District,Bongor Chiefdom,Lowoma (Bongor) MCHP,MCHP,Yabaima,1060
Bo District,Bongor Chiefdom,Lowoma (Bongor) MCHP,MCHP,Madina,720
Bo District,Bongor Chiefdom,Lowoma (Bongor) MCHP,MCHP,Komemie,193
Bo District,Bongor Chiefdom,Mamboma (Bongor) CHC,CHC,Mamboma,3272
Bo District,Bongor Chiefdom,Mamboma (Bongor) CHC,CHC,Foya,36
Bo District,Bongor Chiefdom,Mamboma (Bongor) CHC,CHC,Bandaru,10
Bo District,Bongor Chiefdom,Mamboma (Bongor) CHC,CHC,Kponima,850
Bo District,Bongor Chiefdom,Mamboma (Bongor) CHC,CHC,Dambala,210
Bo District,Bongor Chiefdom,Telu CHC,CHC,Telu town,1467
Bo District,Bongor Chiefdom,Telu CHC,CHC,Mbahun,98
Bo District,Bongor Chiefdom,Telu CHC,CHC,Talia,110
Bo District,Bongor Chiefdom,Telu CHC,CHC,Gangama,291
Bo District,Bongor Chiefdom,Telu CHC,CHC,Kpoyama,232
Bo District,Bongor Chiefdom,Telu CHC,CHC,Mendekelema,1258
Bo District,Bongor Chiefdom,Telu CHC,CHC,Baomahun1,706
Bo District,Bongor Chiefdom,Telu CHC,CHC,Baomahun2,411
Bo District,Bongor Chiefdom,Telu CHC,CHC,Gboworhun,22
Bo District,Bongor Chiefdom,Telu CHC,CHC,Walihun,1909
Bo District,Bongor Chiefdom,Telu CHC,CHC,Faama,86
Bo District,Bumpe Ngao Chiefdom,Bongor (Bumpe Ngao) MCHP,MCHP,Bongor,1200
Bo District,Bumpe Ngao Chiefdom,Bongor (Bumpe Ngao) MCHP,MCHP,Moyoru,300
Bo District,Bumpe Ngao Chiefdom,Bongor (Bumpe Ngao) MCHP,MCHP,Mbelebu,271
Bo District,Bumpe Ngao Chiefdom,Buma MCHP,MCHP,Buma,1945
Bo District,Bumpe Ngao Chiefdom,Buma MCHP,MCHP,Nguabu,413
Bo District,Bumpe Ngao Chiefdom,Buma MCHP,MCHP,Momende,340
Bo District,Bumpe Ngao Chiefdom,Buma MCHP,MCHP,Magiema,349
Bo District,Bumpe Ngao Chiefdom,Buma MCHP,MCHP,Buma Njagor,210
Bo District,Bumpe Ngao Chiefdom,Bumpe CHC,CHC,Bumpeh,1577
Bo District,Bumpe Ngao Chiefdom,Bumpe CHC,CHC,Sembehun Junction,505
Bo District,Bumpe Ngao Chiefdom,Bumpe CHC,CHC,salina,92
Bo District,Bumpe Ngao Chiefdom,Bumpe CHC,CHC,Solima,122
Bo District,Bumpe Ngao Chiefdom,Bumpe CHC,CHC,Ngiebu,71
Bo District,Bumpe Ngao Chiefdom,Bumpe CHC,CHC,Voima,102
Bo District,Bumpe Ngao Chiefdom,Bumpe CHC,CHC,mongenda,46
Bo District,Bumpe Ngao Chiefdom,Bumpe CHC,CHC,Ngieya Fillie,121
Bo District,Bumpe Ngao Chiefdom,Bumpe CHC,CHC,Kowama Bondorboma,96
Bo District,Bumpe Ngao Chiefdom,Bumpe CHC,CHC,Nguala,135
Bo District,Bumpe Ngao Chiefdom,Bumpe CHC,CHC,Bajao,90
Bo District,Bumpe Ngao Chiefdom,Bumpe CHC,CHC,Waima,100
Bo District,Bumpe Ngao Chiefdom,Bumpe CHC,CHC,Mogongoi,45
Bo District,Bumpe Ngao Chiefdom,Bumpe CHC,CHC,Ngukpebu,52
Bo District,Bumpe Ngao Chiefdom,Bumpe CHC,CHC,Nguabu,67
Bo District,Bumpe Ngao Chiefdom,Bumpe CHC,CHC,Fewanema,66
Bo District,Bumpe Ngao Chiefdom,Bumpe CHC,CHC,Semabu Benya,136
Bo District,Bumpe Ngao Chiefdom,Bumpe CHC,CHC,Ngiegboiya,105
Bo District,Bumpe Ngao Chiefdom,Bumpe CHC,CHC,Gbenenga,105
Bo District,Bumpe Ngao Chiefdom,Bumpe CHC,CHC,Leuvma,59
Bo District,Bumpe Ngao Chiefdom,Bumpe CHC,CHC,Motoima,86
Bo District,Bumpe Ngao Chiefdom,Bumpe CHC,CHC,Semabu Folobu,250
Bo District,Bumpe Ngao Chiefdom,Bumpe CHC,CHC,Vulahun,124
Bo District,Bumpe Ngao Chiefdom,Bumpe CHC,CHC,Njaluahun,100
Bo District,Bumpe Ngao Chiefdom,Bumpe CHC,CHC,Fanima,73
Bo District,Bumpe Ngao Chiefdom,Bumpe CHC,CHC,Gabon,66
Bo District,Bumpe Ngao Chiefdom,Bumpe CHC,CHC,Dassamu,177
Bo District,Bumpe Ngao Chiefdom,Bumpe CHC,CHC,Ngieya 4,124
Bo District,Bumpe Ngao Chiefdom,Bumpe CHC,CHC,Bellor,100
Bo District,Bumpe Ngao Chiefdom,Bumpe CHC,CHC,Mowoso,79
Bo District,Bumpe Ngao Chiefdom,Bumpe CHC,CHC,Baoma,110
Bo District,Bumpe Ngao Chiefdom,Bumpe CHC,CHC,Mongla,137
Bo District,Bumpe Ngao Chiefdom,Bumpe CHC,CHC,Kawaya,84
Bo District,Bumpe Ngao Chiefdom,Bumpe CHC,CHC,Mamboma,77
Bo District,Bumpe Ngao Chiefdom,Bumpe CHC,CHC,Konnie,97
Bo District,Bumpe Ngao Chiefdom,Bumpe CHC,CHC,Foya,828
Bo District,Bumpe Ngao Chiefdom,Bumpe CHC,CHC,Banda Foya,132
Bo District,Bumpe Ngao Chiefdom,Bumpe CHC,CHC,Kortumahun,100
Bo District,Bumpe Ngao Chiefdom,Bumpe CHC,CHC,Mokowu 1,142
Bo District,Bumpe Ngao Chiefdom,Bumpe CHC,CHC,Mokowu 2,125
Bo District,Bumpe Ngao Chiefdom,Bumpe CHC,CHC,Pujehun,98
Bo District,Bumpe Ngao Chiefdom,Bumpe CHC,CHC,Hanga,100
Bo District,Bumpe Ngao Chiefdom,Bumpe CHC,CHC,Simbekihun,42
Bo District,Bumpe Ngao Chiefdom,Bumpe CHC,CHC,Kowama Nenbuima,129
Bo District,Bumpe Ngao Chiefdom,Bumpe CHC,CHC,Njagboima,107
Bo District,Bumpe Ngao Chiefdom,Kabiyama MCHP,MCHP,Kagbiama,350
Bo District,Bumpe Ngao Chiefdom,Kabiyama MCHP,MCHP,Mohasema,30
Bo District,Bumpe Ngao Chiefdom,Kabiyama MCHP,MCHP,Momokanneh Junction,130
Bo District,Bumpe Ngao Chiefdom,Kabiyama MCHP,MCHP,Fouwama,140
Bo District,Bumpe Ngao Chiefdom,Kabiyama MCHP,MCHP,Bumpewo,200
Bo District,Bumpe Ngao Chiefdom,Kabiyama MCHP,MCHP,Gandorhun,140
Bo District,Bumpe Ngao Chiefdom,Kabiyama MCHP,MCHP,Bamba,150
Bo District,Bumpe Ngao Chiefdom,Kabiyama MCHP,MCHP,Baawomahun,210
Bo District,Bumpe Ngao Chiefdom,Kabiyama MCHP,MCHP,Timidi,130
Bo District,Bumpe Ngao Chiefdom,Kabiyama MCHP,MCHP,Kpetewoma,150
Bo District,Bumpe Ngao Chiefdom,Kabiyama MCHP,MCHP,Nyadahun,200
Bo District,Bumpe Ngao Chiefdom,Kabiyama MCHP,MCHP,Mokolo,120
Bo District,Bumpe Ngao Chiefdom,Kabiyama MCHP,MCHP,Mokemeh,120
Bo District,Bumpe Ngao Chiefdom,Kabiyama MCHP,MCHP,Mohinda,38
Bo District,Bumpe Ngao Chiefdom,Kaniya MCHP,MCHP,Kaninya,600
Bo District,Bumpe Ngao Chiefdom,Kaniya MCHP,MCHP,Mowoto- Titima,340
Bo District,Bumpe Ngao Chiefdom,Kaniya MCHP,MCHP,Nyandehun,50
Bo District,Bumpe Ngao Chiefdom,Kaniya MCHP,MCHP,Mowoto 2,400
Bo District,Bumpe Ngao Chiefdom,Kaniya MCHP,MCHP,Mofwe,560
Bo District,Bumpe Ngao Chiefdom,Kaniya MCHP,MCHP,Tissana,400
Bo District,Bumpe Ngao Chiefdom,Kaniya MCHP,MCHP,Madinawo,150
Bo District,Bumpe Ngao Chiefdom,Kaniya MCHP,MCHP,Juhun,218
Bo District,Bumpe Ngao Chiefdom,Kaniya MCHP,MCHP,Mogbevo,269
Bo District,Bumpe Ngao Chiefdom,Kaniya MCHP,MCHP,Baka,149
Bo District,Bumpe Ngao Chiefdom,Kaniya MCHP,MCHP,Ngalahun,49
Bo District,Bumpe Ngao Chiefdom,Kaniya MCHP,MCHP,Njedema,293
Bo District,Bumpe Ngao Chiefdom,Kpetema (Bumpe Ngao) CHP,CHP,Kpetema,1907
Bo District,Bumpe Ngao Chiefdom,Kpetema (Bumpe Ngao) CHP,CHP,Dandabu,80
Bo District,Bumpe Ngao Chiefdom,Kpetema (Bumpe Ngao) CHP,CHP,Manavulahun,38
Bo District,Bumpe Ngao Chiefdom,Kpetema (Bumpe Ngao) CHP,CHP,Mongere,186
Bo District,Bumpe Ngao Chiefdom,Kpetema (Bumpe Ngao) CHP,CHP,Kpejebu,26
Bo District,Bumpe Ngao Chiefdom,Kpetema (Bumpe Ngao) CHP,CHP,Ngiyehunsongay,100
Bo District,Bumpe Ngao Chiefdom,Kpetema (Bumpe Ngao) CHP,CHP,Hotawuloma,162
Bo District,Bumpe Ngao Chiefdom,Kpetema (Bumpe Ngao) CHP,CHP,Kpandemie,105
Bo District,Bumpe Ngao Chiefdom,Kpetema (Bumpe Ngao) CHP,CHP,Sembehun Batayama,15
Bo District,Bumpe Ngao Chiefdom,Kpetema (Bumpe Ngao) CHP,CHP,Ballehun,290
Bo District,Bumpe Ngao Chiefdom,Kpetema (Bumpe Ngao) CHP,CHP,Hasting,22
Bo District,Bumpe Ngao Chiefdom,Kpetema (Bumpe Ngao) CHP,CHP,Jewenga,50
Bo District,Bumpe Ngao Chiefdom,Kpetema (Bumpe Ngao) CHP,CHP,Niagorehun Sombie,350
Bo District,Bumpe Ngao Chiefdom,Makayonie MCHP,MCHP,Makayoni,515
Bo District,Bumpe Ngao Chiefdom,Makayonie MCHP,MCHP,Toebu 1,353
Bo District,Bumpe Ngao Chiefdom,Makayonie MCHP,MCHP,Masahun,130
Bo District,Bumpe Ngao Chiefdom,Makayonie MCHP,MCHP,Mokombay,227
Bo District,Bumpe Ngao Chiefdom,Makayonie MCHP,MCHP,Hotawulomie,98
Bo District,Bumpe Ngao Chiefdom,Makayonie MCHP,MCHP,Pelewahun,80
Bo District,Bumpe Ngao Chiefdom,Makayonie MCHP,MCHP,Majehun,212
Bo District,Bumpe Ngao Chiefdom,Makayonie MCHP,MCHP,Hangha,473
Bo District,Bumpe Ngao Chiefdom,Makayonie MCHP,MCHP,Gordie,84
Bo District,Bumpe Ngao Chiefdom,Makayonie MCHP,MCHP,Kpetewoma,357
Bo District,Bumpe Ngao Chiefdom,Makayonie MCHP,MCHP,Toebu 2,110
Bo District,Bumpe Ngao Chiefdom,Makayonie MCHP,MCHP,Mokpendeh,80
Bo District,Bumpe Ngao Chiefdom,Makayonie MCHP,MCHP,Gendema,210
Bo District,Bumpe Ngao Chiefdom,Makayonie MCHP,MCHP,Bambuibu,114
Bo District,Bumpe Ngao Chiefdom,Makayonie MCHP,MCHP,Matagelema,217
Bo District,Bumpe Ngao Chiefdom,Makayonie MCHP,MCHP,Momado,206
Bo District,Bumpe Ngao Chiefdom,Makayonie MCHP,MCHP,Ngangema,106
Bo District,Bumpe Ngao Chiefdom,Makayonie MCHP,MCHP,Ngiegboya,352
Bo District,Bumpe Ngao Chiefdom,Makayonie MCHP,MCHP,Kpatema,108
Bo District,Bumpe Ngao Chiefdom,Makayonie MCHP,MCHP,Sembehun Dowo,255
Bo District,Bumpe Ngao Chiefdom,Mokoba MCHP,MCHP,Mokoba,2355
Bo District,Bumpe Ngao Chiefdom,Mokoba MCHP,MCHP,Mokondor vulahun,46
Bo District,Bumpe Ngao Chiefdom,Mokoba MCHP,MCHP,Ndorhun,66
Bo District,Bumpe Ngao Chiefdom,Mokoba MCHP,MCHP,Kotumahun,60
Bo District,Bumpe Ngao Chiefdom,Mokoba MCHP,MCHP,Yonnie,1406
Bo District,Bumpe Ngao Chiefdom,Mokoba MCHP,MCHP,Voima,90
Bo District,Bumpe Ngao Chiefdom,Mokoba MCHP,MCHP,Faikundor,68
Bo District,Bumpe Ngao Chiefdom,Mokoba MCHP,MCHP,Makandama,46
Bo District,Bumpe Ngao Chiefdom,Mokoba MCHP,MCHP,Mokoba old town,1010
Bo District,Bumpe Ngao Chiefdom,Mokpende MCHP,MCHP,Mokpende,1500
Bo District,Bumpe Ngao Chiefdom,Mokpende MCHP,MCHP,Walihun,205
Bo District,Bumpe Ngao Chiefdom,Mokpende MCHP,MCHP,Yengemawo,410
Bo District,Bumpe Ngao Chiefdom,Mokpende MCHP,MCHP,Kamasu,245
Bo District,Bumpe Ngao Chiefdom,Mokpende MCHP,MCHP,Nyandehun,105
Bo District,Bumpe Ngao Chiefdom,Ngolahun (Bumpe Ngao) CHC,CHC,Ngolahun,875
Bo District,Bumpe Ngao Chiefdom,Ngolahun (Bumpe Ngao) CHC,CHC,Njagbema,171
Bo District,Bumpe Ngao Chiefdom,Ngolahun (Bumpe Ngao) CHC,CHC,Lawana,70
Bo District,Bumpe Ngao Chiefdom,Ngolahun (Bumpe Ngao) CHC,CHC,Nduvuibu,204
Bo District,Bumpe Ngao Chiefdom,Ngolahun (Bumpe Ngao) CHC,CHC,Banda,198
Bo District,Bumpe Ngao Chiefdom,Ngolahun (Bumpe Ngao) CHC,CHC,Senehun,216
Bo District,Bumpe Ngao Chiefdom,Ngolahun (Bumpe Ngao) CHC,CHC,Ngelehun,20
Bo District,Bumpe Ngao Chiefdom,Ngolahun (Bumpe Ngao) CHC,CHC,Gieyah,65
Bo District,Bumpe Ngao Chiefdom,Ngolahun (Bumpe Ngao) CHC,CHC,Bangalu,65
Bo District,Bumpe Ngao Chiefdom,Ngolahun (Bumpe Ngao) CHC,CHC,Congo,86
Bo District,Bumpe Ngao Chiefdom,Ngolahun (Bumpe Ngao) CHC,CHC,Moguma,48
Bo District,Bumpe Ngao Chiefdom,Ngolahun (Bumpe Ngao) CHC,CHC,Gogoima,220
Bo District,Bumpe Ngao Chiefdom,Ngolahun (Bumpe Ngao) CHC,CHC,Camaroun,80
Bo District,Bumpe Ngao Chiefdom,Ngolahun (Bumpe Ngao) CHC,CHC,Gondama,292
Bo District,Bumpe Ngao Chiefdom,Ngolahun (Bumpe Ngao) CHC,CHC,Mofindor,27
Bo District,Bumpe Ngao Chiefdom,Ngolahun (Bumpe Ngao) CHC,CHC,Patama,66
Bo District,Bumpe Ngao Chiefdom,Ngolahun (Bumpe Ngao) CHC,CHC,Manowo,122
Bo District,Bumpe Ngao Chiefdom,Ngolahun (Bumpe Ngao) CHC,CHC,Waterloo,91
Bo District,Bumpe Ngao Chiefdom,Ngolahun (Bumpe Ngao) CHC,CHC,Gbahama,128
Bo District,Bumpe Ngao Chiefdom,Ngolahun (Bumpe Ngao) CHC,CHC,Torkporgoma,46
Bo District,Bumpe Ngao Chiefdom,Ngolahun (Bumpe Ngao) CHC,CHC,Torkpumbu,236
Bo District,Bumpe Ngao Chiefdom,Ngolahun (Bumpe Ngao) CHC,CHC,NYAGOREHUN,184
Bo District,Bumpe Ngao Chiefdom,Ngolahun (Bumpe Ngao) CHC,CHC,Gbangba,198
Bo District,Bumpe Ngao Chiefdom,Ngolahun (Bumpe Ngao) CHC,CHC,Missila,204
Bo District,Bumpe Ngao Chiefdom,Ngolahun (Bumpe Ngao) CHC,CHC,Mobimbe,44
Bo District,Bumpe Ngao Chiefdom,Ngolahun (Bumpe Ngao) CHC,CHC,Benduma 1,108
Bo District,Bumpe Ngao Chiefdom,Ngolahun (Bumpe Ngao) CHC,CHC,Benduma 2,65
Bo District,Bumpe Ngao Chiefdom,Ngolahun (Bumpe Ngao) CHC,CHC,Pelewahun,86
Bo District,Bumpe Ngao Chiefdom,Ngolahun (Bumpe Ngao) CHC,CHC,Moforay,180
Bo District,Bumpe Ngao Chiefdom,Ngolahun (Bumpe Ngao) CHC,CHC,Jaiyahun Teyama,205
Bo District,Bumpe Ngao Chiefdom,Niagorehun Vaakie MCHP,MCHP,Niagorehun Vakie,500
Bo District,Bumpe Ngao Chiefdom,Niagorehun Vaakie MCHP,MCHP,Hanga,170
Bo District,Bumpe Ngao Chiefdom,Niagorehun Vaakie MCHP,MCHP,Pelewahn Kpengbewulay,190
Bo District,Bumpe Ngao Chiefdom,Niagorehun Vaakie MCHP,MCHP,Ngiya Jakie,55
Bo District,Bumpe Ngao Chiefdom,Niagorehun Vaakie MCHP,MCHP,Ngiya Bondo,40
Bo District,Bumpe Ngao Chiefdom,Niagorehun Vaakie MCHP,MCHP,Baoya,30
Bo District,Bumpe Ngao Chiefdom,Niagorehun Vaakie MCHP,MCHP,Semabu,38
Bo District,Bumpe Ngao Chiefdom,Niagorehun Vaakie MCHP,MCHP,Funkia,40
Bo District,Bumpe Ngao Chiefdom,Niagorehun Vaakie MCHP,MCHP,Fullawahun,130
Bo District,Bumpe Ngao Chiefdom,Niagorehun Vaakie MCHP,MCHP,Gbeworbu,33
Bo District,Bumpe Ngao Chiefdom,Niagorehun Vaakie MCHP,MCHP,kowamanebuima,355
Bo District,Bumpe Ngao Chiefdom,Niagorehun Vaakie MCHP,MCHP,Pujehun,30
Bo District,Bumpe Ngao Chiefdom,Niagorehun Vaakie MCHP,MCHP,Gbongema,300
Bo District,Bumpe Ngao Chiefdom,Sahn (Bumpe Ngao) CHP,CHP,Sahn,1500
Bo District,Bumpe Ngao Chiefdom,Sahn (Bumpe Ngao) CHP,CHP,Tablahun,324
Bo District,Bumpe Ngao Chiefdom,Sahn (Bumpe Ngao) CHP,CHP,Banda Sahn,150
Bo District,Bumpe Ngao Chiefdom,Sahn (Bumpe Ngao) CHP,CHP,Sahn Juncction,100
Bo District,Bumpe Ngao Chiefdom,Sahn (Bumpe Ngao) CHP,CHP,Victoria,58
Bo District,Bumpe Ngao Chiefdom,Sahn (Bumpe Ngao) CHP,CHP,Nengbema,150
Bo District,Bumpe Ngao Chiefdom,Sahn (Bumpe Ngao) CHP,CHP,Tokpumbu,62
Bo District,Bumpe Ngao Chiefdom,Sahn (Bumpe Ngao) CHP,CHP,Mowoto Wayiebu,200
Bo District,Bumpe Ngao Chiefdom,Sahn (Bumpe Ngao) CHP,CHP,Gendama,200
Bo District,Bumpe Ngao Chiefdom,Sahn (Bumpe Ngao) CHP,CHP,Bandajuma,52
Bo District,Bumpe Ngao Chiefdom,Sahn (Bumpe Ngao) CHP,CHP,Gondama,51
Bo District,Bumpe Ngao Chiefdom,Sahn (Bumpe Ngao) CHP,CHP,Semabu Gbato,418
Bo District,Bumpe Ngao Chiefdom,Sahn (Bumpe Ngao) CHP,CHP,Njorbohun,200
Bo District,Bumpe Ngao Chiefdom,Sahn (Bumpe Ngao) CHP,CHP,Manoma,32
Bo District,Bumpe Ngao Chiefdom,Sahn (Bumpe Ngao) CHP,CHP,Sembehun,127
Bo District,Bumpe Ngao Chiefdom,Sahn (Bumpe Ngao) CHP,CHP,Karpuma,31
Bo District,Bumpe Ngao Chiefdom,Sahn (Bumpe Ngao) CHP,CHP,Semabu Junction.,32
Bo District,Bumpe Ngao Chiefdom,Serabu (Bumpe Ngao) CHC,CHC,Serabu,3100
Bo District,Bumpe Ngao Chiefdom,Serabu (Bumpe Ngao) CHC,CHC,Sengema,330
Bo District,Bumpe Ngao Chiefdom,Serabu (Bumpe Ngao) CHC,CHC,Ndupubu,250
Bo District,Bumpe Ngao Chiefdom,Serabu (Bumpe Ngao) CHC,CHC,Massao,200
Bo District,Bumpe Ngao Chiefdom,Serabu (Bumpe Ngao) CHC,CHC,Kpanguma,107
Bo District,Bumpe Ngao Chiefdom,Serabu (Bumpe Ngao) CHC,CHC,Mokibie,200
Bo District,Bumpe Ngao Chiefdom,Serabu (Bumpe Ngao) CHC,CHC,Njanema,100
Bo District,Bumpe Ngao Chiefdom,Serabu (Bumpe Ngao) CHC,CHC,Dodo,130
Bo District,Bumpe Ngao Chiefdom,Serabu (Bumpe Ngao) CHC,CHC,Netiwo,95
Bo District,Bumpe Ngao Chiefdom,Serabu (Bumpe Ngao) CHC,CHC,Niagorehun,150
Bo District,Bumpe Ngao Chiefdom,Serabu (Bumpe Ngao) CHC,CHC,Nyorlema,500
Bo District,Bumpe Ngao Chiefdom,Serabu (Bumpe Ngao) CHC,CHC,Motimo,120
Bo District,Bumpe Ngao Chiefdom,Serabu (Bumpe Ngao) CHC,CHC,Jomborhun,100
Bo District,Bumpe Ngao Chiefdom,Serabu (Bumpe Ngao) CHC,CHC,Blama Banie,150
Bo District,Bumpe Ngao Chiefdom,Taninahun (Bumpe Ngao) CHP,CHP,Taninahun,900
Bo District,Bumpe Ngao Chiefdom,Taninahun (Bumpe Ngao) CHP,CHP,Molunya,350
Bo District,Bumpe Ngao Chiefdom,Taninahun (Bumpe Ngao) CHP,CHP,Jeneh,90
Bo District,Bumpe Ngao Chiefdom,Taninahun (Bumpe Ngao) CHP,CHP,Dodo,45
Bo District,Bumpe Ngao Chiefdom,Taninahun (Bumpe Ngao) CHP,CHP,Nagbena,250
Bo District,Bumpe Ngao Chiefdom,Taninahun (Bumpe Ngao) CHP,CHP,Bandaya,30
Bo District,Bumpe Ngao Chiefdom,Taninahun (Bumpe Ngao) CHP,CHP,Baoma,30
Bo District,Bumpe Ngao Chiefdom,Taninahun (Bumpe Ngao) CHP,CHP,Nagbena Junction,15
Bo District,Bumpe Ngao Chiefdom,Taninahun (Bumpe Ngao) CHP,CHP,Njala,50
Bo District,Bumpe Ngao Chiefdom,Taninahun (Bumpe Ngao) CHP,CHP,Njagbema,20
Bo District,Bumpe Ngao Chiefdom,Taninahun (Bumpe Ngao) CHP,CHP,Mogbonda,25
Bo District,Bumpe Ngao Chiefdom,Taninahun (Bumpe Ngao) CHP,CHP,Motoko,40
Bo District,Bumpe Ngao Chiefdom,Taninahun (Bumpe Ngao) CHP,CHP,Mongegbindi,95
Bo District,Bumpe Ngao Chiefdom,Taninahun (Bumpe Ngao) CHP,CHP,Gendema,90
Bo District,Bumpe Ngao Chiefdom,Taninahun (Bumpe Ngao) CHP,CHP,Sembehun,80
Bo District,Bumpe Ngao Chiefdom,Taninahun (Bumpe Ngao) CHP,CHP,Patama 2,50
Bo District,Bumpe Ngao Chiefdom,Taninahun (Bumpe Ngao) CHP,CHP,Gbangema,80
Bo District,Bumpe Ngao Chiefdom,Taninahun (Bumpe Ngao) CHP,CHP,Mokambo,120
Bo District,Bumpe Ngao Chiefdom,Taninahun (Bumpe Ngao) CHP,CHP,Njagbahun,50
Bo District,Bumpe Ngao Chiefdom,Taninahun (Bumpe Ngao) CHP,CHP,Mongagba,80
Bo District,Bumpe Ngao Chiefdom,Taninahun (Bumpe Ngao) CHP,CHP,Mogiba,100
Bo District,Bumpe Ngao Chiefdom,Taninahun (Bumpe Ngao) CHP,CHP,Mongabay,40
Bo District,Bumpe Ngao Chiefdom,Taninahun (Bumpe Ngao) CHP,CHP,Macca,80
Bo District,Bumpe Ngao Chiefdom,Taninahun (Bumpe Ngao) CHP,CHP,Moryoi,70
Bo District,Bumpe Ngao Chiefdom,Taninahun (Bumpe Ngao) CHP,CHP,Pelewahun,300
Bo District,Bumpe Ngao Chiefdom,Taninahun (Bumpe Ngao) CHP,CHP,Fulaninahun,90
Bo District,Bumpe Ngao Chiefdom,Taninahun (Bumpe Ngao) CHP,CHP,Kpakpabu,30
Bo District,Bumpe Ngao Chiefdom,Walihun (Bumpe Ngao) MCHP,MCHP,Walihun,1754
Bo District,Bumpe Ngao Chiefdom,Walihun (Bumpe Ngao) MCHP,MCHP,Farbu,130
Bo District,Bumpe Ngao Chiefdom,Walihun (Bumpe Ngao) MCHP,MCHP,Gbardo,122
Bo District,Bumpe Ngao Chiefdom,Walihun (Bumpe Ngao) MCHP,MCHP,Jimiminga,230
Bo District,Bumpe Ngao Chiefdom,Walihun (Bumpe Ngao) MCHP,MCHP,Manjama,93
Bo District,Bumpe Ngao Chiefdom,Walihun (Bumpe Ngao) MCHP,MCHP,Tongie,168
Bo District,Bumpe Ngao Chiefdom,Walihun (Bumpe Ngao) MCHP,MCHP,Sahun,60
Bo District,Bumpe Ngao Chiefdom,Walihun (Bumpe Ngao) MCHP,MCHP,Bondayelahun,315
Bo District,Bumpe Ngao Chiefdom,Walihun (Bumpe Ngao) MCHP,MCHP,Lungi,130
Bo District,Bumpe Ngao Chiefdom,Yengema (Bumpe Ngao) MCHP,MCHP,Yengema,2313
Bo District,Bumpe Ngao Chiefdom,Yengema (Bumpe Ngao) MCHP,MCHP,Njorborhun,189
Bo District,Bumpe Ngao Chiefdom,Yengema (Bumpe Ngao) MCHP,MCHP,Ngeyahun,229
Bo District,Bumpe Ngao Chiefdom,Yengema (Bumpe Ngao) MCHP,MCHP,Kanga,500
Bo District,Bumpe Ngao Chiefdom,Yengema (Bumpe Ngao) MCHP,MCHP,Morjajoe,285
Bo District,Bumpe Ngao Chiefdom,Yengema (Bumpe Ngao) MCHP,MCHP,Sembehun,89
Bo District,Bumpe Ngao Chiefdom,Yengema (Bumpe Ngao) MCHP,MCHP,Komende,196
Bo District,Bumpe Ngao Chiefdom,Yengema (Bumpe Ngao) MCHP,MCHP,Kowama,800
Bo District,Bumpe Ngao Chiefdom,Yengema (Bumpe Ngao) MCHP,MCHP,Madina,244
Bo District,Gbo Chiefdom,Gbaiima CHC,CHC,Gbaiima Town,1425
Bo District,Gbo Chiefdom,Gbaiima CHC,CHC,Hiima,200
Bo District,Gbo Chiefdom,Gbaiima CHC,CHC,Bessibu,150
Bo District,Gbo Chiefdom,Gbaiima CHC,CHC,Gangama,40
Bo District,Gbo Chiefdom,Gbaiima CHC,CHC,Gbaborwobu,75
Bo District,Gbo Chiefdom,Gbaiima CHC,CHC,Kossa,70
Bo District,Gbo Chiefdom,Gbaiima CHC,CHC,Benduma,150
Bo District,Gbo Chiefdom,Gbaiima CHC,CHC,Gbandi,600
Bo District,Gbo Chiefdom,Gbaiima CHC,CHC,Molambi,60
Bo District,Gbo Chiefdom,Gbaiima CHC,CHC,Foya 1,50
Bo District,Gbo Chiefdom,Gbaiima CHC,CHC,Sembekhun,45
Bo District,Gbo Chiefdom,Gbaiima CHC,CHC,Talia,69
Bo District,Gbo Chiefdom,Gbaiima CHC,CHC,Barlu,70
Bo District,Gbo Chiefdom,Gbaiima CHC,CHC,Pelewahun,59
Bo District,Gbo Chiefdom,Gbaiima CHC,CHC,Isreal,45
Bo District,Gbo Chiefdom,Gbaiima CHC,CHC,Ngolala,150
Bo District,Gbo Chiefdom,Gbaiima CHC,CHC,Foya 2,71
Bo District,Gbo Chiefdom,Gbaiima CHC,CHC,Niagorehun,110
Bo District,Gbo Chiefdom,Gbaiima CHC,CHC,Dodo,300
Bo District,Gbo Chiefdom,Gbaiima CHC,CHC,Mogbesie,230
Bo District,Gbo Chiefdom,Gbaiima CHC,CHC,Fagorya,45
Bo District,Gbo Chiefdom,Gbaiima CHC,CHC,Majihun,150
Bo District,Gbo Chiefdom,Gbaiima CHC,CHC,Senehun,110
Bo District,Gbo Chiefdom,Gbaiima CHC,CHC,Batiama,80
Bo District,Gbo Chiefdom,Gbaiima CHC,CHC,Massahun,75
Bo District,Gbo Chiefdom,Gbaiima CHC,CHC,Molendeh,250
Bo District,Gbo Chiefdom,Gbaiima CHC,CHC,Mokebbie,225
Bo District,Gbo Chiefdom,Gbaiima CHC,CHC,Kortumahun Marvie,150
Bo District,Gbo Chiefdom,Gbaiima CHC,CHC,Borborbu,160
Bo District,Gbo Chiefdom,Gbaiima CHC,CHC,Mosua,90
Bo District,Gbo Chiefdom,Gbaiima CHC,CHC,Pujehun,105
Bo District,Gbo Chiefdom,Gbaiima CHC,CHC,Kortumahun Kalenkay,100
Bo District,Gbo Chiefdom,Sembehun Mamagewoh CHC,CHC,Sembehun Mamagewor,655
Bo District,Gbo Chiefdom,Sembehun Mamagewoh CHC,CHC,Bajawo,325
Bo District,Gbo Chiefdom,Sembehun Mamagewoh CHC,CHC,Kakama,95
Bo District,Gbo Chiefdom,Sembehun Mamagewoh CHC,CHC,Njabormie,340
Bo District,Gbo Chiefdom,Sembehun Mamagewoh CHC,CHC,Motimoh,52
Bo District,Gbo Chiefdom,Sembehun Mamagewoh CHC,CHC,Gbanguma,76
Bo District,Gbo Chiefdom,Sembehun Mamagewoh CHC,CHC,Nargbena,141
Bo District,Gbo Chiefdom,Sembehun Mamagewoh CHC,CHC,Manjama,145
Bo District,Gbo Chiefdom,Sembehun Mamagewoh CHC,CHC,Ngoyiahun,150
Bo District,Gbo Chiefdom,Sembehun Mamagewoh CHC,CHC,Niagorehun,82
Bo District,Gbo Chiefdom,Sembehun Mamagewoh CHC,CHC,Balehun,91
Bo District,Gbo Chiefdom,Sembehun Mamagewoh CHC,CHC,Bongeya,192
Bo District,Jaiama Chiefdom,Koribondo CHC,CHC,Koribondo town,4620
Bo District,Jaiama Chiefdom,Koribondo CHC,CHC,Lungi,346
Bo District,Jaiama Chiefdom,Koribondo CHC,CHC,Kandor,2305
Bo District,Jaiama Chiefdom,Koribondo CHC,CHC,Bendu,1520
Bo District,Jaiama Chiefdom,Koribondo CHC,CHC,Buma,531
Bo District,Jaiama Chiefdom,Koribondo CHC,CHC,Kpakuma,428
Bo District,Jaiama Chiefdom,Koribondo CHC,CHC,Fulawahun,511
Bo District,Jaiama Chiefdom,Koribondo CHC,CHC,Foyama,312
Bo District,Jaiama Chiefdom,Koribondo CHC,CHC,Vaama,98
Bo District,Jaiama Chiefdom,Koribondo CHC,CHC,Largor,315
Bo District,Jaiama Chiefdom,Koribondo CHC,CHC,Kpulimie,335
Bo District,Jaiama Chiefdom,Mano-Jaiama CHP,CHP,Mano Jaiama,469
Bo District,Jaiama Chiefdom,Mano-Jaiama CHP,CHP,Gbangiema,448
Bo District,Jaiama Chiefdom,Mano-Jaiama CHP,CHP,Folu,364
Bo District,Jaiama Chiefdom,Mano-Jaiama CHP,CHP,Kpetema,588
Bo District,Jaiama Chiefdom,Mano-Jaiama CHP,CHP,Meyama,436
Bo District,Jaiama Chiefdom,Mano-Jaiama CHP,CHP,Kiambay,109
Bo District,Jaiama Chiefdom,Mano-Jaiama CHP,CHP,Jomborhun,1489
Bo District,Jaiama Chiefdom,Mano-Jaiama CHP,CHP,Blamawui,304
Bo District,Jaiama Chiefdom,Mano-Jaiama CHP,CHP,Sogorma,668
Bo District,Jaiama Chiefdom,Mano-Jaiama CHP,CHP,Kpomima-Jaiama,899
Bo District,Jaiama Chiefdom,Mano-Jaiama CHP,CHP,Ngbeyama,98
Bo District,Jaiama Chiefdom,Mano-Jaiama CHP,CHP,Bakar,244
Bo District,Jaiama Chiefdom,Mano-Jaiama CHP,CHP,Ngombu,411
Bo District,Jaiama Chiefdom,Mano-Jaiama CHP,CHP,Mile 30,234
Bo District,Jaiama Chiefdom,Niayahun CHP,CHP,Nianyahun,450
Bo District,Jaiama Chiefdom,Niayahun CHP,CHP,Pelewahun,480
Bo District,Jaiama Chiefdom,Niayahun CHP,CHP,Samie,500
Bo District,Jaiama Chiefdom,Niayahun CHP,CHP,Yendema,447
Bo District,Jaiama Chiefdom,Niayahun CHP,CHP,Gbaima,15
Bo District,Jaiama Chiefdom,Niayahun CHP,CHP,Yenkain,225
Bo District,Jaiama Chiefdom,Niayahun CHP,CHP,Juhun,445
Bo District,Jaiama Chiefdom,Niayahun CHP,CHP,Nyeyama,305
Bo District,Jaiama Chiefdom,Niayahun CHP,CHP,Manowo,36
Bo District,Jaiama Chiefdom,Niayahun CHP,CHP,Ndombu,437
Bo District,Kakua Chiefdom,Bandajuma MCHP,MCHP,,
Bo District,Kakua Chiefdom,Fengehun MCHP,MCHP,Fengehun,1500
Bo District,Kakua Chiefdom,Fengehun MCHP,MCHP,Baoma Lungibu,600
Bo District,Kakua Chiefdom,Fengehun MCHP,MCHP,Kigbai,520
Bo District,Kakua Chiefdom,Fengehun MCHP,MCHP,Njaluahun,150
Bo District,Kakua Chiefdom,Fengehun MCHP,MCHP,Torkpombu,350
Bo District,Kakua Chiefdom,Fengehun MCHP,MCHP,Pouma,150
Bo District,Kakua Chiefdom,Fengehun MCHP,MCHP,Fallu,1600
Bo District,Kakua Chiefdom,Fengehun MCHP,MCHP,kpon,250
Bo District,Kakua Chiefdom,Fengehun MCHP,MCHP,Kalia 1,170
Bo District,Kakua Chiefdom,Fengehun MCHP,MCHP,Kalia 2,400
Bo District,Kakua Chiefdom,Fengehun MCHP,MCHP,Kpetewoma,150
Bo District,Kakua Chiefdom,Fengehun MCHP,MCHP,Surgehun,600
Bo District,Kakua Chiefdom,Fengehun MCHP,MCHP,Gbumbeh,550
Bo District,Kakua Chiefdom,Fengehun MCHP,MCHP,Njagbema,300
Bo District,Kakua Chiefdom,Fengehun MCHP,MCHP,Koyama,150
Bo District,Kakua Chiefdom,Fengehun MCHP,MCHP,Miselah,50
Bo District,Kakua Chiefdom,Fengehun MCHP,MCHP,Wojama,55
Bo District,Kakua Chiefdom,Fengehun MCHP,MCHP,Bamabara,45
Bo District,Kakua Chiefdom,Fengehun MCHP,MCHP,Ngiehun,100
Bo District,Kakua Chiefdom,Fullawahun MCHP,MCHP,,
Bo District,Kakua Chiefdom,Gbongboma MCHP,MCHP,Gbongbohun,1250
Bo District,Kakua Chiefdom,Gbongboma MCHP,MCHP,Faala,800
Bo District,Kakua Chiefdom,Gbongboma MCHP,MCHP,Massahun,430
Bo District,Kakua Chiefdom,Gbongboma MCHP,MCHP,Damboima,250
Bo District,Kakua Chiefdom,Gbongboma MCHP,MCHP,Largor,600
Bo District,Kakua Chiefdom,Gbongboma MCHP,MCHP,Kowama,250
Bo District,Kakua Chiefdom,Gbongboma MCHP,MCHP,Sumbaya,480
Bo District,Kakua Chiefdom,Gbongboma MCHP,MCHP,Isreal,100
Bo District,Kakua Chiefdom,Gbongboma MCHP,MCHP,Kuagebu,350
Bo District,Kakua Chiefdom,Gbongboma MCHP,MCHP,Ngombeh,230
Bo District,Kakua Chiefdom,Gbongboma MCHP,MCHP,Ngivulahun,250
Bo District,Kakua Chiefdom,Gbongboma MCHP,MCHP,Ngiewoma,38
Bo District,Kakua Chiefdom,Gender CHP,CHP,,
Bo District,Kakua Chiefdom,Keindeyella MCHP,MCHP,,
Bo District,Kakua Chiefdom,Maguama CHP,CHP,Maguama,1172
Bo District,Kakua Chiefdom,Maguama CHP,CHP,Kpatema,502
Bo District,Kakua Chiefdom,Maguama CHP,CHP,Gbanahun,276
Bo District,Kakua Chiefdom,Maguama CHP,CHP,Fallah,241
Bo District,Kakua Chiefdom,Maguama CHP,CHP,Mokasse,213
Bo District,Kakua Chiefdom,Maguama CHP,CHP,Gibina,476
Bo District,Kakua Chiefdom,Maguama CHP,CHP,Nyamaina 1,205
Bo District,Kakua Chiefdom,Maguama CHP,CHP,Nyamaina2,106
Bo District,Kakua Chiefdom,Maguama CHP,CHP,Nyamaina 3,118
Bo District,Kakua Chiefdom,Maguama CHP,CHP,Kenyema 1,163
Bo District,Kakua Chiefdom,Maguama CHP,CHP,Kenyema 2,114
Bo District,Kakua Chiefdom,Maguama CHP,CHP,Kenyema 3,116
Bo District,Kakua Chiefdom,Maguama CHP,CHP,Vengema 3,103
Bo District,Kakua Chiefdom,Maguama CHP,CHP,Fabaina,133
Bo District,Kakua Chiefdom,Manjiama CHC,CHC,Manjama,500
Bo District,Kakua Chiefdom,Manjiama CHC,CHC,Bayama,200
Bo District,Kakua Chiefdom,Manjiama CHC,CHC,Pendegumahun,907
Bo District,Kakua Chiefdom,Manjiama CHC,CHC,Mbaoma,95
Bo District,Kakua Chiefdom,Manjiama CHC,CHC,Fullawahun,1800
Bo District,Kakua Chiefdom,Manjiama CHC,CHC,kpetema,716
Bo District,Kakua Chiefdom,Manjiama CHC,CHC,patama,200
Bo District,Kakua Chiefdom,Manjiama CHC,CHC,Vaama,305
Bo District,Kakua Chiefdom,Manjiama CHC,CHC,Walihun,210
Bo District,Kakua Chiefdom,Manjiama CHC,CHC,Kumbablahun,325
Bo District,Kakua Chiefdom,Manjiama CHC,CHC,Gandohun,404
Bo District,Kakua Chiefdom,Manjiama CHC,CHC,Levuma,300
Bo District,Kakua Chiefdom,Manjiama CHC,CHC,Gbanahun,1300
Bo District,Kakua Chiefdom,Massah Memorial Maternity MCHP,MCHP,Niagorehun 1,1100
Bo District,Kakua Chiefdom,Massah Memorial Maternity MCHP,MCHP,Sheriff town,1200
Bo District,Kakua Chiefdom,Massah Memorial Maternity MCHP,MCHP,Niagorehun 2,1300
Bo District,Kakua Chiefdom,Massah Memorial Maternity MCHP,MCHP,Fonnie Town,1120
Bo District,Kakua Chiefdom,Massah Memorial Maternity MCHP,MCHP,Kanga,390
Bo District,Kakua Chiefdom,Massah Memorial Maternity MCHP,MCHP,Railway Line,200
Bo District,Kakua Chiefdom,Massah Memorial Maternity MCHP,MCHP,Giema,300
Bo District,Kakua Chiefdom,Massah Memorial Maternity MCHP,MCHP,Dandabu,350
Bo District,Kakua Chiefdom,Massah Memorial Maternity MCHP,MCHP,Kpawula,313
Bo District,Kakua Chiefdom,Massah Memorial Maternity MCHP,MCHP,Nyanda town,349
Bo District,Kakua Chiefdom,Massah Memorial Maternity MCHP,MCHP,Back of Staduim,153
Bo District,Kakua Chiefdom,Ndegbomie MCHP,MCHP,Falaba,700
Bo District,Kakua Chiefdom,Ndegbomie MCHP,MCHP,Gbeworbu,600
Bo District,Kakua Chiefdom,Ndegbomie MCHP,MCHP,Kebbie town,2040
Bo District,Kakua Chiefdom,Ndegbomie MCHP,MCHP,Gbongboma,500
Bo District,Kakua Chiefdom,Ndegbomie MCHP,MCHP,Part of Jorma 2,400
Bo District,Kakua Chiefdom,Ndegbomie MCHP,MCHP,jorma1,600
Bo District,Kakua Chiefdom,Ndegbomie MCHP,MCHP,Manihun,300
Bo District,Kakua Chiefdom,Ndegbomie MCHP,MCHP,Lumbebu,500
Bo District,Kakua Chiefdom,Ndegbomie MCHP,MCHP,Mbeima,250
Bo District,Kakua Chiefdom,Ndegbomie MCHP,MCHP,Geoma 2  Section,1385
Bo District,Kakua Chiefdom,Ndegbomie MCHP,MCHP,Komendeh,1203
Bo District,Kakua Chiefdom,Ndegbomie MCHP,MCHP,Mbema,800
Bo District,Kakua Chiefdom,Ndegbomie MCHP,MCHP,Sembekeh,652
Bo District,Kakua Chiefdom,Nduvuibu MCHP,MCHP,,
Bo District,Kakua Chiefdom,United Methodist Church Manjama CHC,CHC,,
Bo District,Kakua Chiefdom,Veronical MCHP,MCHP,,
Bo District,Komboya Chiefdom,Gumahun MCHP,MCHP,Gumahun,520
Bo District,Komboya Chiefdom,Gumahun MCHP,MCHP,Banyamahun,250
Bo District,Komboya Chiefdom,Gumahun MCHP,MCHP,Korkortie,260
Bo District,Komboya Chiefdom,Gumahun MCHP,MCHP,Manyama,119
Bo District,Komboya Chiefdom,Gumahun MCHP,MCHP,Foya,112
Bo District,Komboya Chiefdom,Gumahun MCHP,MCHP,Poyama,206
Bo District,Komboya Chiefdom,Komboya Gbauja MCHP,MCHP,Komboya Gbauja,599
Bo District,Komboya Chiefdom,Komboya Gbauja MCHP,MCHP,Semabu,250
Bo District,Komboya Chiefdom,Komboya Gbauja MCHP,MCHP,Ngiewabu,200
Bo District,Komboya Chiefdom,Komboya Gbauja MCHP,MCHP,Gbeworbu,249
Bo District,Komboya Chiefdom,Komboya Gbauja MCHP,MCHP,Bendu,150
Bo District,Komboya Chiefdom,Komboya Gbauja MCHP,MCHP,Bendellu,400
Bo District,Komboya Chiefdom,Komboya Gbauja MCHP,MCHP,Fullawahun,151
Bo District,Komboya Chiefdom,Komboya Gbauja MCHP,MCHP,Keinjama,123
Bo District,Komboya Chiefdom,Komboya Gbauja MCHP,MCHP,Yendehun,670
Bo District,Komboya Chiefdom,Kpamajama MCHP,MCHP,Kpamajama,360
Bo District,Komboya Chiefdom,Kpamajama MCHP,MCHP,Songaru,160
Bo District,Komboya Chiefdom,Kpamajama MCHP,MCHP,Norgonba,63
Bo District,Komboya Chiefdom,Kpamajama MCHP,MCHP,Sengbehun,189
Bo District,Komboya Chiefdom,Kpamajama MCHP,MCHP,Foindu,50
Bo District,Komboya Chiefdom,Kpamajama MCHP,MCHP,Mageibu,200
Bo District,Komboya Chiefdom,Kpamajama MCHP,MCHP,Keituma,84
Bo District,Komboya Chiefdom,Kpamajama MCHP,MCHP,Nduya,150
Bo District,Komboya Chiefdom,Kpamajama MCHP,MCHP,Ngulubu,30
Bo District,Komboya Chiefdom,Kpamajama MCHP,MCHP,Logbana,35
Bo District,Komboya Chiefdom,Mano (Komboya) MCHP,MCHP,,
Bo District,Komboya Chiefdom,Niagorehun (Komboya) MCHP,MCHP,Niagorehun (Komboya),833
Bo District,Komboya Chiefdom,Niagorehun (Komboya) MCHP,MCHP,Gbaama,279
Bo District,Komboya Chiefdom,Niagorehun (Komboya) MCHP,MCHP,Ngeikohun,269
Bo District,Komboya Chiefdom,Niagorehun (Komboya) MCHP,MCHP,Njawor,405
Bo District,Komboya Chiefdom,Niagorehun (Komboya) MCHP,MCHP,Kundorma,527
Bo District,Komboya Chiefdom,Niagorehun (Komboya) MCHP,MCHP,Pelewahun,260
Bo District,Komboya Chiefdom,Niagorehun (Komboya) MCHP,MCHP,Bandujuma,134
Bo District,Komboya Chiefdom,Njala (Komboya) CHC,CHC,Njala 1,1697
Bo District,Komboya Chiefdom,Njala (Komboya) CHC,CHC,Njala 2,893
Bo District,Komboya Chiefdom,Njala (Komboya) CHC,CHC,Pelewahun,559
Bo District,Komboya Chiefdom,Njala (Komboya) CHC,CHC,Semabu 1,789
Bo District,Komboya Chiefdom,Njala (Komboya) CHC,CHC,Gbanama,443
Bo District,Komboya Chiefdom,Njala (Komboya) CHC,CHC,Kobondala,579
Bo District,Komboya Chiefdom,Njala (Komboya) CHC,CHC,Niagorehun,739
Bo District,Komboya Chiefdom,Njala (Komboya) CHC,CHC,Talia,580
Bo District,Komboya Chiefdom,Njala (Komboya) CHC,CHC,Gbitima,414
Bo District,Komboya Chiefdom,Teibor CHP,CHP,Teibor,505
Bo District,Komboya Chiefdom,Teibor CHP,CHP,Bauya,540
Bo District,Komboya Chiefdom,Teibor CHP,CHP,Yengema,183
Bo District,Komboya Chiefdom,Teibor CHP,CHP,Kpawuma,205
Bo District,Komboya Chiefdom,Teibor CHP,CHP,Baomahun,275
Bo District,Komboya Chiefdom,Teibor CHP,CHP,Mano,450
Bo District,Komboya Chiefdom,Teibor CHP,CHP,Lowuma,471
Bo District,Komboya Chiefdom,Teibor CHP,CHP,Kenyema,145
Bo District,Komboya Chiefdom,Teibor CHP,CHP,Talia,225
Bo District,Lugbu Chiefdom,Bontiwo MCHP,MCHP,Bontiwo,673
Bo District,Lugbu Chiefdom,Bontiwo MCHP,MCHP,Vaahun,493
Bo District,Lugbu Chiefdom,Bontiwo MCHP,MCHP,Kuadima,580
Bo District,Lugbu Chiefdom,Bontiwo MCHP,MCHP,Faama,675
Bo District,Lugbu Chiefdom,Bontiwo MCHP,MCHP,Bondayeihun,139
Bo District,Lugbu Chiefdom,Bontiwo MCHP,MCHP,Kitorma,232
Bo District,Lugbu Chiefdom,Feiba CHP,CHP,Feiba,1500
Bo District,Lugbu Chiefdom,Feiba CHP,CHP,Buma,200
Bo District,Lugbu Chiefdom,Feiba CHP,CHP,Beipie,103
Bo District,Lugbu Chiefdom,Feiba CHP,CHP,Gelehun,500
Bo District,Lugbu Chiefdom,Feiba CHP,CHP,Gbaluhun,79
Bo District,Lugbu Chiefdom,Hima MCHP,MCHP,Heima,550
Bo District,Lugbu Chiefdom,Hima MCHP,MCHP,Benduma-Sewa,358
Bo District,Lugbu Chiefdom,Hima MCHP,MCHP,Tongia,240
Bo District,Lugbu Chiefdom,Hima MCHP,MCHP,Gbamahun,255
Bo District,Lugbu Chiefdom,Hima MCHP,MCHP,Mano Bembeteh,265
Bo District,Lugbu Chiefdom,Hima MCHP,MCHP,Venima,406
Bo District,Lugbu Chiefdom,Karleh MCHP,MCHP,Karleh,1858
Bo District,Lugbu Chiefdom,Karleh MCHP,MCHP,Gbangema,465
Bo District,Lugbu Chiefdom,Karleh MCHP,MCHP,Camp Village,332
Bo District,Lugbu Chiefdom,Karleh MCHP,MCHP,Kpatema,644
Bo District,Lugbu Chiefdom,Kpetewoma CHP,CHP,Kpetewoma CHP,1451
Bo District,Lugbu Chiefdom,Kpetewoma CHP,CHP,Bevehun,357
Bo District,Lugbu Chiefdom,Kpetewoma CHP,CHP,Ngieya,527
Bo District,Lugbu Chiefdom,Kpetewoma CHP,CHP,Tangahun,222
Bo District,Lugbu Chiefdom,Kpetewoma CHP,CHP,Tobanda,109
Bo District,Lugbu Chiefdom,Kpetewoma CHP,CHP,Yengassa,1016
Bo District,Lugbu Chiefdom,Kpetewoma CHP,CHP,Bangorma,450
Bo District,Lugbu Chiefdom,Kpetewoma CHP,CHP,Gondama,465
Bo District,Lugbu Chiefdom,Kpetewoma CHP,CHP,Kpwobu,180
Bo District,Lugbu Chiefdom,Ngieyehun MCHP,MCHP,Ngeiyehun,1714
Bo District,Lugbu Chiefdom,Ngieyehun MCHP,MCHP,Nguabu,222
Bo District,Lugbu Chiefdom,Ngieyehun MCHP,MCHP,Benduma1,132
Bo District,Lugbu Chiefdom,Ngieyehun MCHP,MCHP,Benduma2,515
Bo District,Lugbu Chiefdom,Ngieyehun MCHP,MCHP,Manowo,214
Bo District,Lugbu Chiefdom,Sumbuya (Lugbu) CHC,CHC,Sumbuya CHC,1500
Bo District,Lugbu Chiefdom,Sumbuya (Lugbu) CHC,CHC,Lower Saama,1062
Bo District,Lugbu Chiefdom,Sumbuya (Lugbu) CHC,CHC,Bamba,598
Bo District,Lugbu Chiefdom,Sumbuya (Lugbu) CHC,CHC,Mokordo,530
Bo District,Lugbu Chiefdom,Sumbuya (Lugbu) CHC,CHC,Ngainga,236
Bo District,Lugbu Chiefdom,Sumbuya (Lugbu) CHC,CHC,Tawamahehun,476
Bo District,Lugbu Chiefdom,Sumbuya (Lugbu) CHC,CHC,Komende,693
Bo District,Lugbu Chiefdom,Sumbuya (Lugbu) CHC,CHC,Moforay,587
Bo District,Lugbu Chiefdom,Sumbuya (Lugbu) CHC,CHC,Gola,580
Bo District,Lugbu Chiefdom,Sumbuya (Lugbu) CHC,CHC,Baoma,586
Bo District,Lugbu Chiefdom,Sumbuya (Lugbu) CHC,CHC,Momando,220
Bo District,Lugbu Chiefdom,Sumbuya (Lugbu) CHC,CHC,Mokombo,230
Bo District,Lugbu Chiefdom,Sumbuya (Lugbu) CHC,CHC,Mosorgbo,695
Bo District,Lugbu Chiefdom,Upper Saama MCHP,MCHP,Upper Saama,1786
Bo District,Lugbu Chiefdom,Upper Saama MCHP,MCHP,Kpatobu,905
Bo District,Lugbu Chiefdom,Upper Saama MCHP,MCHP,Kpoveihun,211
Bo District,Lugbu Chiefdom,Upper Saama MCHP,MCHP,Daama,400
Bo District,Lugbu Chiefdom,Yambama CHP,CHP,Yambama,2070
Bo District,Lugbu Chiefdom,Yambama CHP,CHP,Tongie,600
Bo District,Lugbu Chiefdom,Yambama CHP,CHP,Gendema,508
Bo District,Niawa Lenga Chiefdom,Korbu MCHP,MCHP,Korbu,666
Bo District,Niawa Lenga Chiefdom,Korbu MCHP,MCHP,Banda,204
Bo District,Niawa Lenga Chiefdom,Korbu MCHP,MCHP,Njagbema,890
Bo District,Niawa Lenga Chiefdom,Korbu MCHP,MCHP,Yallu,387
Bo District,Niawa Lenga Chiefdom,Korbu MCHP,MCHP,Benduma,485
Bo District,Niawa Lenga Chiefdom,Korbu MCHP,MCHP,Kpagbama,275
Bo District,Niawa Lenga Chiefdom,Korbu MCHP,MCHP,Kortuhun,383
Bo District,Niawa Lenga Chiefdom,Nengbema CHP,CHP,Nengbema,2170
Bo District,Niawa Lenga Chiefdom,Nengbema CHP,CHP,Tondorya,926
Bo District,Niawa Lenga Chiefdom,Nengbema CHP,CHP,Mbellebu,720
Bo District,Niawa Lenga Chiefdom,Nengbema CHP,CHP,Konima,100
Bo District,Niawa Lenga Chiefdom,Nengbema CHP,CHP,Nyadeyama,743
Bo District,Niawa Lenga Chiefdom,Nengbema CHP,CHP,Kpar,976
Bo District,Niawa Lenga Chiefdom,Nengbema CHP,CHP,Kongobahun,730
Bo District,Niawa Lenga Chiefdom,Nengbema CHP,CHP,Hendobu,200
Bo District,Niawa Lenga Chiefdom,Nengbema CHP,CHP,Luawa,96
Bo District,Niawa Lenga Chiefdom,Ngogbebu MCHP,MCHP,Ngogbebu,1050
Bo District,Niawa Lenga Chiefdom,Ngogbebu MCHP,MCHP,Meima,900
Bo District,Niawa Lenga Chiefdom,Ngogbebu MCHP,MCHP,Saama,503
Bo District,Niawa Lenga Chiefdom,Ngogbebu MCHP,MCHP,Bendu,300
Bo District,Niawa Lenga Chiefdom,Ngogbebu MCHP,MCHP,Kowa,600
Bo District,Niawa Lenga Chiefdom,Pendebu MCHP,MCHP,Pendembu,950
Bo District,Niawa Lenga Chiefdom,Pendebu MCHP,MCHP,Jormu,197
Bo District,Niawa Lenga Chiefdom,Pendebu MCHP,MCHP,Guamdoma,360
Bo District,Niawa Lenga Chiefdom,Pendebu MCHP,MCHP,Torkpoimbu,1100
Bo District,Niawa Lenga Chiefdom,Sahn (Niawa Lenga) CHC,CHC,Sahn,2608
Bo District,Niawa Lenga Chiefdom,Sahn (Niawa Lenga) CHC,CHC,Blama,453
Bo District,Niawa Lenga Chiefdom,Sahn (Niawa Lenga) CHC,CHC,Jaiama,490
Bo District,Niawa Lenga Chiefdom,Sahn (Niawa Lenga) CHC,CHC,Tamballu,578
Bo District,Niawa Lenga Chiefdom,Sahn (Niawa Lenga) CHC,CHC,Torkpumbu,191
Bo District,Niawa Lenga Chiefdom,Sahn (Niawa Lenga) CHC,CHC,Njagor,169
Bo District,Niawa Lenga Chiefdom,Sahn (Niawa Lenga) CHC,CHC,Kolihun,27
Bo District,Niawa Lenga Chiefdom,Sahn (Niawa Lenga) CHC,CHC,Ngiehun,347
Bo District,Niawa Lenga Chiefdom,Sahn (Niawa Lenga) CHC,CHC,Sorma,124
Bo District,Niawa Lenga Chiefdom,Sahn (Niawa Lenga) CHC,CHC,Semabu,391
Bo District,Selenga Chiefdom,Damballa CHC,CHC,Dambala,2360
Bo District,Selenga Chiefdom,Damballa CHC,CHC,Tabema,276
Bo District,Selenga Chiefdom,Damballa CHC,CHC,Gbumbeh,468
Bo District,Selenga Chiefdom,Damballa CHC,CHC,Jayeima,314
Bo District,Selenga Chiefdom,Damballa CHC,CHC,Gbeyahun,312
Bo District,Selenga Chiefdom,Damballa CHC,CHC,Jolu,204
Bo District,Selenga Chiefdom,Damballa CHC,CHC,Korwama,120
Bo District,Selenga Chiefdom,Damballa CHC,CHC,Sembehun,657
Bo District,Selenga Chiefdom,Damballa CHC,CHC,Njaluahun,405
Bo District,Selenga Chiefdom,Damballa CHC,CHC,Mamboima,314
Bo District,Selenga Chiefdom,Damballa CHC,CHC,Mobonde,276
Bo District,Selenga Chiefdom,Damballa CHC,CHC,Bangorma,206
Bo District,Selenga Chiefdom,Damballa CHC,CHC,Geima,198
Bo District,Selenga Chiefdom,Damballa CHC,CHC,Gbangeima,303
Bo District,Selenga Chiefdom,Gbangba MCHP,MCHP,Gbangba,830
Bo District,Selenga Chiefdom,Gbangba MCHP,MCHP,Kenema,210
Bo District,Selenga Chiefdom,Gbangba MCHP,MCHP,Sembehun Jobai,280
Bo District,Selenga Chiefdom,Gbangba MCHP,MCHP,Kpetema,183
Bo District,Selenga Chiefdom,Gbangba MCHP,MCHP,Seigbema,520
Bo District,Selenga Chiefdom,Gbangba MCHP,MCHP,Kassema,570
Bo District,Selenga Chiefdom,Gbangba MCHP,MCHP,Kaniya,300
Bo District,Selenga Chiefdom,Gbangba MCHP,MCHP,Bongeya,207
Bo District,Selenga Chiefdom,Gbangba MCHP,MCHP,Foya,104
Bo District,Tikonko Chiefdom,Gondama (Tikonko) CHC,CHC,Gondama,3559
Bo District,Tikonko Chiefdom,Gondama (Tikonko) CHC,CHC,Gondama Barrack,2264
Bo District,Tikonko Chiefdom,Gondama (Tikonko) CHC,CHC,Ngelehun,2119
Bo District,Tikonko Chiefdom,Gondama (Tikonko) CHC,CHC,Konta 1,125
Bo District,Tikonko Chiefdom,Gondama (Tikonko) CHC,CHC,Konta 2,40
Bo District,Tikonko Chiefdom,Gondama (Tikonko) CHC,CHC,Sembehun Kokofele,1100
Bo District,Tikonko Chiefdom,Gondama (Tikonko) CHC,CHC,Benduma,1020
Bo District,Tikonko Chiefdom,Gondama (Tikonko) CHC,CHC,Guala,1200
Bo District,Tikonko Chiefdom,Gondama (Tikonko) CHC,CHC,Gbangema,347
Bo District,Tikonko Chiefdom,Gondama (Tikonko) CHC,CHC,Gondorhun,621
Bo District,Tikonko Chiefdom,Gondama (Tikonko) CHC,CHC,Taninahun,30
Bo District,Tikonko Chiefdom,Gondama (Tikonko) CHC,CHC,Lor,40
Bo District,Tikonko Chiefdom,Gondama (Tikonko) CHC,CHC,Gubehun,30
Bo District,Tikonko Chiefdom,Gondama (Tikonko) CHC,CHC,Magbema,1030
Bo District,Tikonko Chiefdom,Gondama (Tikonko) CHC,CHC,Baoma,40
Bo District,Tikonko Chiefdom,Gondama (Tikonko) CHC,CHC,Lembema 2,330
Bo District,Tikonko Chiefdom,Griema MCHP,MCHP,Griema,2268
Bo District,Tikonko Chiefdom,Griema MCHP,MCHP,Njagbama,1557
Bo District,Tikonko Chiefdom,Griema MCHP,MCHP,Tikonkowo,178
Bo District,Tikonko Chiefdom,Haikal CHP,CHP,,
Bo District,Tikonko Chiefdom,Kassama MCHP,MCHP,Kassama,722
Bo District,Tikonko Chiefdom,Kassama MCHP,MCHP,Wotebehun,491
Bo District,Tikonko Chiefdom,Kassama MCHP,MCHP,Baoma,381
Bo District,Tikonko Chiefdom,Kassama MCHP,MCHP,Pelewahun,392
Bo District,Tikonko Chiefdom,Kassama MCHP,MCHP,Ngelahun,147
Bo District,Tikonko Chiefdom,Kassama MCHP,MCHP,Yengesa,1208
Bo District,Tikonko Chiefdom,Kassama MCHP,MCHP,Njala,52
Bo District,Tikonko Chiefdom,Kassama MCHP,MCHP,Sembalu,32
Bo District,Tikonko Chiefdom,Kassama MCHP,MCHP,Nigeria,19
Bo District,Tikonko Chiefdom,Kassama MCHP,MCHP,Buwaima,39
Bo District,Tikonko Chiefdom,Kassama MCHP,MCHP,Pujehun,18
Bo District,Tikonko Chiefdom,Kassama MCHP,MCHP,Taninahun,156
Bo District,Tikonko Chiefdom,Kassama MCHP,MCHP,Bevehun,467
Bo District,Tikonko Chiefdom,Kassama MCHP,MCHP,Tebonu,29
Bo District,Tikonko Chiefdom,Kassama MCHP,MCHP,Adala,244
Bo District,Tikonko Chiefdom,Kassama MCHP,MCHP,Adala Warreh,20
Bo District,Tikonko Chiefdom,Mattru on the Rail MCHP,MCHP,Mattru on the rail,1756
Bo District,Tikonko Chiefdom,Mattru on the Rail MCHP,MCHP,Ngandohun,150
Bo District,Tikonko Chiefdom,Mattru on the Rail MCHP,MCHP,Kpoyama,159
Bo District,Tikonko Chiefdom,Mattru on the Rail MCHP,MCHP,Nengbema,145
Bo District,Tikonko Chiefdom,Mattru on the Rail MCHP,MCHP,Torkpumbu,150
Bo District,Tikonko Chiefdom,Mattru on the Rail MCHP,MCHP,Kondiama,464
Bo District,Tikonko Chiefdom,Mattru on the Rail MCHP,MCHP,Natehun,50
Bo District,Tikonko Chiefdom,Mattru on the Rail MCHP,MCHP,Daru,200
Bo District,Tikonko Chiefdom,Mattru on the Rail MCHP,MCHP,Kpawama,340
Bo District,Tikonko Chiefdom,Mattru on the Rail MCHP,MCHP,Mamboima,365
Bo District,Tikonko Chiefdom,Mendewa CHP,CHP,,
Bo District,Tikonko Chiefdom,Sebehun Tarbay MCHP,MCHP,Sembehun Tabema,550
Bo District,Tikonko Chiefdom,Sebehun Tarbay MCHP,MCHP,Sembehun Worreh,108
Bo District,Tikonko Chiefdom,Sebehun Tarbay MCHP,MCHP,Sengama,340
Bo District,Tikonko Chiefdom,Sebehun Tarbay MCHP,MCHP,Sengema Worreh,207
Bo District,Tikonko Chiefdom,Sebehun Tarbay MCHP,MCHP,Sami,528
Bo District,Tikonko Chiefdom,Sebehun Tarbay MCHP,MCHP,Foikundor,410
Bo District,Tikonko Chiefdom,Sebehun Tarbay MCHP,MCHP,Foindu,250
Bo District,Tikonko Chiefdom,Sebehun Tarbay MCHP,MCHP,Sami Worreh,118
Bo District,Tikonko Chiefdom,Sebehun Tarbay MCHP,MCHP,Foikundor Worreh,101
Bo District,Tikonko Chiefdom,Sembehun 17 (Tikonko) CHP,CHP,Sembehun 17,3725
Bo District,Tikonko Chiefdom,Sembehun 17 (Tikonko) CHP,CHP,Sulehun,678
Bo District,Tikonko Chiefdom,Sembehun 17 (Tikonko) CHP,CHP,Mamboima,557
Bo District,Tikonko Chiefdom,Sembehun 17 (Tikonko) CHP,CHP,Tuba,302
Bo District,Tikonko Chiefdom,Sembehun 17 (Tikonko) CHP,CHP,Sembehun 17 old Town,715
Bo District,Tikonko Chiefdom,Sembehun 17 (Tikonko) CHP,CHP,Manowo,488
Bo District,Tikonko Chiefdom,Sembehun 17 (Tikonko) CHP,CHP,Nyandeyama,727
Bo District,Tikonko Chiefdom,Sembehun 17 (Tikonko) CHP,CHP,Ngolahun,889
Bo District,Tikonko Chiefdom,Sembehun 17 (Tikonko) CHP,CHP,Majhun,512
Bo District,Tikonko Chiefdom,Sembehun 17 (Tikonko) CHP,CHP,Fielor,472
Bo District,Tikonko Chiefdom,Sembehun 17 (Tikonko) CHP,CHP,Mokema,34
Bo District,Tikonko Chiefdom,Theresa Hakim CHP,CHP,Njagbala 1,889
Bo District,Tikonko Chiefdom,Theresa Hakim CHP,CHP,St Albert,750
Bo District,Tikonko Chiefdom,Theresa Hakim CHP,CHP,Njagbla 2,2949
Bo District,Tikonko Chiefdom,Theresa Hakim CHP,CHP,On the Rock,490
Bo District,Tikonko Chiefdom,Theresa Hakim CHP,CHP,Acheivers,485
Bo District,Tikonko Chiefdom,Theresa Hakim CHP,CHP,Madena 2,500
Bo District,Tikonko Chiefdom,Theresa Hakim CHP,CHP,Smith Gigba Town,487
Bo District,Tikonko Chiefdom,Theresa Hakim CHP,CHP,Kendiwabu,350
Bo District,Tikonko Chiefdom,Theresa Hakim CHP,CHP,Thomas Town,485
Bo District,Tikonko Chiefdom,Theresa Hakim CHP,CHP,Thomas Town Extension,492
Bo District,Tikonko Chiefdom,Theresa Hakim CHP,CHP,Banga Farm,342
Bo District,Tikonko Chiefdom,Theresa Hakim CHP,CHP,Kpaka Town,400
Bo District,Tikonko Chiefdom,Theresa Hakim CHP,CHP,Lower Mattru Road,326
Bo District,Tikonko Chiefdom,Tikonko (Bo) CHC,CHC,Tikonko,3500
Bo District,Tikonko Chiefdom,Tikonko (Bo) CHC,CHC,Nyagoihun Madoko,80
Bo District,Tikonko Chiefdom,Tikonko (Bo) CHC,CHC,Taninahun,210
Bo District,Tikonko Chiefdom,Tikonko (Bo) CHC,CHC,Kakpema,360
Bo District,Tikonko Chiefdom,Tikonko (Bo) CHC,CHC,Wojo Vulahun,69
Bo District,Tikonko Chiefdom,Tikonko (Bo) CHC,CHC,Gbanahun,80
Bo District,Tikonko Chiefdom,Tikonko (Bo) CHC,CHC,Mosakpa,109
Bo District,Tikonko Chiefdom,Tikonko (Bo) CHC,CHC,Dodo,210
Bo District,Tikonko Chiefdom,Tikonko (Bo) CHC,CHC,Niama,200
Bo District,Tikonko Chiefdom,Tikonko (Bo) CHC,CHC,Njala,240
Bo District,Tikonko Chiefdom,Tikonko (Bo) CHC,CHC,Kigbai,280
Bo District,Tikonko Chiefdom,Tikonko (Bo) CHC,CHC,Kpetema,260
Bo District,Tikonko Chiefdom,Tikonko (Bo) CHC,CHC,Borborbu,80
Bo District,Tikonko Chiefdom,Tikonko (Bo) CHC,CHC,Lembema,350
Bo District,Tikonko Chiefdom,Tikonko (Bo) CHC,CHC,Potahun,110
Bo District,Tikonko Chiefdom,Tikonko (Bo) CHC,CHC,Yovoyama,168
Bo District,Tikonko Chiefdom,Tikonko (Bo) CHC,CHC,Dandabu,115
Bo District,Tikonko Chiefdom,Tikonko (Bo) CHC,CHC,Gibina,112
Bo District,Tikonko Chiefdom,Tikonko (Bo) CHC,CHC,Lokovulahun,66
Bo District,Tikonko Chiefdom,Tikonko (Bo) CHC,CHC,Mojebeh,180
Bo District,Tikonko Chiefdom,Tikonko (Bo) CHC,CHC,Tengbe Town,210
Bo District,Tikonko Chiefdom,Tikonko (Bo) CHC,CHC,JCC Camp,40
Bo District,Tikonko Chiefdom,Tikonko (Bo) CHC,CHC,Sunga,350
Bo District,Tikonko Chiefdom,Tikonko (Bo) CHC,CHC,Surgbehun,308
Bo District,Tikonko Chiefdom,Tikonko (Bo) CHC,CHC,Nyagohun Villa,300
Bo District,Tikonko Chiefdom,Tikonko (Bo) CHC,CHC,Barlie,310
Bo District,Tikonko Chiefdom,Tikonko (Bo) CHC,CHC,Gendema,220
Bo District,Tikonko Chiefdom,Tikonko (Bo) CHC,CHC,Gbalehun,610
Bo District,Tikonko Chiefdom,Tikonko (Bo) CHC,CHC,Julahun,364
Bo District,Tikonko Chiefdom,Tikonko (Bo) CHC,CHC,Wubanga,255
Bo District,Tikonko Chiefdom,Tikonko (Bo) CHC,CHC,Kpakuma,160
Bo District,Tikonko Chiefdom,Tikonko (Bo) CHC,CHC,Digbaya,260
Bo District,Tikonko Chiefdom,Tikonko (Bo) CHC,CHC,Faabu,80
Bo District,Tikonko Chiefdom,Tikonko (Bo) CHC,CHC,Torkpormbu,50
Bo District,Tikonko Chiefdom,Tikonko (Bo) CHC,CHC,Fobu,110
Bo District,Tikonko Chiefdom,Tikonko (Bo) CHC,CHC,Porgbahun,350
Bo District,Tikonko Chiefdom,Towama MCHP,MCHP,Towama New Site,1000
Bo District,Tikonko Chiefdom,Towama MCHP,MCHP,worgibor,90
Bo District,Tikonko Chiefdom,Towama MCHP,MCHP,Njala University Campous,300
Bo District,Tikonko Chiefdom,Towama MCHP,MCHP,Torwama Old Town,600
Bo District,Tikonko Chiefdom,Towama MCHP,MCHP,Torwama New Site 2,300
Bo District,Tikonko Chiefdom,Towama MCHP,MCHP,Satohun,300
Bo District,Tikonko Chiefdom,Towama MCHP,MCHP,Air Field,600
Bo District,Tikonko Chiefdom,Towama MCHP,MCHP,J-Matter,600
Bo District,Tikonko Chiefdom,Towama MCHP,MCHP,I-Matta,400
Bo District,Tikonko Chiefdom,Veronica MCHP,MCHP,,
Bo District,Tikonko Chiefdom,We Care Health Centre Clinic,Clinic,Mosamai,1200
Bo District,Tikonko Chiefdom,We Care Health Centre Clinic,Clinic,Simbaru 2,720
Bo District,Tikonko Chiefdom,We Care Health Centre Clinic,Clinic,Simbaru 3,850
Bo District,Tikonko Chiefdom,We Care Health Centre Clinic,Clinic,JCC,320
Bo District,Tikonko Chiefdom,We Care Health Centre Clinic,Clinic,Air Field,174
Bo District,Tikonko Chiefdom,We Care Health Centre Clinic,Clinic,Waima,600
Bo District,Tikonko Chiefdom,We Care Health Centre Clinic,Clinic,Simbaru 1,510
Bo District,Tikonko Chiefdom,We Care Health Centre Clinic,Clinic,I-Matt,200
Bo District,Tikonko Chiefdom,Zion CHC,CHC,Pelewahun,45
Bo District,Tikonko Chiefdom,Zion CHC,CHC,Komende,420
Bo District,Tikonko Chiefdom,Zion CHC,CHC,Njorpowahun,515
Bo District,Tikonko Chiefdom,Zion CHC,CHC,Banda Town,35
Bo District,Tikonko Chiefdom,Zion CHC,CHC,Njamawo,447
Bo District,Tikonko Chiefdom,Zion CHC,CHC,Dandabu,323
Bo District,Tikonko Chiefdom,Zion CHC,CHC,Toobu,422
Bo District,Tikonko Chiefdom,Zion CHC,CHC,Torkpumbu,30
Bo District,Tikonko Chiefdom,Zion CHC,CHC,Kamgah,35
Bo District,Tikonko Chiefdom,Zion CHC,CHC,Ngaivulahun,845
Bo District,Tikonko Chiefdom,Zion CHC,CHC,Faaweima,583
Bo District,Tikonko Chiefdom,Zion CHC,CHC,Isweal,20
Bo District,Tikonko Chiefdom,Zion CHC,CHC,Mbaoma,50
Bo District,Tikonko Chiefdom,Zion CHC,CHC,Solima,310
Bo District,Valunia Chiefdom,Baomahun CHC,CHC,Baomahun,4000
Bo District,Valunia Chiefdom,Baomahun CHC,CHC,Moyorgbo,200
Bo District,Valunia Chiefdom,Baomahun CHC,CHC,Njaweima,200
Bo District,Valunia Chiefdom,Baomahun CHC,CHC,Lablama,800
Bo District,Valunia Chiefdom,Baomahun CHC,CHC,Mendekelema,300
Bo District,Valunia Chiefdom,Baomahun CHC,CHC,Sembeck Line,200
Bo District,Valunia Chiefdom,Baomahun CHC,CHC,Bumpeh,300
Bo District,Valunia Chiefdom,Baomahun CHC,CHC,Juma,200
Bo District,Valunia Chiefdom,Baomahun CHC,CHC,Baoma II,200
Bo District,Valunia Chiefdom,Baomahun CHC,CHC,Kortuhun,300
Bo District,Valunia Chiefdom,Baomahun CHC,CHC,Carvoma,900
Bo District,Valunia Chiefdom,Baomahun CHC,CHC,Nyandehun,200
Bo District,Valunia Chiefdom,Baomahun CHC,CHC,Kongokpa,700
Bo District,Valunia Chiefdom,Baomahun CHC,CHC,Gbonheihun,200
Bo District,Valunia Chiefdom,Foya (Valunia) CHP,CHP,Foya,1425
Bo District,Valunia Chiefdom,Foya (Valunia) CHP,CHP,Kanjalu,350
Bo District,Valunia Chiefdom,Foya (Valunia) CHP,CHP,Kpakinbu,152
Bo District,Valunia Chiefdom,Foya (Valunia) CHP,CHP,Niayahun,123
Bo District,Valunia Chiefdom,Foya (Valunia) CHP,CHP,Gbangema,370
Bo District,Valunia Chiefdom,Foya (Valunia) CHP,CHP,Manowo,111
Bo District,Valunia Chiefdom,Foya (Valunia) CHP,CHP,Baomawo,125
Bo District,Valunia Chiefdom,Foya (Valunia) CHP,CHP,Dambawa,204
Bo District,Valunia Chiefdom,Foya (Valunia) CHP,CHP,Mano,80
Bo District,Valunia Chiefdom,Foya (Valunia) CHP,CHP,Njalihun Old town,521
Bo District,Valunia Chiefdom,Foya (Valunia) CHP,CHP,Njalihun Junction,424
Bo District,Valunia Chiefdom,Foya (Valunia) CHP,CHP,Njagbla,390
Bo District,Valunia Chiefdom,Foya (Valunia) CHP,CHP,Palima,45
Bo District,Valunia Chiefdom,Foya (Valunia) CHP,CHP,Pateya,102
Bo District,Valunia Chiefdom,Foya (Valunia) CHP,CHP,Hindogboiama,210
Bo District,Valunia Chiefdom,Grima (Valunia) CHP,CHP,Griema,290
Bo District,Valunia Chiefdom,Grima (Valunia) CHP,CHP,Njorporwahun,150
Bo District,Valunia Chiefdom,Grima (Valunia) CHP,CHP,Koyiema,182
Bo District,Valunia Chiefdom,Grima (Valunia) CHP,CHP,Koyeima Secondary School,617
Bo District,Valunia Chiefdom,Grima (Valunia) CHP,CHP,Califonia,100
Bo District,Valunia Chiefdom,Grima (Valunia) CHP,CHP,Ngiema,190
Bo District,Valunia Chiefdom,Grima (Valunia) CHP,CHP,Nyandiama,100
Bo District,Valunia Chiefdom,Grima (Valunia) CHP,CHP,Kormasie,105
Bo District,Valunia Chiefdom,Grima (Valunia) CHP,CHP,Mogbawo,110
Bo District,Valunia Chiefdom,Grima (Valunia) CHP,CHP,Mandu,730
Bo District,Valunia Chiefdom,Grima (Valunia) CHP,CHP,Madina,570
Bo District,Valunia Chiefdom,Grima (Valunia) CHP,CHP,Yambama,170
Bo District,Valunia Chiefdom,Grima (Valunia) CHP,CHP,Njagbema,900
Bo District,Valunia Chiefdom,Grima (Valunia) CHP,CHP,Tongorma,114
Bo District,Valunia Chiefdom,Grima (Valunia) CHP,CHP,Morseleh,70
Bo District,Valunia Chiefdom,Grima (Valunia) CHP,CHP,Londoma,70
Bo District,Valunia Chiefdom,Grima (Valunia) CHP,CHP,Njala,70
Bo District,Valunia Chiefdom,Grima (Valunia) CHP,CHP,Farma,190
Bo District,Valunia Chiefdom,Grima (Valunia) CHP,CHP,Benduma,100
Bo District,Valunia Chiefdom,Grima (Valunia) CHP,CHP,Heilabu,120
Bo District,Valunia Chiefdom,Kenema Blango CHC,CHC,Kenema Blango,700
Bo District,Valunia Chiefdom,Kenema Blango CHC,CHC,Semabu,300
Bo District,Valunia Chiefdom,Kenema Blango CHC,CHC,Kpetema,143
Bo District,Valunia Chiefdom,Kenema Blango CHC,CHC,Njallo,501
Bo District,Valunia Chiefdom,Kenema Blango CHC,CHC,Dassamu,568
Bo District,Valunia Chiefdom,Kenema Blango CHC,CHC,Mogbay,250
Bo District,Valunia Chiefdom,Kenema Blango CHC,CHC,Ngeihun,213
Bo District,Valunia Chiefdom,Kpewama MCHP,MCHP,Kpewama,876
Bo District,Valunia Chiefdom,Kpewama MCHP,MCHP,Ngulubu,104
Bo District,Valunia Chiefdom,Kpewama MCHP,MCHP,Sengima,209
Bo District,Valunia Chiefdom,Kpewama MCHP,MCHP,Logbana,212
Bo District,Valunia Chiefdom,Kpewama MCHP,MCHP,Nduya,323
Bo District,Valunia Chiefdom,Kpewama MCHP,MCHP,Taninahun,120
Bo District,Valunia Chiefdom,Kpewama MCHP,MCHP,Korwama,489
Bo District,Valunia Chiefdom,Kpewama MCHP,MCHP,Jallo,117
Bo District,Valunia Chiefdom,Kpewama MCHP,MCHP,Semabu,100
Bo District,Valunia Chiefdom,Kpewama MCHP,MCHP,Ngorjahun,200
Bo District,Valunia Chiefdom,Kpewama MCHP,MCHP,Konima,142
Bo District,Valunia Chiefdom,Kpuabu MCHP,MCHP,Kpuabu,340
Bo District,Valunia Chiefdom,Kpuabu MCHP,MCHP,Youmandu Old Town,280
Bo District,Valunia Chiefdom,Kpuabu MCHP,MCHP,Youmandu New town,105
Bo District,Valunia Chiefdom,Kpuabu MCHP,MCHP,Njala,90
Bo District,Valunia Chiefdom,Kpuabu MCHP,MCHP,Boiniama,60
Bo District,Valunia Chiefdom,Kpuabu MCHP,MCHP,Balehun,120
Bo District,Valunia Chiefdom,Kpuabu MCHP,MCHP,Gumbu,110
Bo District,Valunia Chiefdom,Kpuabu MCHP,MCHP,Kundorma new town,230
Bo District,Valunia Chiefdom,Kpuabu MCHP,MCHP,Kundorma Old town,380
Bo District,Valunia Chiefdom,Kpuabu MCHP,MCHP,Sengema old town,665
Bo District,Valunia Chiefdom,Kpuabu MCHP,MCHP,Sengema new town,125
Bo District,Valunia Chiefdom,Kpuabu MCHP,MCHP,Massao,310
Bo District,Valunia Chiefdom,Kpuabu MCHP,MCHP,Manjendu,206
Bo District,Valunia Chiefdom,Kpuabu MCHP,MCHP,Yeagama,81
Bo District,Valunia Chiefdom,Kpuabu MCHP,MCHP,Kpetema,92
Bo District,Valunia Chiefdom,Kpuabu MCHP,MCHP,Pujehun,51
Bo District,Valunia Chiefdom,Kpuabu MCHP,MCHP,Njaluahun,68
Bo District,Valunia Chiefdom,Kpuabu MCHP,MCHP,Nianyiahun,57
Bo District,Valunia Chiefdom,Kpuabu MCHP,MCHP,Tommiya,58
Bo District,Valunia Chiefdom,Kpuabu MCHP,MCHP,Nyadehun,91
Bo District,Valunia Chiefdom,Kpuabu MCHP,MCHP,Koivama,82
Bo District,Valunia Chiefdom,Kpuabu MCHP,MCHP,Kossima,51
Bo District,Valunia Chiefdom,Kpuabu MCHP,MCHP,largor,63
Bo District,Valunia Chiefdom,Kpuabu MCHP,MCHP,Ngogobu,54
Bo District,Valunia Chiefdom,Mongere CHC,CHC,Monghere,2121
Bo District,Valunia Chiefdom,Mongere CHC,CHC,Gumahun,200
Bo District,Valunia Chiefdom,Mongere CHC,CHC,pelewahun,114
Bo District,Valunia Chiefdom,Mongere CHC,CHC,Nyandehun,75
Bo District,Valunia Chiefdom,Mongere CHC,CHC,Koluvama,20
Bo District,Valunia Chiefdom,Mongere CHC,CHC,Waterloo,10
Bo District,Valunia Chiefdom,Mongere CHC,CHC,Wan Os,15
Bo District,Valunia Chiefdom,Mongere CHC,CHC,Jillihun,40
Bo District,Valunia Chiefdom,Mongere CHC,CHC,Gualla,60
Bo District,Valunia Chiefdom,Mongere CHC,CHC,nyayema,67
Bo District,Valunia Chiefdom,Mongere CHC,CHC,Kpakibu,202
Bo District,Valunia Chiefdom,Mongere CHC,CHC,Baoma,212
Bo District,Valunia Chiefdom,Mongere CHC,CHC,Legbeyama,40
Bo District,Valunia Chiefdom,Mongere CHC,CHC,Bawuya,50
Bo District,Valunia Chiefdom,Mongere CHC,CHC,Kpetema,228
Bo District,Valunia Chiefdom,Mongere CHC,CHC,Tendehun,80
Bo District,Valunia Chiefdom,Mongere CHC,CHC,Lomabu,198
Bo District,Valunia Chiefdom,Mongere CHC,CHC,Torkporbu,100
Bo District,Valunia Chiefdom,Mongere CHC,CHC,ngiebu,230
Bo District,Valunia Chiefdom,Mongere CHC,CHC,Toryama,42
Bo District,Valunia Chiefdom,Mongere CHC,CHC,Wonde,60
Bo District,Valunia Chiefdom,Mongere CHC,CHC,Njorgahun,82
Bo District,Valunia Chiefdom,Mongere CHC,CHC,Damballa Njiebu,60
Bo District,Valunia Chiefdom,Mongere CHC,CHC,Banjema,60
Bo District,Valunia Chiefdom,Mongere CHC,CHC,Belebu,40
Bo District,Valunia Chiefdom,Mongere CHC,CHC,Konima III,20
Bo District,Valunia Chiefdom,Mongere CHC,CHC,nyanyahun,40
Bo District,Valunia Chiefdom,Mongere CHC,CHC,Pelewahun II,120
Bo District,Valunia Chiefdom,Mongere CHC,CHC,Balina,40
Bo District,Valunia Chiefdom,Mongere CHC,CHC,Gbekeya I,40
Bo District,Valunia Chiefdom,Mongere CHC,CHC,Gbekeya II,52
Bo District,Valunia Chiefdom,Mongere CHC,CHC,Yawema,60
Bo District,Valunia Chiefdom,Mongere CHC,CHC,Daru,46
Bo District,Valunia Chiefdom,Mongere CHC,CHC,Luniagelema,72
Bo District,Valunia Chiefdom,Mongere CHC,CHC,Njorpowahun,70
Bo District,Valunia Chiefdom,Mongere CHC,CHC,Yuabu,40
Bo District,Valunia Chiefdom,Mongere CHC,CHC,Barrie,36
Bo District,Valunia Chiefdom,Mongere CHC,CHC,Mosumana,30
Bo District,Valunia Chiefdom,Mongere CHC,CHC,Levuma,64
Bo District,Valunia Chiefdom,Mongere CHC,CHC,Kontah,20
Bo District,Valunia Chiefdom,Mongere CHC,CHC,Moyambawo,40
Bo District,Valunia Chiefdom,Mongere CHC,CHC,Ngagboma,30
Bo District,Valunia Chiefdom,Mongere CHC,CHC,Nyandehun Gandema,240
Bo District,Valunia Chiefdom,Mongere CHC,CHC,Konima I,20
Bo District,Valunia Chiefdom,Mongere CHC,CHC,Konima II,20
Bo District,Valunia Chiefdom,Mongere CHC,CHC,Fulawahun,88
Bo District,Valunia Chiefdom,Mongere CHC,CHC,Torgorma,90
Bo District,Valunia Chiefdom,Mongere CHC,CHC,Mayembema,70
Bo District,Valunia Chiefdom,Mongere CHC,CHC,Kamaru,75
Bo District,Valunia Chiefdom,Mongere CHC,CHC,Kpassama,86
Bo District,Valunia Chiefdom,Mongere CHC,CHC,hojama,30
Bo District,Valunia Chiefdom,Mongere CHC,CHC,Jojohun,20
Bo District,Valunia Chiefdom,Ngolahun Jabaty CHP,CHP,Ngolahun Jabaty,908
Bo District,Valunia Chiefdom,Ngolahun Jabaty CHP,CHP,Niayama,150
Bo District,Valunia Chiefdom,Ngolahun Jabaty CHP,CHP,Dambalawa,100
Bo District,Valunia Chiefdom,Ngolahun Jabaty CHP,CHP,Sayllu,800
Bo District,Valunia Chiefdom,Ngolahun Jabaty CHP,CHP,Pembema,200
Bo District,Valunia Chiefdom,Ngolahun Jabaty CHP,CHP,Kortumahun,700
Bo District,Valunia Chiefdom,Ngolahun Jabaty CHP,CHP,Magbema,750
Bo District,Valunia Chiefdom,Ngolahun Jabaty CHP,CHP,Faama,300
Bo District,Valunia Chiefdom,Pujehun (Valunia) CHP,CHP,Pujehun,870
Bo District,Valunia Chiefdom,Pujehun (Valunia) CHP,CHP,Kotorboima,166
Bo District,Valunia Chiefdom,Pujehun (Valunia) CHP,CHP,Mogbosongo,115
Bo District,Valunia Chiefdom,Pujehun (Valunia) CHP,CHP,Mexico,45
Bo District,Valunia Chiefdom,Pujehun (Valunia) CHP,CHP,Victoria,264
Bo District,Valunia Chiefdom,Pujehun (Valunia) CHP,CHP,Gbanguya,56
Bo District,Valunia Chiefdom,Pujehun (Valunia) CHP,CHP,Kpassama,249
Bo District,Valunia Chiefdom,Pujehun (Valunia) CHP,CHP,Simbeck Fagoya,211
Bo District,Valunia Chiefdom,Pujehun (Valunia) CHP,CHP,Jojohun,114
Bo District,Valunia Chiefdom,Pujehun (Valunia) CHP,CHP,Hojeima,43
Bo District,Wonde Chiefdom,Bathurst MCHP,MCHP,Bathurst MCHP,779
Bo District,Wonde Chiefdom,Bathurst MCHP,MCHP,Yanihun,446
Bo District,Wonde Chiefdom,Bathurst MCHP,MCHP,Gawula,687
Bo District,Wonde Chiefdom,Bathurst MCHP,MCHP,Kpeyama,229
Bo District,Wonde Chiefdom,Bathurst MCHP,MCHP,Gumbu,184
Bo District,Wonde Chiefdom,Bathurst MCHP,MCHP,Niagorehun,859
Bo District,Wonde Chiefdom,Bathurst MCHP,MCHP,Dinnah,790
Bo District,Wonde Chiefdom,Bathurst MCHP,MCHP,Nglawoma,267
Bo District,Wonde Chiefdom,Bathurst MCHP,MCHP,Kenema,154
Bo District,Wonde Chiefdom,Bathurst MCHP,MCHP,Njala,730
Bo District,Wonde Chiefdom,Fanima (Wonde) MCHP,MCHP,Fanima,1960
Bo District,Wonde Chiefdom,Fanima (Wonde) MCHP,MCHP,Kanuma,152
Bo District,Wonde Chiefdom,Fanima (Wonde) MCHP,MCHP,Fayama,717
Bo District,Wonde Chiefdom,Fanima (Wonde) MCHP,MCHP,Vawaahun,103
Bo District,Wonde Chiefdom,Fanima (Wonde) MCHP,MCHP,Mogboama,201
Bo District,Wonde Chiefdom,Fanima (Wonde) MCHP,MCHP,Layiehun,743
Bo District,Wonde Chiefdom,Fanima (Wonde) MCHP,MCHP,Malema,335
Bo District,Wonde Chiefdom,Fanima (Wonde) MCHP,MCHP,Pelewahun,916
Bo District,Wonde Chiefdom,Fanima (Wonde) MCHP,MCHP,Gendema,245
Bo District,Wonde Chiefdom,Fanima (Wonde) MCHP,MCHP,Toebu,250
Bo District,Wonde Chiefdom,Fanima (Wonde) MCHP,MCHP,Heayama,121
Bo District,Wonde Chiefdom,Fanima (Wonde) MCHP,MCHP,Kegbema,870
Bo District,Wonde Chiefdom,Gboyama CHC,CHC,Gboyama town,1550
Bo District,Wonde Chiefdom,Gboyama CHC,CHC,Vaama,620
Bo District,Wonde Chiefdom,Gboyama CHC,CHC,Solima,615
Bo District,Wonde Chiefdom,Gboyama CHC,CHC,Dia1,320
Bo District,Wonde Chiefdom,Gboyama CHC,CHC,Dia2,280
Bo District,Wonde Chiefdom,Gboyama CHC,CHC,Njala,329
Bo District,Wonde Chiefdom,Gboyama CHC,CHC,Kpuawala,1020
Bo District,Wonde Chiefdom,Gboyama CHC,CHC,Baoma,300
Bo District,Wonde Chiefdom,Gboyama CHC,CHC,Mendama,502
Bo District,Wonde Chiefdom,Kambawama MCHP,MCHP,Kambawama 1&2,1256
Bo District,Wonde Chiefdom,Kambawama MCHP,MCHP,Yengema,594
Bo District,Wonde Chiefdom,Kambawama MCHP,MCHP,Pujehun,34
Bo District,Wonde Chiefdom,Kambawama MCHP,MCHP,Konia,455
Bo District,Wonde Chiefdom,Kambawama MCHP,MCHP,Gbonjeima,79
Bo District,Wonde Chiefdom,Kambawama MCHP,MCHP,Yawaju,451
Bo District,Wonde Chiefdom,Kambawama MCHP,MCHP,Njagbakahun,84
Bo District,Wonde Chiefdom,Kambawama MCHP,MCHP,Levuma,83
Bombali District,Biriwa Chiefdom,Bumban CHP,CHP,,
Bombali District,Biriwa Chiefdom,Bumbanday MCHP,MCHP,,
Bombali District,Biriwa Chiefdom,Kagbaneh CHC,CHC,,
Bombali District,Biriwa Chiefdom,Kagbankona MCHP,MCHP,,
Bombali District,Biriwa Chiefdom,Kakorla MCHP,MCHP,,
Bombali District,Biriwa Chiefdom,Kamabai CHC,CHC,,
Bombali District,Biriwa Chiefdom,Kamasikie CHP,CHP,,
Bombali District,Biriwa Chiefdom,Kamathudgu MCHP,MCHP,,
Bombali District,Biriwa Chiefdom,Kanikay MCHP,MCHP,,
Bombali District,Biriwa Chiefdom,Karina CHP,CHP,,
Bombali District,Biriwa Chiefdom,Kathakeya CHP,CHP,,
Bombali District,Biriwa Chiefdom,Kayainkassa CHP,CHP,,
Bombali District,Biriwa Chiefdom,Kayonkoro CHP,CHP,,
Bombali District,Biriwa Chiefdom,Manjoro MCHP,MCHP,,
Bombali District,Bombali Sebora Chiefdom,Maboleh CHP,CHP,,
Bombali District,Bombali Sebora Chiefdom,Maforay (Bombali Sebora) CHP,CHP,,
Bombali District,Bombali Sebora Chiefdom,Makama CHP,CHP,,
Bombali District,Bombali Sebora Chiefdom,Makump CHP,CHP,,
Bombali District,Bombali Sebora Chiefdom,Masory CHP,CHP,,
Bombali District,Bombali Sebora Chiefdom,Pate-Bana Masimbo CHP,CHP,,
Bombali District,Bombali Sebora Chiefdom,Patebana CHC,CHC,,
Bombali District,Bombali Sebora Chiefdom,Robat CHP,CHP,,
Bombali District,Bombali Serry Chiefdom,Rokonta CHC,CHC,,
Bombali District,Gbanti (Bombali) Chiefdom,Kunsho CHP,CHP,,
Bombali District,Gbanti (Bombali) Chiefdom,Panlap CHP,CHP,,
Bombali District,Gbanti (Bombali) Chiefdom,Stocco CHP,CHP,,
Bombali District,Gbanti (Bombali) Chiefdom,Yoni (Gbanti) CHP,CHP,,
Bombali District,Gbendembu Chiefdom,Gbendembu CHC,CHC,,
Bombali District,Gbendembu Chiefdom,Kortohun MCHP,MCHP,,
Bombali District,Gbendembu Chiefdom,Madina Loko CHP,CHP,,
Bombali District,Gbendembu Chiefdom,Mamaka (Gbendembu) MCHP,MCHP,,
Bombali District,Gbendembu Chiefdom,Mambala MCHP,MCHP,,
Bombali District,Kamaranka Chiefdom,Kamaranka CHC,CHC,,
Bombali District,Kamaranka Chiefdom,Makaiba MCHP,MCHP,,
Bombali District,Kamaranka Chiefdom,Makassa MCHP,MCHP,,
Bombali District,Kamaranka Chiefdom,Rosint MCHP,MCHP,,
Bombali District,Kamaranka Chiefdom,Royeama CHP,CHP,,
Bombali District,Magbaimba Ndohahun Chiefdom,Hunduwa MCHP,MCHP,,
Bombali District,Magbaimba Ndohahun Chiefdom,Kagbere CHC,CHC,,
Bombali District,Magbaimba Ndohahun Chiefdom,Mambiama MCHP,MCHP,,
Bombali District,Magbaimba Ndohahun Chiefdom,Manjaka MCHP,MCHP,,
Bombali District,Makarie Chiefdom,Fullah Town 1 (Makarie) CHP,CHP,,
Bombali District,Makarie Chiefdom,Karefay Themne CHP,CHP,,
Bombali District,Makarie Chiefdom,Kerefay Loko MCHP,MCHP,,
Bombali District,Makarie Chiefdom,Kolisokoh CHP,CHP,,
Bombali District,Makarie Chiefdom,Mabayo MCHP,MCHP,,
Bombali District,Makarie Chiefdom,Magbaikoli MCHP,MCHP,,
Bombali District,Makarie Chiefdom,Makarie MCHP,MCHP,,
Bombali District,Makarie Chiefdom,Mangay Loko MCHP,MCHP,,
Bombali District,Makarie Chiefdom,Masongbo (Makarie) CHC,CHC,,
Bombali District,Makarie Chiefdom,Mateneh MCHP,MCHP,,
Bombali District,Makarie Chiefdom,Punthun MCHP,MCHP,,
Bombali District,Makarie Chiefdom,Thonkoba CHP,CHP,,
Bombali District,Makarie Chiefdom,Yainkassa CHP,CHP,,
Bombali District,Makeni City,Bombali Police CHC,CHC,,
Bombali District,Makeni City,Fullah Town 2 (Makeni City) CHP,CHP,,
Bombali District,Makeni City,Red Cross (Makeni City) CHP,CHP,,
Bombali District,Makeni City,Teko Barracks CHP,CHP,,
Bombali District,Makeni City,Tonko CHP,CHP,,
Bombali District,Mara Chiefdom,Kiampkakolo MCHP,MCHP,,
Bombali District,Mara Chiefdom,Manewa MCHP,MCHP,,
Bombali District,Mara Chiefdom,Mara CHC,CHC,,
Bombali District,Ngowahun Chiefdom,Kalangba (Ngowahun) CHC,CHC,,
Bombali District,Ngowahun Chiefdom,Maharie CHP,CHP,,
Bombali District,Ngowahun Chiefdom,Makiteh (Ngowahun) MCHP,MCHP,,
Bombali District,Ngowahun Chiefdom,Masongbo Loko CHP,CHP,,
Bombali District,Ngowahun Chiefdom,Tambiama CHP,CHP,,
Bombali District,Paki Masabong Chiefdom,Kathanta Bana CHP,CHP,,
Bombali District,Paki Masabong Chiefdom,Kathekeya Kaboli CHP,CHP,,
Bombali District,Paki Masabong Chiefdom,Makeni Lol MCHP,MCHP,,
Bombali District,Paki Masabong Chiefdom,Makolor CHP,CHP,,
Bombali District,Paki Masabong Chiefdom,Mapaki CHC,CHC,,
Bombali District,Paki Masabong Chiefdom,Masabong Pil MCHP,MCHP,,
Bombali District,Paki Masabong Chiefdom,Masingbi Lol MCHP,MCHP,,
Bombali District,Safroko Limba Chiefdom,Binkolo CHC,CHC,,
Bombali District,Safroko Limba Chiefdom,Kabombeh MCHP,MCHP,,
Bombali District,Safroko Limba Chiefdom,Kabonka MCHP,MCHP,,
Bombali District,Safroko Limba Chiefdom,Kagbo MCHP,MCHP,,
Bombali District,Safroko Limba Chiefdom,Kapethe MCHP,MCHP,,
Bombali District,Safroko Limba Chiefdom,Kateneh MCHP,MCHP,,
Bombali District,Safroko Limba Chiefdom,Kayasie CHP,CHP,,
Bombali District,Safroko Limba Chiefdom,Mabonkani MCHP,MCHP,,
Bombali District,Safroko Limba Chiefdom,Maselleh MCHP,MCHP,,
Bombali District,Safroko Limba Chiefdom,Masongbo Limba MCHP,MCHP,,
Bonthe District,Bendu-Cha Chiefdom,Bendu (Bendu-Cha) CHC,CHC,,
Bonthe District,Bendu-Cha Chiefdom,Foya (Bendu-Cha) CHP,CHP,,
Bonthe District,Bendu-Cha Chiefdom,Giebina CHP,CHP,,
Bonthe District,Bendu-Cha Chiefdom,Mindohun MCHP,MCHP,,
Bonthe District,Bendu-Cha Chiefdom,Mo-Davies CHP,CHP,,
Bonthe District,Bendu-Cha Chiefdom,Taigbe CHP,CHP,,
Bonthe District,Bonthe Town,Red Cross (Bonthe) CHP,CHP,,
Bonthe District,Bonthe Town,York Island CHP,CHP,,
Bonthe District,Bum Chiefdom,Karlleh MCHP,MCHP,,
Bonthe District,Bum Chiefdom,Madina (Bum) CHC,CHC,,
Bonthe District,Bum Chiefdom,Mammy CHP,CHP,,
Bonthe District,Bum Chiefdom,Ngepehun CHP,CHP,,
Bonthe District,Bum Chiefdom,Ngessehun MCHP,MCHP,,
Bonthe District,Bum Chiefdom,Sogballeh MCHP,MCHP,,
Bonthe District,Bum Chiefdom,Tassor CHP,CHP,,
Bonthe District,Bum Chiefdom,Torma Bum CHP,CHP,,
Bonthe District,Dema Chiefdom,Bumpetoke (Dema) CHP,CHP,,
Bonthe District,Dema Chiefdom,Mbaoma (Dema) CHP,CHP,,
Bonthe District,Dema Chiefdom,Tissana (Dema) CHC,CHC,,
Bonthe District,Dema Chiefdom,Tombay CHP,CHP,,
Bonthe District,Imperi Chiefdom,Gaindema CHP,CHP,,
Bonthe District,Imperi Chiefdom,Gbamgbaia CHC,CHC,,
Bonthe District,Imperi Chiefdom,Gbamgbama CHC,CHC,,
Bonthe District,Imperi Chiefdom,Jangallor CHP,CHP,,
Bonthe District,Imperi Chiefdom,Junctionla MCHP,MCHP,,
Bonthe District,Imperi Chiefdom,Mo-Kepay CHP,CHP,,
Bonthe District,Imperi Chiefdom,Mogbwemo CHC,CHC,,
Bonthe District,Imperi Chiefdom,Mokaba MCHP,MCHP,,
Bonthe District,Imperi Chiefdom,Moriba Town (Imperri) CHC,CHC,,
Bonthe District,Imperi Chiefdom,Victoria MCHP,MCHP,,
Bonthe District,Imperi Chiefdom,Yargoi CHP,CHP,,
Bonthe District,Jong Chiefdom,Barbar MCHP,MCHP,,
Bonthe District,Jong Chiefdom,Gambia CHC,CHC,,
Bonthe District,Jong Chiefdom,Gbaninga CHP,CHP,,
Bonthe District,Jong Chiefdom,Jorma CHP,CHP,,
Bonthe District,Jong Chiefdom,Kabati CHP,CHP,,
Bonthe District,Jong Chiefdom,Komende (Jong) MCHP,MCHP,,
Bonthe District,Jong Chiefdom,Mattru CHC,CHC,,
Bonthe District,Jong Chiefdom,Mo-Savie MCHP,MCHP,,
Bonthe District,Jong Chiefdom,Mogbwe MCHP,MCHP,,
Bonthe District,Jong Chiefdom,Mongerewa MCHP,MCHP,,
Bonthe District,Jong Chiefdom,Moyowa MCHP,MCHP,,
Bonthe District,Jong Chiefdom,Red Cross (Mattru) CHP,CHP,,
Bonthe District,Jong Chiefdom,Segbwema (Jong) CHP,CHP,,
Bonthe District,Jong Chiefdom,Semabu (Jong) CHP,CHP,,
Bonthe District,Jong Chiefdom,Tissana (Jong) CHP,CHP,,
Bonthe District,Kpanda Kemoh Chiefdom,Gambia Popayma MCHP,MCHP,,
Bonthe District,Kpanda Kemoh Chiefdom,Gbongeh MCHP,MCHP,,
Bonthe District,Kpanda Kemoh Chiefdom,Lawana (Kpanda Kemo) MCHP,MCHP,,
Bonthe District,Kpanda Kemoh Chiefdom,Mottuo CHC,CHC,,
Bonthe District,Kpanda Kemoh Chiefdom,Senjehun MCHP,MCHP,,
Bonthe District,Kwamebai Krim Chiefdom,Benduma CHC,CHC,,
Bonthe District,Kwamebai Krim Chiefdom,Hoya CHP,CHP,,
Bonthe District,Kwamebai Krim Chiefdom,Massah Kpoanguma CHP,CHP,,
Bonthe District,Kwamebai Krim Chiefdom,Mosenteh CHP,CHP,,
Bonthe District,Kwamebai Krim Chiefdom,Tei CHP,CHP,,
Bonthe District,Kwamebai Krim Chiefdom,Topain CHP,CHP,,
Bonthe District,Nongoba Bullom Chiefdom,Batahall CHP,CHP,,
Bonthe District,Nongoba Bullom Chiefdom,Gbamani CHP,CHP,,
Bonthe District,Nongoba Bullom Chiefdom,Gbap CHC,CHC,,
Bonthe District,Nongoba Bullom Chiefdom,Maamu MCHP,MCHP,,
Bonthe District,Nongoba Bullom Chiefdom,Mbaoma Kpengeh CHC,CHC,,
Bonthe District,Nongoba Bullom Chiefdom,Mbaoma Kpengeh CHP,CHP,,
Bonthe District,Nongoba Bullom Chiefdom,Minah CHP,CHP,,
Bonthe District,Nongoba Bullom Chiefdom,Ngaringa MCHP,MCHP,,
Bonthe District,Nongoba Bullom Chiefdom,Sembehun (Nongoba Bullom) MCHP,MCHP,,
Bonthe District,Nongoba Bullom Chiefdom,Subu MCHP,MCHP,,
Bonthe District,Nongoba Bullom Chiefdom,Torma Gbagba CHP,CHP,,
Bonthe District,Nongoba Bullom Chiefdom,Waiba MCHP,MCHP,,
Bonthe District,Sittia Chiefdom,Delken CHC,CHC,,
Bonthe District,Sittia Chiefdom,Delken MCHP,MCHP,,
Bonthe District,Sittia Chiefdom,Mania MCHP,MCHP,,
Bonthe District,Sittia Chiefdom,Mbokie MCHP,MCHP,,
Bonthe District,Sittia Chiefdom,Mo-Sandi CHP,CHP,,
Bonthe District,Sittia Chiefdom,Ngepay CHP,CHP,,
Bonthe District,Sittia Chiefdom,Sanhaya CHP,CHP,,
Bonthe District,Sittia Chiefdom,Yoni (Sittia) CHC,CHC,,
Bonthe District,Sogbini Chiefdom,Grima (Sogbini) CHP,CHP,,
Bonthe District,Sogbini Chiefdom,Kanga (Sogbini) MCHP,MCHP,,
Bonthe District,Sogbini Chiefdom,Kpetema (Sogbini) MCHP,MCHP,,
Bonthe District,Sogbini Chiefdom,Mandu CHP,CHP,,
Bonthe District,Sogbini Chiefdom,Ngueh MCHP,MCHP,,
Bonthe District,Sogbini Chiefdom,Tihun CHC,CHC,,
Bonthe District,Yawbeko Chiefdom,Mobefa MCHP,MCHP,,
Bonthe District,Yawbeko Chiefdom,Sargor CHP,CHP,,
Bonthe District,Yawbeko Chiefdom,Senehun Gbloh MCHP,MCHP,,
Bonthe District,Yawbeko Chiefdom,Talia (Yawbeko) CHC,CHC,,
Bonthe District,Yawbeko Chiefdom,Tuakan CHP,CHP,,
Falaba District,Barawa Wollay Chiefdom,Banadakafaia CHP,CHP,,
Falaba District,Barawa Wollay Chiefdom,Bandakoro MCHP,MCHP,,
Falaba District,Barawa Wollay Chiefdom,Firawa CHC,CHC,,
Falaba District,Barawa Wollay Chiefdom,Konombaia CHP,CHP,,
Falaba District,Barawa Wollay Chiefdom,Kulanko MCHP,MCHP,,
Falaba District,Delmandugu Chiefdom,Deldu Kamaron MCHP,MCHP,,
Falaba District,Delmandugu Chiefdom,Mansadu CHC,CHC,,
Falaba District,Delmandugu Chiefdom,Masadu CHC,CHC,,
Falaba District,Delmandugu Chiefdom,Mongo Kamaron CHP,CHP,,
Falaba District,Delmandugu Chiefdom,Seremudu MCHP,MCHP,,
Falaba District,Delmandugu Chiefdom,Tambalia Balia MCHP,MCHP,,
Falaba District,Dembelia-Sinkunia Chiefdom,Fullamansa MCHP,MCHP,,
Falaba District,Dembelia-Sinkunia Chiefdom,Gbindi CHP,CHP,,
Falaba District,Dembelia-Sinkunia Chiefdom,Manna MCHP,MCHP,,
Falaba District,Dembelia-Sinkunia Chiefdom,Sinkunia CHC,CHC,,
Falaba District,Folosaba Dembelia Chiefdom,Dogoloya CHP,CHP,,
Falaba District,Folosaba Dembelia Chiefdom,Koromasilaia MCHP,MCHP,,
Falaba District,Folosaba Dembelia Chiefdom,Largo MCHP,MCHP,,
Falaba District,Folosaba Dembelia Chiefdom,Musaia (Dembelia) CHC,CHC,,
Falaba District,Folosaba Kamba Chiefdom,Gbentu CHC,CHC,,
Falaba District,Folosaba Kamba Chiefdom,Hamdalia MCHP,MCHP,,
Falaba District,Folosaba Kamba Chiefdom,Kalia MCHP,MCHP,,
Falaba District,Folosaba Kamba Chiefdom,Kamba Mamudia CHP,CHP,,
Falaba District,Kabelia Chiefdom,Ganya CHP,CHP,,
Falaba District,Kamadugu Yiraia Chiefdom,Dankawalie CHC,CHC,,
Falaba District,Kamadugu Yiraia Chiefdom,Kamadu Badala MCHP,MCHP,,
Falaba District,Kamadugu Yiraia Chiefdom,Kamadu Sokuralla CHP,CHP,,
Falaba District,Kamadugu Yiraia Chiefdom,Yiraia CHP,CHP,,
Falaba District,Kulor Saradu Chiefdom,Bandapirie CHP,CHP,,
Falaba District,Kulor Saradu Chiefdom,Durukoro MCHP,MCHP,,
Falaba District,Kulor Saradu Chiefdom,Kulia CHP,CHP,,
Falaba District,Kulor Saradu Chiefdom,Yarawadu MCHP,MCHP,,
Falaba District,Mongo Chiefdom,Mongo Bendugu CHC,CHC,,
Falaba District,Mongo Chiefdom,Mongo Karifaia MCHP,MCHP,,
Falaba District,Mongo Chiefdom,Seria CHP,CHP,,
Falaba District,Mongo Chiefdom,Walia MCHP,MCHP,,
Falaba District,Morifindu Chiefdom,Gberefeh MCHP,MCHP,,
Falaba District,Morifindu Chiefdom,Kombili CHP,CHP,,
Falaba District,Morifindu Chiefdom,Serekolia CHC,CHC,,
Falaba District,Morifindu Chiefdom,Tubah MCHP,MCHP,,
Falaba District,Neya Chiefdom,Banboria MCHP,MCHP,,
Falaba District,Neya Chiefdom,Kurubonla CHC,CHC,,
Falaba District,Neya Chiefdom,Mansofinia CHP,CHP,,
Falaba District,Neya Chiefdom,Porpon MCHP,MCHP,,
Falaba District,Nyedu Chiefdom,Bumbukoro CHC,CHC,,
Falaba District,Nyedu Chiefdom,Masonia MCHP,MCHP,,
Falaba District,Sulima Chiefdom,Falaba CHC,CHC,,
Falaba District,Sulima Chiefdom,Gberia Timbakor CHP,CHP,,
Falaba District,Sulima Chiefdom,Kaliyereh MCHP,MCHP,,
Falaba District,Sulima Chiefdom,Koindu Kura CHP,CHP,,
Falaba District,Sulima Chiefdom,Sonkoya MCHP,MCHP,,
Kailahun District,Dea Chiefdom,Baiwala CHP,CHP,,
Kailahun District,Dea Chiefdom,Nagbena CHP,CHP,,
Kailahun District,Dea Chiefdom,Sienga CHP,CHP,,
Kailahun District,Jahn Chiefdom,Gbeika CHP,CHP,,
Kailahun District,Jawei Chiefdom,Bombohun MCHP,MCHP,,
Kailahun District,Jawei Chiefdom,Daru CHC,CHC,,
Kailahun District,Jawei Chiefdom,Kambama CHP,CHP,,
Kailahun District,Jawei Chiefdom,Kortuma MCHP,MCHP,,
Kailahun District,Jawei Chiefdom,Mamabu CHP,CHP,,
Kailahun District,Jawei Chiefdom,Njala-Grima CHP,CHP,,
Kailahun District,Jawei Chiefdom,Nyeama CHP,CHP,,
Kailahun District,Jawei Chiefdom,Pellie CHP,CHP,,
Kailahun District,Jawei Chiefdom,Pewama CHP,CHP,,
Kailahun District,Kissi Kama Chiefdom,Dia CHC,CHC,,
Kailahun District,Kissi Kama Chiefdom,Foidu CHP,CHP,,
Kailahun District,Kissi Teng Chiefdom,Bayama (Kissi Teng) CHP,CHP,,
Kailahun District,Kissi Teng Chiefdom,Kangama (Kissi Teng) CHP,CHP,,
Kailahun District,Kissi Teng Chiefdom,Koindu CHC,CHC,,
Kailahun District,Kissi Tongi Chiefdom,Buedu CHC,CHC,,
Kailahun District,Kissi Tongi Chiefdom,Dawa CHP,CHP,,
Kailahun District,Kissi Tongi Chiefdom,Gbandiwulo CHP,CHP,,
Kailahun District,Kissi Tongi Chiefdom,Madopolahun CHP,CHP,,
Kailahun District,Kissi Tongi Chiefdom,Sandia (Kissi Tongi) MCHP,MCHP,,
Kailahun District,Kissi Tongi Chiefdom,Voahun CHP,CHP,,
Kailahun District,Kissi Tongi Chiefdom,Weh CHP,CHP,,
Kailahun District,Luawa Chiefdom,Bandajuma Sinneh MCHP,MCHP,,
Kailahun District,Luawa Chiefdom,Baoma (Luawa) CHP,CHP,,
Kailahun District,Luawa Chiefdom,Dodo-Kortuma CHP,CHP,,
Kailahun District,Luawa Chiefdom,Gbalahun CHP,CHP,,
Kailahun District,Luawa Chiefdom,Gbeworbu Gao CHP,CHP,,
Kailahun District,Luawa Chiefdom,Giema (Luawa) CHP,CHP,,
Kailahun District,Luawa Chiefdom,Jengbellu CHP,CHP,,
Kailahun District,Luawa Chiefdom,Konjo (Luawa) CHP,CHP,,
Kailahun District,Luawa Chiefdom,Kpandebu (Luawa) MCHP,MCHP,,
Kailahun District,Luawa Chiefdom,Luawa Under Fives CHC,CHC,,
Kailahun District,Luawa Chiefdom,Madina (Luawa) MCHP,MCHP,,
Kailahun District,Luawa Chiefdom,Mano-Sewalu CHP,CHP,,
Kailahun District,Luawa Chiefdom,Mende Buima MCHP,MCHP,,
Kailahun District,Luawa Chiefdom,Morfindor CHP,CHP,,
Kailahun District,Luawa Chiefdom,Ngiehun (Luawa) CHP,CHP,,
Kailahun District,Luawa Chiefdom,Nyandehun (Luawa) CHP,CHP,,
Kailahun District,Luawa Chiefdom,Sandeyallu CHP,CHP,,
Kailahun District,Luawa Chiefdom,Sengema (Luawa) CHP,CHP,,
Kailahun District,Luawa Chiefdom,Talia (Luawa) MCHP,MCHP,,
Kailahun District,Malema Chiefdom,Bumpeh (Malema) CHP,CHP,,
Kailahun District,Malema Chiefdom,Fobu CHP,CHP,,
Kailahun District,Malema Chiefdom,Jojoima CHC,CHC,,
Kailahun District,Malema Chiefdom,Madina (Malema) CHP,CHP,,
Kailahun District,Malema Chiefdom,Njama (Malema) MCHP,MCHP,,
Kailahun District,Mandu Chiefdom,Baiima CHP,CHP,,
Kailahun District,Mandu Chiefdom,Levuma (Mandu) CHP,CHP,,
Kailahun District,Mandu Chiefdom,Mobai CHC,CHC,,
Kailahun District,Mandu Chiefdom,Yoyah CHP,CHP,,
Kailahun District,Njaluahun Chiefdom,Bandajuma Kpolihun CHP,CHP,,
Kailahun District,Njaluahun Chiefdom,Dambu CHC,CHC,,
Kailahun District,Njaluahun Chiefdom,Follah MCHP,MCHP,,
Kailahun District,Njaluahun Chiefdom,Laleihun (Njaluahun) CHP,CHP,,
Kailahun District,Njaluahun Chiefdom,Mano-Menima CHP,CHP,,
Kailahun District,Njaluahun Chiefdom,Niahun Gbuyama CHP,CHP,,
Kailahun District,Njaluahun Chiefdom,Nixon Under Fives CHC,CHC,,
Kailahun District,Njaluahun Chiefdom,Nyandehun Nguvoihun CHP,CHP,,
Kailahun District,Njaluahun Chiefdom,Pendembu-Njeigbla CHP,CHP,,
Kailahun District,Njaluahun Chiefdom,Segbwema (Njaluahun) MCHP,MCHP,,
Kailahun District,Peje Bongre Chiefdom,Gbahama (Peje Bongre) CHP,CHP,,
Kailahun District,Peje Bongre Chiefdom,Grima MCHP,MCHP,,
Kailahun District,Peje Bongre Chiefdom,Mamboma (Peje Bongre) CHP,CHP,,
Kailahun District,Peje Bongre Chiefdom,Manowa CHC,CHC,,
Kailahun District,Peje Bongre Chiefdom,Ngolahun MCHP,MCHP,,
Kailahun District,Peje Bongre Chiefdom,Pujehun (Peje Bongre) CHP,CHP,,
Kailahun District,Peje West Chiefdom,Bunumbu CHC,CHC,,
Kailahun District,Peje West Chiefdom,Jokibu CHP,CHP,,
Kailahun District,Peje West Chiefdom,Peje Baoma CHP,CHP,,
Kailahun District,Peje West Chiefdom,Pejewa (Peje West) CHP,CHP,,
Kailahun District,Penguia Chiefdom,Kono-Bendu CHP,CHP,,
Kailahun District,Penguia Chiefdom,Lalehun CHP,CHP,,
Kailahun District,Penguia Chiefdom,Sandaru (Penguia) CHC,CHC,,
Kailahun District,Penguia Chiefdom,Woroma CHP,CHP,,
Kailahun District,Upper Bambara Chiefdom,Bomaru CHP,CHP,,
Kailahun District,Upper Bambara Chiefdom,Jenneh MCHP,MCHP,,
Kailahun District,Upper Bambara Chiefdom,Mendekelema (Upper Bambara) CHP,CHP,,
Kailahun District,Upper Bambara Chiefdom,Pendembu (Upper Bambara) CHC,CHC,,
Kailahun District,Upper Bambara Chiefdom,Siama (Upper Bambara) CHP,CHP,,
Kailahun District,Yawei Chiefdom,Bandajuma CHC,CHC,,
Kailahun District,Yawei Chiefdom,Bendu CHP,CHP,,
Kailahun District,Yawei Chiefdom,Kwellu-Ngieya CHP,CHP,,
Kailahun District,Yawei Chiefdom,Macca CHP,CHP,,
Kailahun District,Yawei Chiefdom,Malema (Yawei) CHP,CHP,,
Kailahun District,Yawei Chiefdom,Massayeima CHP,CHP,,
Kambia District,Bramaia Chiefdom,Gbolon MCHP,MCHP,,
Kambia District,Bramaia Chiefdom,Kanku Bramaia MCHP,MCHP,,
Kambia District,Bramaia Chiefdom,Kukuna CHC,CHC,,
Kambia District,Bramaia Chiefdom,Shekaia MCHP,MCHP,,
Kambia District,Dixon Chiefdom,Fodaya MCHP,MCHP,,
Kambia District,Dixon Chiefdom,Mafaray CHP,CHP,,
Kambia District,Gbinleh Chiefdom,Gbalamuya CHC,CHC,,
Kambia District,Gbinleh Chiefdom,Magbengbeh MCHP,MCHP,,
Kambia District,Gbinleh Chiefdom,Tawuya MCHP,MCHP,,
Kambia District,Gbinleh Chiefdom,Worreh MCHP,MCHP,,
Kambia District,Konimaka Chiefdom,Barakuya MCHP,MCHP,,
Kambia District,Konimaka Chiefdom,Konta (Bramaia) CHP,CHP,,
Kambia District,Magbema Chiefdom,Barmoi Luma CHP,CHP,,
Kambia District,Magbema Chiefdom,Dibia CHP,CHP,,
Kambia District,Magbema Chiefdom,Gbonkomaria CHP,CHP,,
Kambia District,Magbema Chiefdom,Kamba MCHP,MCHP,,
Kambia District,Magbema Chiefdom,Magbethy MCHP,MCHP,,
Kambia District,Magbema Chiefdom,Mathuraneh MCHP,MCHP,,
Kambia District,Magbema Chiefdom,Menicurve MCHP,MCHP,,
Kambia District,Magbema Chiefdom,Mile 18 MCHP,MCHP,,
Kambia District,Magbema Chiefdom,Modia MCHP,MCHP,,
Kambia District,Magbema Chiefdom,Red Cross (Magbema) CHP,CHP,,
Kambia District,Magbema Chiefdom,Rokupr CHC,CHC,,
Kambia District,Magbema Chiefdom,Senthai MCHP,MCHP,,
Kambia District,Magbema Chiefdom,Wullah Thenkle MCHP,MCHP,,
Kambia District,Mambolo Chiefdom,Kalainkay MCHP,MCHP,,
Kambia District,Mambolo Chiefdom,Macoth MCHP,MCHP,,
Kambia District,Mambolo Chiefdom,Mambolo (Kambia) CHC,CHC,,
Kambia District,Mambolo Chiefdom,Mayakie MCHP,MCHP,,
Kambia District,Mambolo Chiefdom,Rokel (Mambolo) MCHP,MCHP,,
Kambia District,Mambolo Chiefdom,Romando MCHP,MCHP,,
Kambia District,Mambolo Chiefdom,Rotain Bana CHP,CHP,,
Kambia District,Mambolo Chiefdom,Tombo Wallah CHP,CHP,,
Kambia District,Masumgbala Chiefdom,Kania CHC,CHC,,
Kambia District,Masumgbala Chiefdom,Kawula CHC,CHC,,
Kambia District,Munu Thalla Chiefdom,Banka Makuloh MCHP,MCHP,,
Kambia District,Munu Thalla Chiefdom,Barmoi Munu CHC,CHC,,
Kambia District,Munu Thalla Chiefdom,Gbalan Thallan MCHP,MCHP,,
Kambia District,Samu Chiefdom,Bapuya CHP,CHP,,
Kambia District,Samu Chiefdom,Kangbor MCHP,MCHP,,
Kambia District,Samu Chiefdom,Kassirie CHC,CHC,,
Kambia District,Samu Chiefdom,Kortimoh MCHP,MCHP,,
Kambia District,Samu Chiefdom,Koya (Samu) MCHP,MCHP,,
Kambia District,Samu Chiefdom,Kychom CHC,CHC,,
Kambia District,Samu Chiefdom,Mafufuneh CHC,CHC,,
Kambia District,Samu Chiefdom,Mange Bissan MCHP,MCHP,,
Kambia District,Samu Chiefdom,Mapotolon CHC,CHC,,
Kambia District,Samu Chiefdom,Moribaya MCHP,MCHP,,
Kambia District,Samu Chiefdom,Rokai MCHP,MCHP,,
Kambia District,Samu Chiefdom,Rosinor CHP,CHP,,
Kambia District,Samu Chiefdom,Soriebolomia MCHP,MCHP,,
Kambia District,Samu Chiefdom,Yelieboya CHP,CHP,,
Kambia District,Tonko Limba Chiefdom,Bubuya MCHP,MCHP,,
Kambia District,Tonko Limba Chiefdom,Kamagbewu MCHP,MCHP,,
Kambia District,Tonko Limba Chiefdom,Kamassasa CHC,CHC,,
Kambia District,Tonko Limba Chiefdom,Kamawala MCHP,MCHP,,
Kambia District,Tonko Limba Chiefdom,Kasoria CHP,CHP,,
Kambia District,Tonko Limba Chiefdom,Katherie MCHP,MCHP,,
Kambia District,Tonko Limba Chiefdom,Layia Gboray CHP,CHP,,
Kambia District,Tonko Limba Chiefdom,Madina (Tonko Limba) CHC,CHC,,
Kambia District,Tonko Limba Chiefdom,Masaralie MCHP,MCHP,,
Kambia District,Tonko Limba Chiefdom,Masselleh CHP,CHP,,
Kambia District,Tonko Limba Chiefdom,Masunthun CHP,CHP,,
Kambia District,Tonko Limba Chiefdom,Mile 14 CHP,CHP,,
Kambia District,Tonko Limba Chiefdom,Numea CHP,CHP,,
Kambia District,Tonko Limba Chiefdom,Samaia MCHP,MCHP,,
Kambia District,Tonko Limba Chiefdom,Sellah Kafta MCHP,MCHP,,
Kambia District,Tonko Limba Chiefdom,Timbo MCHP,MCHP,,
Kambia District,Tonko Limba Chiefdom,Yebaya MCHP,MCHP,,
Karene District,Buya Chiefdom,Kamasondo CHC,CHC,,
Karene District,Buya Chiefdom,Manumtheneh MCHP,MCHP,,
Karene District,Buya Chiefdom,Masamboi MCHP,MCHP,,
Karene District,Buya Chiefdom,Rosint Buya MCHP,MCHP,,
Karene District,Dibia Chiefdom,Gbinti CHC,CHC,,
Karene District,Dibia Chiefdom,Gbombana MCHP,MCHP,,
Karene District,Dibia Chiefdom,Magborognor MCHP,MCHP,,
Karene District,Dibia Chiefdom,Roctolon MCHP,MCHP,,
Karene District,Dibia Chiefdom,Rogballan (Dibia) CHP,CHP,,
Karene District,Gbanti (Karene) Chiefdom,Borongoh Makarankay MCHP,MCHP,,
Karene District,Gbanti (Karene) Chiefdom,Gbainkfay MCHP,MCHP,,
Karene District,Gbanti (Karene) Chiefdom,Gbanti CHP,CHP,,
Karene District,Gbanti (Karene) Chiefdom,Gbinti Maria MCHP,MCHP,,
Karene District,Gbanti (Karene) Chiefdom,Gbonkobana MCHP,MCHP,,
Karene District,Gbanti (Karene) Chiefdom,Kambia CHP,CHP,,
Karene District,Gormbahun Chiefdom,BatKanu CHC,CHC,,
Karene District,Gormbahun Chiefdom,Kiamunday MCHP,MCHP,,
Karene District,Gormbahun Chiefdom,Magbaingba MCHP,MCHP,,
Karene District,Gormbahun Chiefdom,Matoto MCHP,MCHP,,
Karene District,Mafonda Makerembay Chiefdom,Gbonkonka MCHP,MCHP,,
Karene District,Mafonda Makerembay Chiefdom,Rochain Loko CHP,CHP,,
Karene District,Romende Chiefdom,Foredugu MCHP,MCHP,,
Karene District,Romende Chiefdom,Gbomsamba MCHP,MCHP,,
Karene District,Romende Chiefdom,Mabureh Mende MCHP,MCHP,,
Karene District,Romende Chiefdom,Rokamba MCHP,MCHP,,
Karene District,Romende Chiefdom,Worreh Bana MCHP,MCHP,,
Karene District,Safroko Chiefdom,Maron CHP,CHP,,
Karene District,Sanda Loko Chiefdom,Kamalo CHC,CHC,,
Karene District,Sanda Loko Chiefdom,Laiya MCHP,MCHP,,
Karene District,Sanda Loko Chiefdom,Laminaya CHP,CHP,,
Karene District,Sanda Loko Chiefdom,Madina Fullah MCHP,MCHP,,
Karene District,Sanda Loko Chiefdom,Maharibo CHP,CHP,,
Karene District,Sanda Loko Chiefdom,Marcorba Loko MCHP,MCHP,,
Karene District,Sanda Loko Chiefdom,Mayolla CHP,CHP,,
Karene District,Sanda Loko Chiefdom,Rochain Salcost CHP,CHP,,
Karene District,Sanda Loko Chiefdom,Rothatha MCHP,MCHP,,
Karene District,Sanda Magbolonthor Chiefdom,Gbogbodo MCHP,MCHP,,
Karene District,Sanda Magbolonthor Chiefdom,Kantia MCHP,MCHP,,
Karene District,Sanda Magbolonthor Chiefdom,Komneh CHP,CHP,,
Karene District,Sanda Magbolonthor Chiefdom,Magbolonthor MCHP,MCHP,,
Karene District,Sanda Magbolonthor Chiefdom,Sendugu CHC,CHC,,
Karene District,Sanda Tendaren Chiefdom,Mabunduka CHC,CHC,,
Karene District,Sanda Tendaren Chiefdom,Malontho MCHP,MCHP,,
Karene District,Sanda Tendaren Chiefdom,Manack MCHP,MCHP,,
Karene District,Sanda Tendaren Chiefdom,Mateboi CHC,CHC,,
Karene District,Sanda Tendaren Chiefdom,Rogbin MCHP,MCHP,,
Karene District,Sanda Tendaren Chiefdom,Rokulan CHC,CHC,,
Karene District,Sanda Tendaren Chiefdom,Royanka Lol CHP,CHP,,
Karene District,Sella Limba Chiefdom,Kabba Ferry CHP,CHP,,
Karene District,Sella Limba Chiefdom,Kagboray MCHP,MCHP,,
Karene District,Sella Limba Chiefdom,Kamabaio MCHP,MCHP,,
Karene District,Sella Limba Chiefdom,Kamakwie CHP,CHP,,
Karene District,Sella Limba Chiefdom,Kamawornie MCHP,MCHP,,
Karene District,Sella Limba Chiefdom,Kaponkie MCHP,MCHP,,
Karene District,Sella Limba Chiefdom,Kathanta Yimbor CHC,CHC,,
Karene District,Sella Limba Chiefdom,Masankorie CHP,CHP,,
Karene District,Tambaka Simibungie Chiefdom,Komoya CHP,CHP,,
Karene District,Tambaka Simibungie Chiefdom,Samaya MCHP,MCHP,,
Karene District,Tambaka Yobangie Chiefdom,Dombaya CHP,CHP,,
Karene District,Tambaka Yobangie Chiefdom,Fintonia CHC,CHC,,
Karene District,Tambaka Yobangie Chiefdom,Sanya MCHP,MCHP,,
Kenema District,Dama Chiefdom,Diamei MCHP,MCHP,,
Kenema District,Dama Chiefdom,Gao MCHP,MCHP,,
Kenema District,Dama Chiefdom,Giema (Dama) CHP,CHP,,
Kenema District,Dama Chiefdom,Konia (Dama) MCHP,MCHP,,
Kenema District,Dama Chiefdom,Konjo (Dama) CHP,CHP,,
Kenema District,Dama Chiefdom,Kpandebu CHC,CHC,,
Kenema District,Dama Chiefdom,Lileima MCHP,MCHP,,
Kenema District,Dama Chiefdom,Loppa CHP,CHP,,
Kenema District,Dama Chiefdom,Majihun MCHP,MCHP,,
Kenema District,Dama Chiefdom,Patama MCHP,MCHP,,
Kenema District,Dama Chiefdom,Tawahun MCHP,MCHP,,
Kenema District,Dama Chiefdom,Tokpombu (Dama) CHP,CHP,,
Kenema District,Dodo Chiefdom,Dodo CHC,CHC,,
Kenema District,Dodo Chiefdom,Guala MCHP,MCHP,,
Kenema District,Dodo Chiefdom,Kundorma CHP,CHP,,
Kenema District,Dodo Chiefdom,Mbowohun CHP,CHP,,
Kenema District,Gaura Chiefdom,Joru CHC,CHC,,
Kenema District,Gaura Chiefdom,Kokoru CHP,CHP,,
Kenema District,Gaura Chiefdom,Mendekelema (Gaura) CHP,CHP,,
Kenema District,Gaura Chiefdom,Perrie MCHP,MCHP,,
Kenema District,Gaura Chiefdom,Sandaru (Gaura) MCHP,MCHP,,
Kenema District,Gaura Chiefdom,Sembehun (Gaura) MCHP,MCHP,,
Kenema District,Gaura Chiefdom,Tikonko (Gaura) MCHP,MCHP,,
Kenema District,Gaura Chiefdom,Venima CHP,CHP,,
Kenema District,Gorama Mende Chiefdom,Bambara Kaima CHP,CHP,,
Kenema District,Gorama Mende Chiefdom,Fomaya CHP,CHP,,
Kenema District,Gorama Mende Chiefdom,Konta (Gorama Mende) CHP,CHP,,
Kenema District,Gorama Mende Chiefdom,Kortuhun (Gorama Mende) MCHP,MCHP,,
Kenema District,Gorama Mende Chiefdom,Mondema CHC,CHC,,
Kenema District,Gorama Mende Chiefdom,Ngiegboiye CHP,CHP,,
Kenema District,Gorama Mende Chiefdom,Njagbewema (Gorama Mende) MCHP,MCHP,,
Kenema District,Gorama Mende Chiefdom,Punduru CHP,CHP,,
Kenema District,Gorama Mende Chiefdom,Tungie CHC,CHC,,
Kenema District,Kandu Leppiama Chiefdom,Baoma Oil Mill CHC,CHC,,
Kenema District,Kandu Leppiama Chiefdom,Diema MCHP,MCHP,,
Kenema District,Kandu Leppiama Chiefdom,Gbado CHP,CHP,,
Kenema District,Kandu Leppiama Chiefdom,Levuma (Kandu Leppiama) CHC,CHC,,
Kenema District,Kandu Leppiama Chiefdom,Sembehun (Kandu Leppiama) MCHP,MCHP,,
Kenema District,Kenema City,Burma 2 MCHP,MCHP,,
Kenema District,Kenema City,Degbuama MCHP,MCHP,,
Kenema District,Kenema City,Gbo-Kakajama 1 MCHP,MCHP,,
Kenema District,Kenema City,Gbo-Kakajama 2 MCHP,MCHP,,
Kenema District,Kenema City,Gbo-Lambayama 1 CHC,CHC,,
Kenema District,Kenema City,Gbo-Lambayama 2 MCHP,MCHP,,
Kenema District,Kenema City,Kenema Under Fives CHP,CHP,,
Kenema District,Kenema City,Kondebotihun MCHP,MCHP,,
Kenema District,Kenema City,Koyagbema MCHP,MCHP,,
Kenema District,Kenema City,Kpayama 1 MCHP,MCHP,,
Kenema District,Kenema City,Kpayama 2 MCHP,MCHP,,
Kenema District,Kenema City,Kpetema (Kenema City) CHC,CHC,,
Kenema District,Kenema City,Lango Town MCHP,MCHP,,
Kenema District,Kenema City,Nongowa Static MCHP,MCHP,,
Kenema District,Kenema City,Nyandeyama MCHP,MCHP,,
Kenema District,Kenema City,Red Cross (Kenema City) CHP,CHP,,
Kenema District,Kenema City,Samai Town CHC,CHC,,
Kenema District,Kenema City,Torkpombu MCHP,MCHP,,
Kenema District,Koya (Kenema) Chiefdom,Baoma (Koya) CHC,CHC,,
Kenema District,Koya (Kenema) Chiefdom,Bongor (Koya) MCHP,MCHP,,
Kenema District,Koya (Kenema) Chiefdom,Jui (Koya) CHP,CHP,,
Kenema District,Koya (Kenema) Chiefdom,Menima MCHP,MCHP,,
Kenema District,Koya (Kenema) Chiefdom,Njaluahun (Koya) MCHP,MCHP,,
Kenema District,Koya (Kenema) Chiefdom,Nyandehun (Koya) MCHP,MCHP,,
Kenema District,Koya (Kenema) Chiefdom,Serabu (Koya) CHP,CHP,,
Kenema District,Langroma Chiefdom,Woyama MCHP,MCHP,,
Kenema District,Langroma Chiefdom,Yabaima CHP,CHP,,
Kenema District,Lower Bambara Chiefdom,Bomie MCHP,MCHP,,
Kenema District,Lower Bambara Chiefdom,Foindu (Lower Bambara) CHC,CHC,,
Kenema District,Lower Bambara Chiefdom,Foindu (Lower Bambara) CHP,CHP,,
Kenema District,Lower Bambara Chiefdom,Kamboma (Lower Bambara) CHC,CHC,,
Kenema District,Lower Bambara Chiefdom,Kamboma (Lower Bambara) MCHP,MCHP,,
Kenema District,Lower Bambara Chiefdom,Komende Getewalu CHP,CHP,,
Kenema District,Lower Bambara Chiefdom,Komende Luyema MCHP,MCHP,,
Kenema District,Lower Bambara Chiefdom,Konjo (Lower Bambara) CHC,CHC,,
Kenema District,Lower Bambara Chiefdom,Konjo (Lower Bambara) MCHP,MCHP,,
Kenema District,Lower Bambara Chiefdom,Kornia Kpindema CHP,CHP,,
Kenema District,Lower Bambara Chiefdom,Kpandebu (Lower Bambara) CHC,CHC,,
Kenema District,Lower Bambara Chiefdom,Kpandebu (Lower Bambara) MCHP,MCHP,,
Kenema District,Lower Bambara Chiefdom,Kpetema (Lower Bambara) CHP,CHP,,
Kenema District,Lower Bambara Chiefdom,Lowoma (Lower Bambara) CHC,CHC,,
Kenema District,Lower Bambara Chiefdom,Ngiehun (Lower Bambara) CHC,CHC,,
Kenema District,Lower Bambara Chiefdom,Njagbahun (Lower Bambara) MCHP,MCHP,,
Kenema District,Lower Bambara Chiefdom,Panguma CHC,CHC,,
Kenema District,Lower Bambara Chiefdom,Pelewahun (Lower Bambara) MCHP,MCHP,,
Kenema District,Lower Bambara Chiefdom,Saama CHP,CHP,,
Kenema District,Lower Bambara Chiefdom,Sandeyiema MCHP,MCHP,,
Kenema District,Lower Bambara Chiefdom,Sembiema MCHP,MCHP,,
Kenema District,Lower Bambara Chiefdom,Semewabu MCHP,MCHP,,
Kenema District,Lower Bambara Chiefdom,Tongo CHC,CHC,,
Kenema District,Lower Bambara Chiefdom,Wiema CHC,CHC,,
Kenema District,Malegohun Chiefdom,Bendu (Malegohun) CHC,CHC,,
Kenema District,Malegohun Chiefdom,Benduma (Malegohun) MCHP,MCHP,,
Kenema District,Malegohun Chiefdom,Helegombu MCHP,MCHP,,
Kenema District,Malegohun Chiefdom,Ngiehun Konjo CHP,CHP,,
Kenema District,Niawa Chiefdom,Bandawor MCHP,MCHP,,
Kenema District,Niawa Chiefdom,Gandorhun (Niawa) CHP,CHP,,
Kenema District,Niawa Chiefdom,Sendumei CHC,CHC,,
Kenema District,Nomo Chiefdom,Baoma (Nomo) CHP,CHP,,
Kenema District,Nomo Chiefdom,Damabara MCHP,MCHP,,
Kenema District,Nomo Chiefdom,Faama CHC,CHC,,
Kenema District,Nongowa Chiefdom,Bambawo MCHP,MCHP,,
Kenema District,Nongowa Chiefdom,Hangah CHC,CHC,,
Kenema District,Nongowa Chiefdom,Jormu (Nongowa) CHP,CHP,,
Kenema District,Nongowa Chiefdom,Komende (Nongowa) MCHP,MCHP,,
Kenema District,Nongowa Chiefdom,Konabu MCHP,MCHP,,
Kenema District,Nongowa Chiefdom,Largo CHC,CHC,,
Kenema District,Nongowa Chiefdom,Massahun MCHP,MCHP,,
Kenema District,Nongowa Chiefdom,Ngelehun (Nongowa) MCHP,MCHP,,
Kenema District,Nongowa Chiefdom,Niahun Buima MCHP,MCHP,,
Kenema District,Nongowa Chiefdom,Niekabu CHC,CHC,,
Kenema District,Nongowa Chiefdom,Panderu MCHP,MCHP,,
Kenema District,Nongowa Chiefdom,Potehun MCHP,MCHP,,
Kenema District,Nongowa Chiefdom,Talia (Nongowa) CHC,CHC,,
Kenema District,Nongowa Chiefdom,Vaahun MCHP,MCHP,,
Kenema District,Simbaru Chiefdom,Boajibu CHC,CHC,,
Kenema District,Simbaru Chiefdom,Gbageima MCHP,MCHP,,
Kenema District,Small Bo Chiefdom,Blama CHC,CHC,,
Kenema District,Small Bo Chiefdom,Doujo CHP,CHP,,
Kenema District,Small Bo Chiefdom,Gelehun MCHP,MCHP,,
Kenema District,Small Bo Chiefdom,London (Blama) MCHP,MCHP,,
Kenema District,Small Bo Chiefdom,Nyangbe-Bo MCHP,MCHP,,
Kenema District,Small Bo Chiefdom,Sarabu CHP,CHP,,
Kenema District,Small Bo Chiefdom,Tobanda CHC,CHC,,
Kenema District,Tunkia Chiefdom,Belebu CHP,CHP,,
Kenema District,Tunkia Chiefdom,Fayiema CHP,CHP,,
Kenema District,Tunkia Chiefdom,Gbeworbu CHP,CHP,,
Kenema District,Tunkia Chiefdom,Gegbwema CHC,CHC,,
Kenema District,Tunkia Chiefdom,Gorahun CHC,CHC,,
Kenema District,Tunkia Chiefdom,Jao (Tunkia) CHP,CHP,,
Kenema District,Tunkia Chiefdom,Mano Ngiebla CHP,CHP,,
Kenema District,Tunkia Chiefdom,Ngiewahun CHP,CHP,,
Kenema District,Tunkia Chiefdom,Nyiemiga MCHP,MCHP,,
Kenema District,Tunkia Chiefdom,Shenge MCHP,MCHP,,
Kenema District,Wandor Chiefdom,Baama CHC,CHC,,
Kenema District,Wandor Chiefdom,Bambara MCHP,MCHP,,
Kenema District,Wandor Chiefdom,Faala CHP,CHP,,
Kenema District,Wandor Chiefdom,Gendema MCHP,MCHP,,
Kenema District,Wandor Chiefdom,Kamboma (Wandor) MCHP,MCHP,,
Koinadugu District,Diang Chiefdom,Badala MCHP,MCHP,,
Koinadugu District,Diang Chiefdom,Dalakuru CHP,CHP,,
Koinadugu District,Diang Chiefdom,Diang Kamaron MCHP,MCHP,,
Koinadugu District,Diang Chiefdom,Diang Sokurala MCHP,MCHP,,
Koinadugu District,Diang Chiefdom,Foria CHP,CHP,,
Koinadugu District,Diang Chiefdom,Kania (Diang) CHP,CHP,,
Koinadugu District,Diang Chiefdom,Kondembaia CHC,CHC,,
Koinadugu District,Diang Chiefdom,Lengekoro CHP,CHP,,
Koinadugu District,Diang Chiefdom,Nyawulia MCHP,MCHP,,
Koinadugu District,Diang Chiefdom,Solia MCHP,MCHP,,
Koinadugu District,Diang Chiefdom,Waia MCHP,MCHP,,
Koinadugu District,Diang Chiefdom,Yara CHP,CHP,,
Koinadugu District,Diang Chiefdom,Yiben MCHP,MCHP,,
Koinadugu District,Gbonkorbor Kayaka Chiefdom,Kakarima MCHP,MCHP,,
Koinadugu District,Gbonkorbor Kayaka Chiefdom,Kasassie CHP,CHP,,
Koinadugu District,Gbonkorbor Kayaka Chiefdom,Madina Gbonkorbor CHP,CHP,,
Koinadugu District,Gbonkorbor Kayaka Chiefdom,Sawuria CHP,CHP,,
Koinadugu District,Kallian Chiefdom,Alkalia CHP,CHP,,
Koinadugu District,Kallian Chiefdom,Kandeya MCHP,MCHP,,
Koinadugu District,Kallian Chiefdom,Kumala CHP,CHP,,
Koinadugu District,Kallian Chiefdom,Sesawulia MCHP,MCHP,,
Koinadugu District,Kallian Chiefdom,Tukolie CHP,CHP,,
Koinadugu District,Kallian Chiefdom,Worombalia MCHP,MCHP,,
Koinadugu District,Kamukeh Chiefdom,Kambalia MCHP,MCHP,,
Koinadugu District,Kamukeh Chiefdom,Kambia MCHP,MCHP,,
Koinadugu District,Kamukeh Chiefdom,Mandia MCHP,MCHP,,
Koinadugu District,Kamukeh Chiefdom,Thellia CHP,CHP,,
Koinadugu District,Kasunko Kakellay Chiefdom,Fadugu CHC,CHC,,
Koinadugu District,Kasunko Kakellay Chiefdom,Kagbasia MCHP,MCHP,,
Koinadugu District,Kasunko Kakellay Chiefdom,Kassasie Kakeleh MCHP,MCHP,,
Koinadugu District,Kasunko Kakellay Chiefdom,Madina Kamandie MCHP,MCHP,,
Koinadugu District,Kasunko Kakellay Chiefdom,Sawuria CHP,CHP,,
Koinadugu District,Nieni Chiefdom,Fankoya CHP,CHP,,
Koinadugu District,Nieni Chiefdom,Kaya MCHP,MCHP,,
Koinadugu District,Nieni Chiefdom,Krutor CHP,CHP,,
Koinadugu District,Nieni Chiefdom,Mangae MCHP,MCHP,,
Koinadugu District,Nieni Chiefdom,Safinia MCHP,MCHP,,
Koinadugu District,Nieni Chiefdom,Sumbaria CHP,CHP,,
Koinadugu District,Nieni Chiefdom,Yiffin CHC,CHC,,
Koinadugu District,Sengbeh Chiefdom,Bambukoro CHP,CHP,,
Koinadugu District,Sengbeh Chiefdom,Bambukura MCHP,MCHP,,
Koinadugu District,Sengbeh Chiefdom,Gbenikoro MCHP,MCHP,,
Koinadugu District,Sengbeh Chiefdom,Koinadugu 2 CHC,CHC,,
Koinadugu District,Sengbeh Chiefdom,Kondeya (Sengbeh) MCHP,MCHP,,
Koinadugu District,Sengbeh Chiefdom,Momorimaria MCHP,MCHP,,
Koinadugu District,Thamiso Chiefdom,Kamathoi MCHP,MCHP,,
Koinadugu District,Thamiso Chiefdom,Karasa MCHP,MCHP,,
Koinadugu District,Thamiso Chiefdom,Kasanikoro CHP,CHP,,
Koinadugu District,Wara Wara Bafodia Chiefdom,Bafodia CHC,CHC,,
Koinadugu District,Wara Wara Bafodia Chiefdom,Kadanso MCHP,MCHP,,
Koinadugu District,Wara Wara Bafodia Chiefdom,Kakoya MCHP,MCHP,,
Koinadugu District,Wara Wara Bafodia Chiefdom,Karpakie MCHP,MCHP,,
Koinadugu District,Wara Wara Bafodia Chiefdom,Sakuta MCHP,MCHP,,
Koinadugu District,Wara Wara Bafodia Chiefdom,Samamaia MCHP,MCHP,,
Koinadugu District,Wara Wara Yagala Chiefdom,Heremakono CHP,CHP,,
Koinadugu District,Wara Wara Yagala Chiefdom,Kabala Static CHC,CHC,,
Koinadugu District,Wara Wara Yagala Chiefdom,Kayako MCHP,MCHP,,
Koinadugu District,Wara Wara Yagala Chiefdom,Konkoba MCHP,MCHP,,
Koinadugu District,Wara Wara Yagala Chiefdom,Mamudia Koro MCHP,MCHP,,
Koinadugu District,Wara Wara Yagala Chiefdom,Sarakoh MCHP,MCHP,,
Koinadugu District,Wara Wara Yagala Chiefdom,Senekedugu CHP,CHP,,
Koinadugu District,Wara Wara Yagala Chiefdom,Yataya CHP,CHP,,
Kono District,Fiama Chiefdom,Bandasuma (Fiama) CHP,CHP,,
Kono District,Fiama Chiefdom,Bombordu CHP,CHP,,
Kono District,Fiama Chiefdom,Gbetema (Fiama) MCHP,MCHP,,
Kono District,Fiama Chiefdom,Njagbwema (Fiama) CHC,CHC,,
Kono District,Fiama Chiefdom,Yekior MCHP,MCHP,,
Kono District,Gbane Chiefdom,Bandama (Gbane) MCHP,MCHP,,
Kono District,Gbane Chiefdom,Fembedu CHP,CHP,,
Kono District,Gbane Chiefdom,Foindu (Gbane) CHP,CHP,,
Kono District,Gbane Chiefdom,Gandorhun (Gbane) CHC,CHC,,
Kono District,Gbane Chiefdom,Kanekor MCHP,MCHP,,
Kono District,Gbane Chiefdom,Kuangor MCHP,MCHP,,
Kono District,Gbane Chiefdom,Mbaoma (Gbane) CHP,CHP,,
Kono District,Gbane Chiefdom,Sunga MCHP,MCHP,,
Kono District,Gbane Kandor Chiefdom,Koardu CHC,CHC,,
Kono District,Gbane Kandor Chiefdom,Sindadu MCHP,MCHP,,
Kono District,Gbense Chiefdom,Boroma CHP,CHP,,
Kono District,Gbense Chiefdom,Gbangadu MCHP,MCHP,,
Kono District,Gbense Chiefdom,Koakor MCHP,MCHP,,
Kono District,Gbense Chiefdom,Musa and Family CHC,CHC,,
Kono District,Gbense Chiefdom,Quidadu MCHP,MCHP,,
Kono District,Gbense Chiefdom,Small Sefadu CHP,CHP,,
Kono District,Gorama Kono Chiefdom,Bunabu CHP,CHP,,
Kono District,Gorama Kono Chiefdom,Kangama (Gorama Kono) CHC,CHC,,
Kono District,Gorama Kono Chiefdom,Njagbwema (Gorama Kono) CHP,CHP,,
Kono District,Gorama Kono Chiefdom,Torkpumbu MCHP,MCHP,,
Kono District,Kamara Chiefdom,Peyima CHP,CHP,,
Kono District,Kamara Chiefdom,Samiquidu MCHP,MCHP,,
Kono District,Kamara Chiefdom,Sukudu (Kamara) CHP,CHP,,
Kono District,Kamara Chiefdom,Tombodu CHC,CHC,,
Kono District,Koidu New Sembehun City,Adama Martha Memorial CHC,CHC,,
Kono District,Koidu New Sembehun City,Kamadu CHP,CHP,,
Kono District,Koidu New Sembehun City,Kensay CHP,CHP,,
Kono District,Koidu New Sembehun City,Kimbadu CHC,CHC,,
Kono District,Koidu New Sembehun City,Kissi Bona CHP,CHP,,
Kono District,Koidu New Sembehun City,Koakoyima CHC,CHC,,
Kono District,Koidu New Sembehun City,Koeyor CHP,CHP,,
Kono District,Koidu New Sembehun City,Koidu Static CHC,CHC,,
Kono District,Koidu New Sembehun City,Koidu Static CHP,CHP,,
Kono District,Koidu New Sembehun City,Simbakoro MCHP,MCHP,,
Kono District,Koidu New Sembehun City,Small Sefadu CHP,CHP,,
Kono District,Lei Chiefdom,Foakor MCHP,MCHP,,
Kono District,Lei Chiefdom,Gbongongor MCHP,MCHP,,
Kono District,Lei Chiefdom,Kenewa MCHP,MCHP,,
Kono District,Lei Chiefdom,Koima (Lei) MCHP,MCHP,,
Kono District,Lei Chiefdom,Komba Yendeh CHC,CHC,,
Kono District,Lei Chiefdom,Kongoifeh CHP,CHP,,
Kono District,Lei Chiefdom,Kulunbaya CHP,CHP,,
Kono District,Lei Chiefdom,Kunundu MCHP,MCHP,,
Kono District,Lei Chiefdom,Saiama (Lei) CHP,CHP,,
Kono District,Mafindor Chiefdom,Kamiendor CHC,CHC,,
Kono District,Mafindor Chiefdom,Kamiendor MCHP,MCHP,,
Kono District,Mafindor Chiefdom,Koindu-Kuteh MCHP,MCHP,,
Kono District,Mafindor Chiefdom,Sambaya (Mafindor) CHP,CHP,,
Kono District,Nimikoro Chiefdom,Bumpeh (Nimikoro) CHC,CHC,,
Kono District,Nimikoro Chiefdom,Bumpeh (Nimikoro) CHP,CHP,,
Kono District,Nimikoro Chiefdom,Gondama (Nimikoro) MCHP,MCHP,,
Kono District,Nimikoro Chiefdom,Jaiama CHC,CHC,,
Kono District,Nimikoro Chiefdom,Mansundu (Nimikoro) MCHP,MCHP,,
Kono District,Nimikoro Chiefdom,Motema CHC,CHC,,
Kono District,Nimikoro Chiefdom,Ngaiya MCHP,MCHP,,
Kono District,Nimikoro Chiefdom,Njagbwema (Nimikoro) CHC,CHC,,
Kono District,Nimikoro Chiefdom,Njagbwema (Nimikoro) CHP,CHP,,
Kono District,Nimikoro Chiefdom,Njala (Nimikoro) CHC,CHC,,
Kono District,Nimikoro Chiefdom,Seidu MCHP,MCHP,,
Kono District,Nimikoro Chiefdom,Senjekoro MCHP,MCHP,,
Kono District,Nimikoro Chiefdom,Tongorma MCHP,MCHP,,
Kono District,Nimikoro Chiefdom,Yengema (Nimikoro) CHC,CHC,,
Kono District,Nimiyama Chiefdom,Condama CHP,CHP,,
Kono District,Nimiyama Chiefdom,Jaiama Sewafe CHC,CHC,,
Kono District,Nimiyama Chiefdom,Massabendu MCHP,MCHP,,
Kono District,Nimiyama Chiefdom,Ngo Town CHP,CHP,,
Kono District,Nimiyama Chiefdom,Peya MCHP,MCHP,,
Kono District,Nimiyama Chiefdom,Sandia (Nimiyama) MCHP,MCHP,,
Kono District,Nimiyama Chiefdom,Walihun (Nimiyama) MCHP,MCHP,,
Kono District,Sandor Chiefdom,Bangambaya CHP,CHP,,
Kono District,Sandor Chiefdom,Dunamor CHP,CHP,,
Kono District,Sandor Chiefdom,Fabandu MCHP,MCHP,,
Kono District,Sandor Chiefdom,Fanema MCHP,MCHP,,
Kono District,Sandor Chiefdom,Fensedu MCHP,MCHP,,
Kono District,Sandor Chiefdom,Gbambiadu MCHP,MCHP,,
Kono District,Sandor Chiefdom,Gbeya MCHP,MCHP,,
Kono District,Sandor Chiefdom,Kayima CHC,CHC,,
Kono District,Sandor Chiefdom,Kochero MCHP,MCHP,,
Kono District,Sandor Chiefdom,Koima (Sandor) MCHP,MCHP,,
Kono District,Sandor Chiefdom,Kondeya (Sandor) MCHP,MCHP,,
Kono District,Sandor Chiefdom,Mansundu (Sandor) MCHP,MCHP,,
Kono District,Sandor Chiefdom,Samandu MCHP,MCHP,,
Kono District,Sandor Chiefdom,Seidu Sandor MCHP,MCHP,,
Kono District,Sandor Chiefdom,Taiya MCHP,MCHP,,
Kono District,Sandor Chiefdom,Tefeya CHC,CHC,,
Kono District,Sandor Chiefdom,Tefeya CHP,CHP,,
Kono District,Sandor Chiefdom,Wordu CHP,CHP,,
Kono District,Sandor Chiefdom,Yardu CHC,CHC,,
Kono District,Sandor Chiefdom,Yardu MCHP,MCHP,,
Kono District,Sandor Chiefdom,Yengema Sandor CHP,CHP,,
Kono District,Sandor Chiefdom,Yormandu CHC,CHC,,
Kono District,Soa Chiefdom,Bandasuma (Soa) MCHP,MCHP,,
Kono District,Soa Chiefdom,Feuror MCHP,MCHP,,
Kono District,Soa Chiefdom,Foindu Mongor CHP,CHP,,
Kono District,Soa Chiefdom,Gbamandu MCHP,MCHP,,
Kono District,Soa Chiefdom,Kainkordu CHC,CHC,,
Kono District,Soa Chiefdom,Kainkordu CHP,CHP,,
Kono District,Soa Chiefdom,Kamindu MCHP,MCHP,,
Kono District,Soa Chiefdom,Manjama CHC,CHC,,
Kono District,Soa Chiefdom,Manjama MCHP,MCHP,,
Kono District,Soa Chiefdom,Semendu MCHP,MCHP,,
Kono District,Soa Chiefdom,Sukudu (Soa) MCHP,MCHP,,
Kono District,Tankoro Chiefdom,Adama Marth Memorial CHC,CHC,,
Kono District,Tankoro Chiefdom,Baiama CHC,CHC,,
Kono District,Tankoro Chiefdom,Kensay CHP,CHP,,
Kono District,Tankoro Chiefdom,Kimbadu CHC,CHC,,
Kono District,Tankoro Chiefdom,Kissi Bona CHP,CHP,,
Kono District,Tankoro Chiefdom,Koakoyima CHC,CHC,,
Kono District,Tankoro Chiefdom,Koyadu CHC,CHC,,
Kono District,Tankoro Chiefdom,Tongoro MCHP,MCHP,,
Kono District,Tankoro Chiefdom,Woama CHP,CHP,,
Kono District,Toli Chiefdom,Kondewakoro MCHP,MCHP,,
Kono District,Toli Chiefdom,Kpetema (Toli) MCHP,MCHP,,
Moyamba District,Bagruwa Chiefdom,Benkeh MCHP,MCHP,,
Moyamba District,Bagruwa Chiefdom,Kawaya CHP,CHP,,
Moyamba District,Bagruwa Chiefdom,Mokassie CHP,CHP,,
Moyamba District,Bagruwa Chiefdom,Mosenegor MCHP,MCHP,,
Moyamba District,Bagruwa Chiefdom,Ngiebu CHC,CHC,,
Moyamba District,Bagruwa Chiefdom,Sembehun (Bagruwa) CHC,CHC,,
Moyamba District,Bagruwa Chiefdom,Sembehunwo MCHP,MCHP,,
Moyamba District,Bumpeh Chiefdom,Belletin CHP,CHP,,
Moyamba District,Bumpeh Chiefdom,Bumpeh River CHP,CHP,,
Moyamba District,Bumpeh Chiefdom,Mende Town MCHP,MCHP,,
Moyamba District,Bumpeh Chiefdom,Moforay MCHP,MCHP,,
Moyamba District,Bumpeh Chiefdom,Mokaiyegbeh MCHP,MCHP,,
Moyamba District,Bumpeh Chiefdom,Mosella CHP,CHP,,
Moyamba District,Bumpeh Chiefdom,Motorbong MCHP,MCHP,,
Moyamba District,Bumpeh Chiefdom,Moyeamoh CHP,CHP,,
Moyamba District,Bumpeh Chiefdom,Rotifunk CHC,CHC,,
Moyamba District,Bumpeh Chiefdom,Sahun (Bumpeh) MCHP,MCHP,,
Moyamba District,Bumpeh Chiefdom,Samu CHP,CHP,,
Moyamba District,Bumpeh Chiefdom,Seweima MCHP,MCHP,,
Moyamba District,Bumpeh Chiefdom,Yenkessa MCHP,MCHP,,
Moyamba District,Dasse Chiefdom,Bambuibu Tommy MCHP,MCHP,,
Moyamba District,Dasse Chiefdom,Hope Rising CHP,CHP,,
Moyamba District,Dasse Chiefdom,Kabaima MCHP,MCHP,,
Moyamba District,Dasse Chiefdom,Kenema Gbandoma MCHP,MCHP,,
Moyamba District,Dasse Chiefdom,Mano (Dasse) CHC,CHC,,
Moyamba District,Dasse Chiefdom,Mogbaske CHP,CHP,,
Moyamba District,Dasse Chiefdom,Taninihun Kapuima MCHP,MCHP,,
Moyamba District,Fakunya Chiefdom,Falaba MCHP,MCHP,,
Moyamba District,Fakunya Chiefdom,Gandorhun (Fakunya) CHC,CHC,,
Moyamba District,Fakunya Chiefdom,Mokalley MCHP,MCHP,,
Moyamba District,Fakunya Chiefdom,Mokorewa MCHP,MCHP,,
Moyamba District,Fakunya Chiefdom,Moyamba Junction CHC,CHC,,
Moyamba District,Fakunya Chiefdom,Moyollo MCHP,MCHP,,
Moyamba District,Fakunya Chiefdom,Njagbahun (Fakunya) MCHP,MCHP,,
Moyamba District,Fakunya Chiefdom,Rotawa CHP,CHP,,
Moyamba District,Kaiyamba Chiefdom,Gbonjeima MCHP,MCHP,,
Moyamba District,Kaiyamba Chiefdom,Kangahun CHC,CHC,,
Moyamba District,Kaiyamba Chiefdom,Komende (Kaiyamba) MCHP,MCHP,,
Moyamba District,Kaiyamba Chiefdom,Korgbotuma MCHP,MCHP,,
Moyamba District,Kaiyamba Chiefdom,Levuma (Kaiyamba) MCHP,MCHP,,
Moyamba District,Kaiyamba Chiefdom,Moyamba Static 1 CHP,CHP,,
Moyamba District,Kaiyamba Chiefdom,Moyamba Static 2 CHC,CHC,,
Moyamba District,Kaiyamba Chiefdom,Salina CHP,CHP,,
Moyamba District,Kaiyamba Chiefdom,Yoyema MCHP,MCHP,,
Moyamba District,Kamajei Chiefdom,Gondama (Kamajei) CHP,CHP,,
Moyamba District,Kamajei Chiefdom,Joyah MCHP,MCHP,,
Moyamba District,Kamajei Chiefdom,Mogbuama MCHP,MCHP,,
Moyamba District,Kamajei Chiefdom,Senehun (Kamajei) CHC,CHC,,
Moyamba District,Kargboro Chiefdom,Bumpetoke (Kargboro) CHP,CHP,,
Moyamba District,Kargboro Chiefdom,Mokaisumana CHP,CHP,,
Moyamba District,Kargboro Chiefdom,Mokandoh CHP,CHP,,
Moyamba District,Kargboro Chiefdom,Mokobo MCHP,MCHP,,
Moyamba District,Kargboro Chiefdom,Mokonbetty MCHP,MCHP,,
Moyamba District,Kargboro Chiefdom,Mopailleh MCHP,MCHP,,
Moyamba District,Kargboro Chiefdom,Ngeihun (Kargboro) MCHP,MCHP,,
Moyamba District,Kargboro Chiefdom,Plaintain Island MCHP,MCHP,,
Moyamba District,Kargboro Chiefdom,Shenge CHC,CHC,,
Moyamba District,Kargboro Chiefdom,Yorgbofore CHC,CHC,,
Moyamba District,Kargboro Chiefdom,Yorgbofore MCHP,MCHP,,
Moyamba District,Kargboro Chiefdom,Youndu CHP,CHP,,
Moyamba District,Kongbora Chiefdom,Bauya (Kongbora) CHC,CHC,,
Moyamba District,Kongbora Chiefdom,Lawana (Kongbora) MCHP,MCHP,,
Moyamba District,Kongbora Chiefdom,Levuma Nyomeh CHP,CHP,,
Moyamba District,Kongbora Chiefdom,Magbenka CHP,CHP,,
Moyamba District,Kongbora Chiefdom,Taninihun Mboka MCHP,MCHP,,
Moyamba District,Kori Chiefdom,Bai Largo MCHP,MCHP,,
Moyamba District,Kori Chiefdom,Fogbo (Kori) CHP,CHP,,
Moyamba District,Kori Chiefdom,Gbuihun MCHP,MCHP,,
Moyamba District,Kori Chiefdom,Judy Smith CHP,CHP,,
Moyamba District,Kori Chiefdom,Juma MCHP,MCHP,,
Moyamba District,Kori Chiefdom,Konda CHP,CHP,,
Moyamba District,Kori Chiefdom,Manjeihun MCHP,MCHP,,
Moyamba District,Kori Chiefdom,Mosongo MCHP,MCHP,,
Moyamba District,Kori Chiefdom,Njala (Kori) CHC,CHC,,
Moyamba District,Kori Chiefdom,Taiama (Kori) CHC,CHC,,
Moyamba District,Kori Chiefdom,United Methodist Church Taiama CHP,CHP,,
Moyamba District,Kori Chiefdom,Waiima (Kori) MCHP,MCHP,,
Moyamba District,Kowa Chiefdom,Bendu (Kowa) MCHP,MCHP,,
Moyamba District,Kowa Chiefdom,Mofombo MCHP,MCHP,,
Moyamba District,Kowa Chiefdom,Njama (Kowa) CHC,CHC,,
Moyamba District,Kowa Chiefdom,Tabe MCHP,MCHP,,
Moyamba District,Lower Banta Chiefdom,Gbangbatoke CHC,CHC,,
Moyamba District,Lower Banta Chiefdom,Kanga (Lower Banta) MCHP,MCHP,,
Moyamba District,Lower Banta Chiefdom,Mokanji CHC,CHC,,
Moyamba District,Lower Banta Chiefdom,Mokotawa CHP,CHP,,
Moyamba District,Lower Banta Chiefdom,Moriba Town (Lower Banta) CHC,CHC,,
Moyamba District,Lower Banta Chiefdom,Moriba Town (Lower Banta) CHP,CHP,,
Moyamba District,Lower Banta Chiefdom,Mosenesie Junction CHP,CHP,,
Moyamba District,Lower Banta Chiefdom,Njagbahun (Lower Banta) MCHP,MCHP,,
Moyamba District,Ribbi Chiefdom,Bradford CHC,CHC,,
Moyamba District,Ribbi Chiefdom,Ferry CHP,CHP,,
Moyamba District,Ribbi Chiefdom,Mabang (Ribbi) MCHP,MCHP,,
Moyamba District,Ribbi Chiefdom,Mogbongisseh MCHP,MCHP,,
Moyamba District,Ribbi Chiefdom,Mokorbu MCHP,MCHP,,
Moyamba District,Ribbi Chiefdom,Motoni CHC,CHC,,
Moyamba District,Ribbi Chiefdom,Motoni MCHP,MCHP,,
Moyamba District,Ribbi Chiefdom,Motonkoh MCHP,MCHP,,
Moyamba District,Ribbi Chiefdom,Rokolor MCHP,MCHP,,
Moyamba District,Ribbi Chiefdom,Suen CHP,CHP,,
Moyamba District,Timdale Chiefdom,Bomotoke CHC,CHC,,
Moyamba District,Timdale Chiefdom,Mokaiyamba MCHP,MCHP,,
Moyamba District,Timdale Chiefdom,Mokpanabom MCHP,MCHP,,
Moyamba District,Timdale Chiefdom,Mosagbeh MCHP,MCHP,,
Moyamba District,Timdale Chiefdom,Mosanda CHP,CHP,,
Moyamba District,Upper Banta Chiefdom,Children of the Nation Ngolala CHP,CHP,,
Moyamba District,Upper Banta Chiefdom,Gondama (Upper Banta) MCHP,MCHP,,
Moyamba District,Upper Banta Chiefdom,Modonkor CHP,CHP,,
Moyamba District,Upper Banta Chiefdom,Mogomgbe MCHP,MCHP,,
Moyamba District,Upper Banta Chiefdom,Mokelleh CHC,CHC,,
Port Loko District,Bake-Loko Chiefdom,Gbonkoh Kereneh MCHP,MCHP,,
Port Loko District,Bake-Loko Chiefdom,Kamaranka Under Fives CHP,CHP,,
Port Loko District,Bake-Loko Chiefdom,Malal CHP,CHP,,
Port Loko District,Bake-Loko Chiefdom,Sierra Leone Church Maforki CHP,CHP,,
Port Loko District,Bureh Chiefdom,Bureh MCHP,MCHP,,
Port Loko District,Bureh Chiefdom,Kalangba (Bureh) MCHP,MCHP,,
Port Loko District,Bureh Chiefdom,Mange CHC,CHC,,
Port Loko District,Bureh Chiefdom,Masseseh MCHP,MCHP,,
Port Loko District,Kaffu Bullom Chiefdom,Conakry Dee CHC,CHC,,
Port Loko District,Kaffu Bullom Chiefdom,Evans CHC,CHC,,
Port Loko District,Kaffu Bullom Chiefdom,Gbaneh Bana CHP,CHP,,
Port Loko District,Kaffu Bullom Chiefdom,Gbaneh Lol MCHP,MCHP,,
Port Loko District,Kaffu Bullom Chiefdom,Kasongha CHP,CHP,,
Port Loko District,Kaffu Bullom Chiefdom,Lungi Under Fives CHP,CHP,,
Port Loko District,Kaffu Bullom Chiefdom,Mahera CHC,CHC,,
Port Loko District,Kaffu Bullom Chiefdom,Mamankie MCHP,MCHP,,
Port Loko District,Kaffu Bullom Chiefdom,Mkamsondo MCHP,MCHP,,
Port Loko District,Kaffu Bullom Chiefdom,Modia CHC,CHC,,
Port Loko District,Kaffu Bullom Chiefdom,St John of God CHP,CHP,,
Port Loko District,Kaffu Bullom Chiefdom,Tagrin CHC,CHC,,
Port Loko District,Kaffu Bullom Chiefdom,Yongoro CHC,CHC,,
Port Loko District,Kamasondo Chiefdom,Benkia MCHP,MCHP,,
Port Loko District,Kamasondo Chiefdom,Bundulai MCHP,MCHP,,
Port Loko District,Kamasondo Chiefdom,Katongha MCHP,MCHP,,
Port Loko District,Kamasondo Chiefdom,Konta Wallah CHC,CHC,,
Port Loko District,Kamasondo Chiefdom,Malap CHP,CHP,,
Port Loko District,Kamasondo Chiefdom,Mana 2 CHP,CHP,,
Port Loko District,Kamasondo Chiefdom,Mapillah MCHP,MCHP,,
Port Loko District,Kamasondo Chiefdom,Pepel CHC,CHC,,
Port Loko District,Kasseh Chiefdom,Barmoi CHP,CHP,,
Port Loko District,Kasseh Chiefdom,Kagbantama CHP,CHP,,
Port Loko District,Kasseh Chiefdom,Kawengha MCHP,MCHP,,
Port Loko District,Kasseh Chiefdom,Rogballan (Kasseh) MCHP,MCHP,,
Port Loko District,Kasseh Chiefdom,Romeni MCHP,MCHP,,
Port Loko District,Koya (Port Loko) Chiefdom,Kissy Koya MCHP,MCHP,,
Port Loko District,Koya (Port Loko) Chiefdom,Komrabai Ngolla CHP,CHP,,
Port Loko District,Koya (Port Loko) Chiefdom,Kurankoh CHP,CHP,,
Port Loko District,Koya (Port Loko) Chiefdom,M'baimba Adama MCHP,MCHP,,
Port Loko District,Koya (Port Loko) Chiefdom,Mabora MCHP,MCHP,,
Port Loko District,Koya (Port Loko) Chiefdom,Magbeni MCHP,MCHP,,
Port Loko District,Koya (Port Loko) Chiefdom,Makalie MCHP,MCHP,,
Port Loko District,Koya (Port Loko) Chiefdom,Makarankay CHP,CHP,,
Port Loko District,Koya (Port Loko) Chiefdom,Makiteh (Koya) CHP,CHP,,
Port Loko District,Koya (Port Loko) Chiefdom,Malenki MCHP,MCHP,,
Port Loko District,Koya (Port Loko) Chiefdom,Masiaka (Koya) CHC,CHC,,
Port Loko District,Koya (Port Loko) Chiefdom,Masumana CHP,CHP,,
Port Loko District,Koya (Port Loko) Chiefdom,Mawoma MCHP,MCHP,,
Port Loko District,Koya (Port Loko) Chiefdom,Mile 38 CHC,CHC,,
Port Loko District,Koya (Port Loko) Chiefdom,Rofoindu CHP,CHP,,
Port Loko District,Koya (Port Loko) Chiefdom,Rokon MCHP,MCHP,,
Port Loko District,Koya (Port Loko) Chiefdom,Sumbuya (Koya) CHP,CHP,,
Port Loko District,Koya (Port Loko) Chiefdom,Warima (Koya) MCHP,MCHP,,
Port Loko District,Lokomasama Chiefdom,Babara CHC,CHC,,
Port Loko District,Lokomasama Chiefdom,Bailor CHP,CHP,,
Port Loko District,Lokomasama Chiefdom,Gbainty Wallah CHP,CHP,,
Port Loko District,Lokomasama Chiefdom,Kalangba (Lokomasama) MCHP,MCHP,,
Port Loko District,Lokomasama Chiefdom,Kargbulor CHP,CHP,,
Port Loko District,Lokomasama Chiefdom,Masulamani CHP,CHP,,
Port Loko District,Lokomasama Chiefdom,Mathen MCHP,MCHP,,
Port Loko District,Lokomasama Chiefdom,Menika CHP,CHP,,
Port Loko District,Lokomasama Chiefdom,Musaia (Lokomasama) CHP,CHP,,
Port Loko District,Lokomasama Chiefdom,Petifu Junction CHC,CHC,,
Port Loko District,Maconteh Chiefdom,Mabain MCHP,MCHP,,
Port Loko District,Maconteh Chiefdom,Minthomore CHP,CHP,,
Port Loko District,Maforki Chiefdom,Mabonie CHP,CHP,,
Port Loko District,Maforki Chiefdom,Mafoimara CHP,CHP,,
Port Loko District,Maforki Chiefdom,Maforay (Maforki) MCHP,MCHP,,
Port Loko District,Maforki Chiefdom,Magbengbenra MCHP,MCHP,,
Port Loko District,Maforki Chiefdom,Makaba MCHP,MCHP,,
Port Loko District,Maforki Chiefdom,Mapawn MCHP,MCHP,,
Port Loko District,Maforki Chiefdom,Maronko MCHP,MCHP,,
Port Loko District,Maforki Chiefdom,New Maforki CHP,CHP,,
Port Loko District,Maforki Chiefdom,Petifu (Maforki) MCHP,MCHP,,
Port Loko District,Maforki Chiefdom,Rogbere Junction CHC,CHC,,
Port Loko District,Makama Chiefdom,Kambia Makama CHP,CHP,,
Port Loko District,Makama Chiefdom,Malekuray CHC,CHC,,
Port Loko District,Marampa Chiefdom,Lunsar CHC,CHC,,
Port Loko District,Marampa Chiefdom,Magbele MCHP,MCHP,,
Port Loko District,Marampa Chiefdom,Magbill CHP,CHP,,
Port Loko District,Marampa Chiefdom,Makabo MCHP,MCHP,,
Port Loko District,Marampa Chiefdom,Mamusa MCHP,MCHP,,
Port Loko District,Marampa Chiefdom,Mange Acre CHC,CHC,,
Port Loko District,Marampa Chiefdom,Rolembray MCHP,MCHP,,
Port Loko District,Masimera Chiefdom,Katick CHP,CHP,,
Port Loko District,Masimera Chiefdom,Konta Line CHC,CHC,,
Port Loko District,Masimera Chiefdom,Mamaligie MCHP,MCHP,,
Port Loko District,Masimera Chiefdom,Masimera CHC,CHC,,
Port Loko District,Masimera Chiefdom,Mathineh CHP,CHP,,
Port Loko District,Masimera Chiefdom,Mayola Lal Ratun MCHP,MCHP,,
Port Loko District,Masimera Chiefdom,Mayombo MCHP,MCHP,,
Port Loko District,Masimera Chiefdom,Nonkoba CHP,CHP,,
Port Loko District,Masimera Chiefdom,Rokassa CHC,CHC,,
Port Loko District,Masimera Chiefdom,Rokel (Masimera) MCHP,MCHP,,
Port Loko District,Masimera Chiefdom,Rotheren MCHP,MCHP,,
Port Loko District,Masimera Chiefdom,Rothuma MCHP,MCHP,,
Port Loko District,Masimera Chiefdom,Royeiben CHP,CHP,,
Port Loko District,Port Loko City,Port Loko Under Fives CHP,CHP,,
Port Loko District,Tainkatopa Chiefdom,Asheea MCHP,MCHP,,
Port Loko District,Tainkatopa Chiefdom,Robaka MCHP,MCHP,,
Port Loko District,Tainkatopa Chiefdom,Rogbaneh MCHP,MCHP,,
Pujehun District,Barri Chiefdom,Bandasuma (Barri) CHC,CHC,,
Pujehun District,Barri Chiefdom,Jeoma Barri MCHP,MCHP,,
Pujehun District,Barri Chiefdom,Konia (Barri) MCHP,MCHP,,
Pujehun District,Barri Chiefdom,Kundorwahun CHP,CHP,,
Pujehun District,Barri Chiefdom,Njaluahun (Barri) CHP,CHP,,
Pujehun District,Barri Chiefdom,Potoru CHC,CHC,,
Pujehun District,Barri Chiefdom,Saahun (Barri) MCHP,MCHP,,
Pujehun District,Barri Chiefdom,Tambeiyama MCHP,MCHP,,
Pujehun District,Barri Chiefdom,Taninahun (Barri) MCHP,MCHP,,
Pujehun District,Barri Chiefdom,Vaama (Barri) CHP,CHP,,
Pujehun District,Barri Chiefdom,Waiima (Barri) MCHP,MCHP,,
Pujehun District,Galliness Chiefdom,Bandama (Galliness) MCHP,MCHP,,
Pujehun District,Galliness Chiefdom,Blama Massaquoi CHC,CHC,,
Pujehun District,Galliness Chiefdom,Fonikoh MCHP,MCHP,,
Pujehun District,Galliness Chiefdom,Funyehun CHP,CHP,,
Pujehun District,Galliness Chiefdom,Kpetema (Galliness) MCHP,MCHP,,
Pujehun District,Galliness Chiefdom,Kpowubu MCHP,MCHP,,
Pujehun District,Galliness Chiefdom,Makorma CHP,CHP,,
Pujehun District,Kabonde Chiefdom,Pehala CHC,CHC,,
Pujehun District,Kpaka Chiefdom,Liya MCHP,MCHP,,
Pujehun District,Kpaka Chiefdom,Massam CHC,CHC,,
Pujehun District,Kpaka Chiefdom,Saahun (Kpaka) MCHP,MCHP,,
Pujehun District,Kpaka Chiefdom,Semabu (Kpaka) MCHP,MCHP,,
Pujehun District,Kpaka Chiefdom,Sumbuya Bessima CHP,CHP,,
Pujehun District,Kpanga Chiefdom,Basalleh MCHP,MCHP,,
Pujehun District,Kpanga Chiefdom,Blama Puilla MCHP,MCHP,,
Pujehun District,Kpanga Chiefdom,Bomu Samba MCHP,MCHP,,
Pujehun District,Kpanga Chiefdom,Dandabu CHP,CHP,,
Pujehun District,Kpanga Chiefdom,Gbondapi CHC,CHC,,
Pujehun District,Kpanga Chiefdom,Gibina MCHP,MCHP,,
Pujehun District,Kpanga Chiefdom,Mandeima MCHP,MCHP,,
Pujehun District,Kpanga Chiefdom,Pujehun Static CHC,CHC,,
Pujehun District,Kpanga Chiefdom,Salima Samba MCHP,MCHP,,
Pujehun District,Kpanga Chiefdom,Sawula MCHP,MCHP,,
Pujehun District,Kpanga Chiefdom,Sorbeh Grima MCHP,MCHP,,
Pujehun District,Kpanga Chiefdom,Taninahun Makemuma MCHP,MCHP,,
Pujehun District,Kpanga Chiefdom,Tongay MCHP,MCHP,,
Pujehun District,Kpanga Chiefdom,Vawahun Kayimba MCHP,MCHP,,
Pujehun District,Kpanga Krim Chiefdom,Bayama MCHP,MCHP,,
Pujehun District,Kpanga Krim Chiefdom,Borborbu MCHP,MCHP,,
Pujehun District,Kpanga Krim Chiefdom,Gobaru CHC,CHC,,
Pujehun District,Kpanga Krim Chiefdom,Vaama (Kpanga Krim) MCHP,MCHP,,
Pujehun District,Makpele Chiefdom,Dumagbe MCHP,MCHP,,
Pujehun District,Makpele Chiefdom,Gbaa (Makpele) CHP,CHP,,
Pujehun District,Makpele Chiefdom,Gbahama (Makpele) MCHP,MCHP,,
Pujehun District,Makpele Chiefdom,Gissiwolo MCHP,MCHP,,
Pujehun District,Makpele Chiefdom,Gofor CHP,CHP,,
Pujehun District,Makpele Chiefdom,Ndombu MCHP,MCHP,,
Pujehun District,Makpele Chiefdom,Pewa MCHP,MCHP,,
Pujehun District,Makpele Chiefdom,Zimmi CHC,CHC,,
Pujehun District,Malen Chiefdom,Bendu (Malen) MCHP,MCHP,,
Pujehun District,Malen Chiefdom,Hongai CHP,CHP,,
Pujehun District,Malen Chiefdom,Jao (Malen) MCHP,MCHP,,
Pujehun District,Malen Chiefdom,Ngandorhun MCHP,MCHP,,
Pujehun District,Malen Chiefdom,Nianyahun MCHP,MCHP,,
Pujehun District,Malen Chiefdom,Nyandehun (Malen) MCHP,MCHP,,
Pujehun District,Malen Chiefdom,Sahn (Malen) CHC,CHC,,
Pujehun District,Malen Chiefdom,Sengema (Malen) CHP,CHP,,
Pujehun District,Malen Chiefdom,Taninahun (Malen) CHP,CHP,,
Pujehun District,Mano Sakrim Chiefdom,Bengani MCHP,MCHP,,
Pujehun District,Mano Sakrim Chiefdom,Gombu MCHP,MCHP,,
Pujehun District,Mano Sakrim Chiefdom,Kassay MCHP,MCHP,,
Pujehun District,Mano Sakrim Chiefdom,Mano Gbongema CHC,CHC,,
Pujehun District,Mano Sakrim Chiefdom,Mende MSK MCHP,MCHP,,
Pujehun District,Mano Sakrim Chiefdom,Nyandehun (Mano Sakrim) MCHP,MCHP,,
Pujehun District,Mano Sakrim Chiefdom,Senbengu MCHP,MCHP,,
Pujehun District,Peje Chiefdom,Bongay MCHP,MCHP,,
Pujehun District,Peje Chiefdom,Bumbeh MCHP,MCHP,,
Pujehun District,Peje Chiefdom,Futa Pejeh CHC,CHC,,
Pujehun District,Peje Chiefdom,Helebu Pejeh MCHP,MCHP,,
Pujehun District,Peje Chiefdom,Pejewa (Futa Peje) MCHP,MCHP,,
Pujehun District,Perri Chiefdom,Blama Perri MCHP,MCHP,,
Pujehun District,Perri Chiefdom,Bomi MCHP,MCHP,,
Pujehun District,Perri Chiefdom,Bumpeh (Perri) CHC,CHC,,
Pujehun District,Perri Chiefdom,Falaba CHP,CHP,,
Pujehun District,Perri Chiefdom,Kowama (Perri) MCHP,MCHP,,
Pujehun District,Perri Chiefdom,Ngajubaoma/Missibu MCHP,MCHP,,
Pujehun District,Perri Chiefdom,Saama Perri MCHP,MCHP,,
Pujehun District,Soro Gbeima Chiefdom,Fairo CHC,CHC,,
Pujehun District,Soro Gbeima Chiefdom,Fanima (Soro) CHP,CHP,,
Pujehun District,Soro Gbeima Chiefdom,Futa Golawoma MCHP,MCHP,,
Pujehun District,Soro Gbeima Chiefdom,Gondama Massaquoi MCHP,MCHP,,
Pujehun District,Soro Gbeima Chiefdom,Jendema CHC,CHC,,
Pujehun District,Soro Gbeima Chiefdom,Koijeh MCHP,MCHP,,
Pujehun District,Soro Gbeima Chiefdom,Malema 1 MCHP,MCHP,,
Pujehun District,Soro Gbeima Chiefdom,Malema 2 MCHP,MCHP,,
Pujehun District,Soro Gbeima Chiefdom,Navai MCHP,MCHP,,
Pujehun District,Soro Gbeima Chiefdom,Sengama Soro MCHP,MCHP,,
Pujehun District,Soro Gbeima Chiefdom,Sulima CHP,CHP,,
Pujehun District,Soro Gbeima Chiefdom,Tindor MCHP,MCHP,,
Pujehun District,Soro Gbeima Chiefdom,Wai MCHP,MCHP,,
Pujehun District,Sowa Chiefdom,Bandajuma Sowa CHC,CHC,,
Pujehun District,Sowa Chiefdom,Geoma Jarjoh CHP,CHP,,
Pujehun District,Sowa Chiefdom,Lower Komende MCHP,MCHP,,
Pujehun District,Sowa Chiefdom,Upper Komende MCHP,MCHP,,
Pujehun District,Sowa Chiefdom,Vaawahun Sowa MCHP,MCHP,,
Pujehun District,Yakemoh Kpukumu Krim Chiefdom,Bangorma MCHP,MCHP,,
Pujehun District,Yakemoh Kpukumu Krim Chiefdom,Borma (Yakemu Kpukumu) MCHP,MCHP,,
Pujehun District,Yakemoh Kpukumu Krim Chiefdom,Karlu CHC,CHC,,
Pujehun District,Yakemoh Kpukumu Krim Chiefdom,Kombeima MCHP,MCHP,,
Pujehun District,Yakemoh Kpukumu Krim Chiefdom,Kombopi MCHP,MCHP,,
Pujehun District,Yakemoh Kpukumu Krim Chiefdom,Messima MCHP,MCHP,,
Pujehun District,Yakemoh Kpukumu Krim Chiefdom,Saama Sowunde MCHP,MCHP,,
Tonkolili District,Dansogoia Chiefdom,Bassaia MCHP,MCHP,,
Tonkolili District,Dansogoia Chiefdom,Bumbuna CHC,CHC,,
Tonkolili District,Dansogoia Chiefdom,Kemedugu MCHP,MCHP,,
Tonkolili District,Dansogoia Chiefdom,New Ferengbeya CHP,CHP,,
Tonkolili District,Gbokolenken Masankong Chiefdom,Mansumana CHP,CHP,,
Tonkolili District,Gbokolenken Masankong Chiefdom,Warrima (Gbonkolenken) MCHP,MCHP,,
Tonkolili District,Gbokolenken Mayeppoh Chiefdom,Makonkorie CHP,CHP,,
Tonkolili District,Gbokolenken Mayeppoh Chiefdom,Mayepoh CHC,CHC,,
Tonkolili District,Gbokolenken Mayeppoh Chiefdom,Mayepoh CHP,CHP,,
Tonkolili District,Gbokolenken Mayeppoh Chiefdom,Petifu Mayepoh MCHP,MCHP,,
Tonkolili District,Gbokolenken Polie Chiefdom,Mabankra MCHP,MCHP,,
Tonkolili District,Gbokolenken Polie Chiefdom,Mabarr Polie MCHP,MCHP,,
Tonkolili District,Gbokolenken Polie Chiefdom,Magbolu Ferry MCHP,MCHP,,
Tonkolili District,Gbokolenken Polie Chiefdom,Maraka MCHP,MCHP,,
Tonkolili District,Gbokolenken Polie Chiefdom,Mathamp MCHP,MCHP,,
Tonkolili District,Gbokolenken Yele Chiefdom,Mafay MCHP,MCHP,,
Tonkolili District,Gbokolenken Yele Chiefdom,Manowo CHC,CHC,,
Tonkolili District,Gbokolenken Yele Chiefdom,Yeben MCHP,MCHP,,
Tonkolili District,Gbokolenken Yele Chiefdom,Yele CHC,CHC,,
Tonkolili District,Kafe Chiefdom,Kamarugu MCHP,MCHP,,
Tonkolili District,Kafe Chiefdom,Masumbrie CHC,CHC,,
Tonkolili District,Kalantuba Chiefdom,Kamasaypana MCHP,MCHP,,
Tonkolili District,Kalantuba Chiefdom,Kathombo MCHP,MCHP,,
Tonkolili District,Kholifa Mabang Chiefdom,Komrabai Station MCHP,MCHP,,
Tonkolili District,Kholifa Mabang Chiefdom,Mabai (Kholifa Mabang) MCHP,MCHP,,
Tonkolili District,Kholifa Mabang Chiefdom,Mabang (Kholifa Mabang) CHC,CHC,,
Tonkolili District,Kholifa Mabang Chiefdom,Mamanso Kafla MCHP,MCHP,,
Tonkolili District,Kholifa Mabang Chiefdom,Marunia MCHP,MCHP,,
Tonkolili District,Kholifa Mabang Chiefdom,Mathinkalol MCHP,MCHP,,
Tonkolili District,Kholifa Mamuntha Chiefdom,Maborie MCHP,MCHP,,
Tonkolili District,Kholifa Mamuntha Chiefdom,Magbass CHP,CHP,,
Tonkolili District,Kholifa Mamuntha Chiefdom,Mamuntha MCHP,MCHP,,
Tonkolili District,Kholifa Mamuntha Chiefdom,Masagbill MCHP,MCHP,,
Tonkolili District,Kholifa Mamuntha Chiefdom,Masoko MCHP,MCHP,,
Tonkolili District,Kholifa Mamuntha Chiefdom,Mayossoh MCHP,MCHP,,
Tonkolili District,Kholifa Rowalla Chiefdom,Alim MCHP,MCHP,,
Tonkolili District,Kholifa Rowalla Chiefdom,Mabai (Kholifa Rowalla) MCHP,MCHP,,
Tonkolili District,Kholifa Rowalla Chiefdom,Mabom CHC,CHC,,
Tonkolili District,Kholifa Rowalla Chiefdom,Malone MCHP,MCHP,,
Tonkolili District,Kholifa Rowalla Chiefdom,Masanga MCHP,MCHP,,
Tonkolili District,Kunike Barina Chiefdom,Makali CHC,CHC,,
Tonkolili District,Kunike Barina Chiefdom,Makoni Line MCHP,MCHP,,
Tonkolili District,Kunike Barina Chiefdom,Mapamurie MCHP,MCHP,,
Tonkolili District,Kunike Barina Chiefdom,Massaba MCHP,MCHP,,
Tonkolili District,Kunike Barina Chiefdom,Wonkibor MCHP,MCHP,,
Tonkolili District,Kunike Fulawusu Chiefdom,Fothaneh Bana MCHP,MCHP,,
Tonkolili District,Kunike Fulawusu Chiefdom,Mafulka MCHP,MCHP,,
Tonkolili District,Kunike Fulawusu Chiefdom,Magbanabom MCHP,MCHP,,
Tonkolili District,Kunike Fulawusu Chiefdom,Magbanto Bana MCHP,MCHP,,
Tonkolili District,Kunike Fulawusu Chiefdom,Mamanso Sanka CHP,CHP,,
Tonkolili District,Kunike Fulawusu Chiefdom,Petifu Mandugu MCHP,MCHP,,
Tonkolili District,Kunike Sanda Chiefdom,Fothaneh Junction MCHP,MCHP,,
Tonkolili District,Kunike Sanda Chiefdom,Kamanthor MCHP,MCHP,,
Tonkolili District,Kunike Sanda Chiefdom,Mabineh MCHP,MCHP,,
Tonkolili District,Kunike Sanda Chiefdom,Maconteh Tama MCHP,MCHP,,
Tonkolili District,Kunike Sanda Chiefdom,Masiaka (Kunike Sanda) MCHP,MCHP,,
Tonkolili District,Kunike Sanda Chiefdom,Masingbi CHC,CHC,,
Tonkolili District,Kunike Sanda Chiefdom,Matholey MCHP,MCHP,,
Tonkolili District,Kunike Sanda Chiefdom,Petifuline CHP,CHP,,
Tonkolili District,Malal Chiefdom,Makoba Bana MCHP,MCHP,,
Tonkolili District,Malal Chiefdom,Robina CHP,CHP,,
Tonkolili District,Malal Chiefdom,Rochen Malal CHP,CHP,,
Tonkolili District,Sambaya Bendugu Chiefdom,Bendugu CHC,CHC,,
Tonkolili District,Sambaya Bendugu Chiefdom,Dankawalia CHP,CHP,,
Tonkolili District,Sambaya Bendugu Chiefdom,Kholifaga MCHP,MCHP,,
Tonkolili District,Sambaya Bendugu Chiefdom,Kunya CHP,CHP,,
Tonkolili District,Sambaya Bendugu Chiefdom,Ninkikoro MCHP,MCHP,,
Tonkolili District,Simiria Chiefdom,Mabontor CHC,CHC,,
Tonkolili District,Simiria Chiefdom,Mabontor CHP,CHP,,
Tonkolili District,Simiria Chiefdom,Makonthanday MCHP,MCHP,,
Tonkolili District,Simiria Chiefdom,Masumbrie CHC,CHC,,
Tonkolili District,Simiria Chiefdom,Mayassoh MCHP,MCHP,,
Tonkolili District,Tane Chiefdom,Makelleh MCHP,MCHP,,
Tonkolili District,Tane Chiefdom,Makona MCHP,MCHP,,
Tonkolili District,Tane Chiefdom,Makrugbeh CHP,CHP,,
Tonkolili District,Tane Chiefdom,Mananthelie MCHP,MCHP,,
Tonkolili District,Tane Chiefdom,Mangaybana MCHP,MCHP,,
Tonkolili District,Tane Chiefdom,Masankoro MCHP,MCHP,,
Tonkolili District,Tane Chiefdom,Mathonkara MCHP,MCHP,,
Tonkolili District,Tane Chiefdom,Mathufulie MCHP,MCHP,,
Tonkolili District,Tane Chiefdom,Matotoka CHC,CHC,,
Tonkolili District,Tane Chiefdom,Rosengbeh MCHP,MCHP,,
Tonkolili District,Yoni Mabanta Chiefdom,Bakeloko CHP,CHP,,
Tonkolili District,Yoni Mabanta Chiefdom,Bath Bana MCHP,MCHP,,
Tonkolili District,Yoni Mabanta Chiefdom,Magbaesa MCHP,MCHP,,
Tonkolili District,Yoni Mabanta Chiefdom,Magbaft MCHP,MCHP,,
Tonkolili District,Yoni Mabanta Chiefdom,Magbassabana MCHP,MCHP,,
Tonkolili District,Yoni Mabanta Chiefdom,Magbosie MCHP,MCHP,,
Tonkolili District,Yoni Mabanta Chiefdom,Makeni-Rokfullah MCHP,MCHP,,
Tonkolili District,Yoni Mabanta Chiefdom,Makundu MCHP,MCHP,,
Tonkolili District,Yoni Mabanta Chiefdom,Matawa MCHP,MCHP,,
Tonkolili District,Yoni Mabanta Chiefdom,Petifu Fulamasa CHP,CHP,,
Tonkolili District,Yoni Mabanta Chiefdom,Robarie MCHP,MCHP,,
Tonkolili District,Yoni Mabanta Chiefdom,Ronietta MCHP,MCHP,,
Tonkolili District,Yoni Mabanta Chiefdom,Rorocks CHC,CHC,,
Tonkolili District,Yoni Mamala Chiefdom,Bonkababay CHP,CHP,,
Tonkolili District,Yoni Mamala Chiefdom,Foindu (Yoni Mamala) MCHP,MCHP,,
Tonkolili District,Yoni Mamala Chiefdom,Hinistas CHC,CHC,,
Tonkolili District,Yoni Mamala Chiefdom,Kumrabai Yoni CHP,CHP,,
Tonkolili District,Yoni Mamala Chiefdom,Macrogba CHP,CHP,,
Tonkolili District,Yoni Mamala Chiefdom,Magboki Road Mile 91 CHP,CHP,,
Tonkolili District,Yoni Mamala Chiefdom,Magbosie MCHP,MCHP,,
Tonkolili District,Yoni Mamala Chiefdom,Makelleh CHP,CHP,,
Tonkolili District,Yoni Mamala Chiefdom,Mamaka (Yoni Mamala) MCHP,MCHP,,
Tonkolili District,Yoni Mamala Chiefdom,Mananie MCHP,MCHP,,
Tonkolili District,Yoni Mamala Chiefdom,Masengbeh CHP,CHP,,
Tonkolili District,Yoni Mamala Chiefdom,Maseperr MCHP,MCHP,,
Tonkolili District,Yoni Mamala Chiefdom,Mathoir CHC,CHC,,
Tonkolili District,Yoni Mamala Chiefdom,Mayorgbor MCHP,MCHP,,
Tonkolili District,Yoni Mamala Chiefdom,Rochen Kamandao CHP,CHP,,
Tonkolili District,Yoni Mamala Chiefdom,Rokimbi MCHP,MCHP,,
Tonkolili District,Yoni Mamala Chiefdom,United Methodist Church Yonibana CHC,CHC,,
Tonkolili District,Yoni Mamala Chiefdom,Yonibana MCHP,MCHP,,
Western Area Rural District,Koya Rural Zone,Crossing MCHP,MCHP,,
Western Area Rural District,Koya Rural Zone,Fogbo (Koya Rural) MCHP,MCHP,,
Western Area Rural District,Koya Rural Zone,Madaka MCHP,MCHP,,
Western Area Rural District,Koya Rural Zone,Makobeh MCHP,MCHP,,
Western Area Rural District,Koya Rural Zone,Makonkonday MCHP,MCHP,,
Western Area Rural District,Koya Rural Zone,Malambay CHP,CHP,,
Western Area Rural District,Koya Rural Zone,Masorie CHP,CHP,,
Western Area Rural District,Koya Rural Zone,MedZain MCHP,MCHP,,
Western Area Rural District,Koya Rural Zone,Newton CHC,CHC,,
Western Area Rural District,Koya Rural Zone,Songo CHC,CHC,,
Western Area Rural District,Mountain Rural Zone,Charlotte CHP,CHP,,
Western Area Rural District,Mountain Rural Zone,Fourah Bay College CHC,CHC,,
Western Area Rural District,Mountain Rural Zone,Gloucester CHP,CHP,,
Western Area Rural District,Mountain Rural Zone,Leicester (Mountain Rural) CHP,CHP,,
Western Area Rural District,Mountain Rural Zone,Regent (Mountain Rural) CHC,CHC,,
Western Area Rural District,Waterloo Rural Zone,Benguema Grassfield MCHP,MCHP,,
Western Area Rural District,Waterloo Rural Zone,Campbell Town CHP,CHP,,
Western Area Rural District,Waterloo Rural Zone,Cashew Farm MCHP,MCHP,,
Western Area Rural District,Waterloo Rural Zone,Deep Eye Water MCHP,MCHP,,
Western Area Rural District,Waterloo Rural Zone,Grafton CHC,CHC,,
Western Area Rural District,Waterloo Rural Zone,Hastings CHC,CHC,,
Western Area Rural District,Waterloo Rural Zone,John Thorpe MCHP,MCHP,,
Western Area Rural District,Waterloo Rural Zone,Kissy Town CHP,CHP,,
Western Area Rural District,Waterloo Rural Zone,Lumpa CHP,CHP,,
Western Area Rural District,Waterloo Rural Zone,Mabureh CHP,CHP,,
Western Area Rural District,Waterloo Rural Zone,MacDonald MCHP,MCHP,,
Western Area Rural District,Waterloo Rural Zone,Margaret and Johnny MCHP,MCHP,,
Western Area Rural District,Waterloo Rural Zone,Matainkay and Masantigie MCHP,MCHP,,
Western Area Rural District,Waterloo Rural Zone,MedZain MCHP,MCHP,,
Western Area Rural District,Waterloo Rural Zone,New London MCHP,MCHP,,
Western Area Rural District,Waterloo Rural Zone,Rogbangba MCHP,MCHP,,
Western Area Rural District,Waterloo Rural Zone,Rokel (Waterloo Rural) CHP,CHP,,
Western Area Rural District,Waterloo Rural Zone,TECT Jui CHP,CHP,,
Western Area Rural District,Waterloo Rural Zone,Waterloo CHC,CHC,,
Western Area Rural District,Waterloo Rural Zone,White Stone MCHP,MCHP,,
Western Area Rural District,Waterloo Rural Zone,Yams Farm CHP,CHP,,
Western Area Rural District,York Rural Zone,Adonkia CHP,CHP,,
Western Area Rural District,York Rural Zone,Banana Island MCHP,MCHP,,
Western Area Rural District,York Rural Zone,Goderich CHC,CHC,,
Western Area Rural District,York Rural Zone,Hamilton MCHP,MCHP,,
Western Area Rural District,York Rural Zone,Kent CHP,CHP,,
Western Area Rural District,York Rural Zone,Lakka/Ogoo Farm CHC,CHC,,
Western Area Rural District,York Rural Zone,Mambo CHP,CHP,,
Western Area Rural District,York Rural Zone,Metchen MCHP,MCHP,,
Western Area Rural District,York Rural Zone,Sussex MCHP,MCHP,,
Western Area Rural District,York Rural Zone,Tissana (York Rural) MCHP,MCHP,,
Western Area Rural District,York Rural Zone,Tokeh MCHP,MCHP,,
Western Area Rural District,York Rural Zone,Tombo (York Rural) CHC,CHC,,
Western Area Rural District,York Rural Zone,York CHC,CHC,,
Western Area Urban District,Central 1 Zone,Blessed Mokaba Central CHP,CHP,,
Western Area Urban District,Central 1 Zone,Parliament CHC,CHC,,
Western Area Urban District,Central 1 Zone,Susan's Bay CHC,CHC,,
Western Area Urban District,Central 2 Zone,Kroo Bay CHC,CHC,,
Western Area Urban District,East 1 Zone,Fourah Bay Community MCHP,MCHP,,
Western Area Urban District,East 1 Zone,Kargbo Dockyard CHP,CHP,,
Western Area Urban District,East 1 Zone,Mabella CHC,CHC,,
Western Area Urban District,East 1 Zone,Ola During Under Fives CHP,CHP,,
Western Area Urban District,East 1 Zone,Principal Medical Office (Cline Town) CHP,CHP,,
Western Area Urban District,East 1 Zone,Ross Road CHC,CHC,,
Western Area Urban District,East 2 Zone,Coconut Farm MCHP,MCHP,,
Western Area Urban District,East 2 Zone,Ginger Hall CHC,CHC,,
Western Area Urban District,East 2 Zone,Julipha Ashobie Corner MCHP,MCHP,,
Western Area Urban District,East 2 Zone,Mabella CHC,CHC,,
Western Area Urban District,East 2 Zone,Quarry MCHP,MCHP,,
Western Area Urban District,East 3 Zone,AWAKE CHP,CHP,,
Western Area Urban District,East 3 Zone,Ad-Bangs Quarry MCHP,MCHP,,
Western Area Urban District,East 3 Zone,Al-Khatab CHC,CHC,,
Western Area Urban District,East 3 Zone,Allen Town CHC,CHC,,
Western Area Urban District,East 3 Zone,Approved School CHC,CHC,,
Western Area Urban District,East 3 Zone,Calaba Town CHC,CHC,,
Western Area Urban District,East 3 Zone,Family Home Movement CHP,CHP,,
Western Area Urban District,East 3 Zone,Haja Neneh CHC,CHC,,
Western Area Urban District,East 3 Zone,Iscon CHP,CHP,,
Western Area Urban District,East 3 Zone,Kissy CHC,CHC,,
Western Area Urban District,East 3 Zone,Kola Tree MCHP,MCHP,,
Western Area Urban District,East 3 Zone,Koya Town CHC,CHC,,
Western Area Urban District,East 3 Zone,Kuntorloh CHP,CHP,,
Western Area Urban District,East 3 Zone,Looking Town MCHP,MCHP,,
Western Area Urban District,East 3 Zone,Madina (East 3) CHC,CHC,,
Western Area Urban District,East 3 Zone,Mayemi MCHP,MCHP,,
Western Area Urban District,East 3 Zone,Moyiba CHC,CHC,,
Western Area Urban District,East 3 Zone,Orugu MCHP,MCHP,,
Western Area Urban District,East 3 Zone,Rokupa Under Fives CHP,CHP,,
Western Area Urban District,East 3 Zone,St Joseph's CHC,CHC,,
Western Area Urban District,East 3 Zone,Tassoh MCHP,MCHP,,
Western Area Urban District,East 3 Zone,Thunder Hill MCHP,MCHP,,
Western Area Urban District,East 3 Zone,UPAL MCHP,MCHP,,
Western Area Urban District,East 3 Zone,Up-Wata CHP,CHP,,
Western Area Urban District,East 3 Zone,Wellington CHC,CHC,,
Western Area Urban District,West 1 Zone,Grey Bush CHC,CHC,,
Western Area Urban District,West 1 Zone,Kingtom Police Under Fives CHP,CHP,,
Western Area Urban District,West 1 Zone,St Anthony's CHC,CHC,,
Western Area Urban District,West 2 Zone,EPI Headquarter (New England) CHP,CHP,,
Western Area Urban District,West 2 Zone,George Brook CHC,CHC,,
Western Area Urban District,West 2 Zone,Grey Bush CHC,CHC,,
Western Area Urban District,West 2 Zone,Kingharman Road Under Fives CHP,CHP,,
Western Area Urban District,West 2 Zone,New England CHP,CHP,,
Western Area Urban District,West 3 Zone,Family CHP,CHP,,
Western Area Urban District,West 3 Zone,Hill Station CHP,CHP,,
Western Area Urban District,West 3 Zone,Juba Military (MI Room) CHP,CHP,,
Western Area Urban District,West 3 Zone,Lumley Under Fives CHP,CHP,,
Western Area Urban District,West 3 Zone,Malama MCHP,MCHP,,
Western Area Urban District,West 3 Zone,Murray Town (MI Room) CHP,CHP,,
Western Area Urban District,West 3 Zone,Murray Town CHC,CHC,,
Western Area Urban District,West 3 Zone,Pentagon CHP,CHP,,
Western Area Urban District,West 3 Zone,Scan Drive MCHP,MCHP,,
Western Area Urban District,West 3 Zone,Sea Coach Aberdeen CHC,CHC,,
Western Area Urban District,West 3 Zone,Signal Hill MCHP,MCHP,,
Western Area Urban District,West 3 Zone,Sunshine MCHP,MCHP,,
Western Area Urban District,West 3 Zone,Thompson Bay MCHP,MCHP,,
Western Area Urban District,West 3 Zone,Wilberforce CHC,CHC,,
